generator,image_id,label,score
sd_1_5,1016887272,0,0.05033063143491745
sd_1_5,1016887272,1,0.859663724899292
sd_1_5,7162685234,0,0.7745833992958069
sd_1_5,7162685234,1,0.04778006672859192
sd_1_5,3000017878,0,0.05834583565592766
sd_1_5,3000017878,1,0.8283842206001282
sd_1_5,4971484184,0,0.05921025201678276
sd_1_5,4971484184,1,0.8824278712272644
sd_1_5,92679312,0,0.07864238321781158
sd_1_5,92679312,1,0.9263036847114563
sd_1_5,2853682342,0,0.0534033328294754
sd_1_5,2853682342,1,0.7617157697677612
sd_1_5,5131842202,0,0.049958523362874985
sd_1_5,5131842202,1,0.6808785796165466
sd_1_5,4859170265,0,0.05146276578307152
sd_1_5,4859170265,1,0.4245312809944153
sd_1_5,2612125121,0,0.02822098508477211
sd_1_5,2612125121,1,0.46778759360313416
sd_1_5,3134644844,0,0.03384403511881828
sd_1_5,3134644844,1,0.8469578623771667
sd_1_5,316298162,0,0.027585284784436226
sd_1_5,316298162,1,0.5529320240020752
sd_1_5,3601843201,0,0.0534033328294754
sd_1_5,3601843201,1,0.929951012134552
sd_1_5,5086989679,0,0.12252321094274521
sd_1_5,5086989679,1,0.875361442565918
sd_1_5,1246863003,0,0.02843603491783142
sd_1_5,1246863003,1,0.5794004201889038
sd_1_5,2193001254,0,0.200557678937912
sd_1_5,2193001254,1,0.7490872144699097
sd_1_5,4283472819,0,0.04401865229010582
sd_1_5,4283472819,1,0.8418256044387817
sd_1_5,1117972841,0,0.14706452190876007
sd_1_5,1117972841,1,0.869714617729187
sd_1_5,48614561,0,0.05108273774385452
sd_1_5,48614561,1,0.8812065720558167
sd_1_5,6232601127,0,0.025371313095092773
sd_1_5,6232601127,1,0.4191129505634308
sd_1_5,4439654945,0,0.03963884338736534
sd_1_5,4439654945,1,0.5749915242195129
sd_1_5,269898428,0,0.023330768570303917
sd_1_5,269898428,1,0.13432104885578156
sd_1_5,2113592981,0,0.04146227240562439
sd_1_5,2113592981,1,0.9219217896461487
sd_1_5,1542970158,0,0.020645931363105774
sd_1_5,1542970158,1,0.34246155619621277
sd_1_5,4743795506,0,0.03488088771700859
sd_1_5,4743795506,1,0.6546739935874939
sd_1_5,1313961775,0,0.052618954330682755
sd_1_5,1313961775,1,0.7892336845397949
sd_1_5,4005756399,0,0.027376487851142883
sd_1_5,4005756399,1,0.17781086266040802
sd_1_5,4844409798,0,0.048496004194021225
sd_1_5,4844409798,1,0.12421300262212753
sd_1_5,4970590451,0,0.048136770725250244
sd_1_5,4970590451,1,0.9569571614265442
sd_1_5,2536995789,0,0.01640303246676922
sd_1_5,2536995789,1,0.0627892017364502
sd_1_5,2230134548,0,0.03488088771700859
sd_1_5,2230134548,1,0.7793218493461609
sd_1_5,1295719054,0,0.04672496020793915
sd_1_5,1295719054,1,0.3607141971588135
sd_1_5,407815946,0,0.07159119844436646
sd_1_5,407815946,1,0.914290726184845
sd_1_5,4726677489,0,0.046378206461668015
sd_1_5,4726677489,1,0.8484706878662109
sd_1_5,2431723485,0,0.05541279539465904
sd_1_5,2431723485,1,0.9678993225097656
sd_1_5,4686568156,0,0.030908960849046707
sd_1_5,4686568156,1,0.8449215292930603
sd_1_5,688926797,0,0.03308597952127457
sd_1_5,688926797,1,0.2727987766265869
sd_1_5,3245460937,0,0.053009770810604095
sd_1_5,3245460937,1,0.9278878569602966
sd_1_5,4759710534,0,0.06325051933526993
sd_1_5,4759710534,1,0.9669140577316284
sd_1_5,6338704,0,0.013955710455775261
sd_1_5,6338704,1,0.2560870945453644
sd_1_5,2723024306,0,0.038178276270627975
sd_1_5,2723024306,1,0.7690802216529846
sd_1_5,23473996,0,0.027169233188033104
sd_1_5,23473996,1,0.42333880066871643
sd_1_5,2831215155,0,0.07159119844436646
sd_1_5,2831215155,1,0.8692712783813477
sd_1_5,4682929932,0,0.057918086647987366
sd_1_5,4682929932,1,0.6500230431556702
sd_1_5,2736263351,0,0.024053553119301796
sd_1_5,2736263351,1,0.8349459171295166
sd_1_5,4376363559,0,0.05665242671966553
sd_1_5,4376363559,1,0.7872777581214905
sd_1_5,4937441878,0,0.018124720081686974
sd_1_5,4937441878,1,0.8122723698616028
sd_1_5,6386880789,0,0.04707418009638786
sd_1_5,6386880789,1,0.8227594494819641
sd_1_5,3698607223,0,0.05665242671966553
sd_1_5,3698607223,1,0.9492946267127991
sd_1_5,3134341610,0,0.06097518280148506
sd_1_5,3134341610,1,0.9462003111839294
sd_1_5,11551286,0,0.048136770725250244
sd_1_5,11551286,1,0.9674102663993835
sd_1_5,214166720,0,0.03704717382788658
sd_1_5,214166720,1,0.5506677627563477
sd_1_5,3179223972,0,0.0427221953868866
sd_1_5,3179223972,1,0.7453983426094055
sd_1_5,4540165999,0,0.04569203406572342
sd_1_5,4540165999,1,0.8918110132217407
sd_1_5,3217187564,0,0.04885777831077576
sd_1_5,3217187564,1,0.8158201575279236
sd_1_5,1097710887,0,0.05033063143491745
sd_1_5,1097710887,1,0.8940516710281372
sd_1_5,5138003138,0,0.0534033328294754
sd_1_5,5138003138,1,0.804405927658081
sd_1_5,2743465453,0,0.03704717382788658
sd_1_5,2743465453,1,0.13161905109882355
sd_1_5,4650780114,0,0.03676946461200714
sd_1_5,4650780114,1,0.8757869601249695
sd_1_5,3518443604,0,0.03283695504069328
sd_1_5,3518443604,1,0.8539127111434937
sd_1_5,55438559,0,0.02931223064661026
sd_1_5,55438559,1,0.9167081117630005
sd_1_5,3381788544,0,0.034100428223609924
sd_1_5,3381788544,1,0.8300437331199646
sd_1_5,3584603849,0,0.04958902671933174
sd_1_5,3584603849,1,0.1901218295097351
sd_1_5,2790909995,0,0.13117322325706482
sd_1_5,2790909995,1,0.9066531658172607
sd_1_5,777288299,0,0.053799644112586975
sd_1_5,777288299,1,0.9429286122322083
sd_1_5,16396205,0,0.028007520362734795
sd_1_5,16396205,1,0.9429286122322083
sd_1_5,3774986130,0,0.04922211915254593
sd_1_5,3774986130,1,0.8766343593597412
sd_1_5,4979293130,0,0.04115288704633713
sd_1_5,4979293130,1,0.4435100555419922
sd_1_5,553918837,0,0.04146227240562439
sd_1_5,553918837,1,0.2825919985771179
sd_1_5,4507048434,0,0.05184547230601311
sd_1_5,4507048434,1,0.05707140266895294
sd_1_5,2970183443,0,0.0427221953868866
sd_1_5,2970183443,1,0.7205649614334106
sd_1_5,2645724661,0,0.05070536211133003
sd_1_5,2645724661,1,0.18535663187503815
sd_1_5,4274214534,0,0.04084571823477745
sd_1_5,4274214534,1,0.4323928952217102
sd_1_5,322563288,0,0.04535257816314697
sd_1_5,322563288,1,0.5158942937850952
sd_1_5,144571886,0,0.05070536211133003
sd_1_5,144571886,1,0.9425067901611328
sd_1_5,405615014,0,0.030675798654556274
sd_1_5,405615014,1,0.6664968132972717
sd_1_5,4848645410,0,0.048136770725250244
sd_1_5,4848645410,1,0.87103670835495
sd_1_5,4563177695,0,0.05582313984632492
sd_1_5,4563177695,1,0.31426095962524414
sd_1_5,86120682,0,0.0446808747947216
sd_1_5,86120682,1,0.9645892381668091
sd_1_5,4623878206,0,0.02161533385515213
sd_1_5,4623878206,1,0.6192409992218018
sd_1_5,392467282,0,0.053009770810604095
sd_1_5,392467282,1,0.7627776861190796
sd_1_5,3310851569,0,0.03308597952127457
sd_1_5,3310851569,1,0.18010665476322174
sd_1_5,3415178926,0,0.06512755155563354
sd_1_5,3415178926,1,0.6473524570465088
sd_1_5,5123000955,0,0.28378137946128845
sd_1_5,5123000955,1,0.7846492528915405
sd_1_5,2517489722,0,0.04885777831077576
sd_1_5,2517489722,1,0.8558511734008789
sd_1_5,410422753,0,0.04742587357759476
sd_1_5,410422753,1,0.9449946880340576
sd_1_5,4716376540,0,0.03514484688639641
sd_1_5,4716376540,1,0.7158214449882507
sd_1_5,2229108152,0,0.038178276270627975
sd_1_5,2229108152,1,0.9092645049095154
sd_1_5,4558580445,0,0.04401865229010582
sd_1_5,4558580445,1,0.19436782598495483
sd_1_5,4964794183,0,0.04535257816314697
sd_1_5,4964794183,1,0.2267836183309555
sd_1_5,2705101739,0,0.0443485826253891
sd_1_5,2705101739,1,0.6270381808280945
sd_1_5,4692725862,0,0.08570927381515503
sd_1_5,4692725862,1,0.42787477374076843
sd_1_5,4752721674,0,0.04569203406572342
sd_1_5,4752721674,1,0.750552773475647
sd_1_5,3516087269,0,0.049958523362874985
sd_1_5,3516087269,1,0.733738124370575
sd_1_5,4465093007,0,0.028007520362734795
sd_1_5,4465093007,1,0.5039061903953552
sd_1_5,3019667009,0,0.02615562081336975
sd_1_5,3019667009,1,0.9525741338729858
sd_1_5,4565084634,0,0.03138043358922005
sd_1_5,4565084634,1,0.7476159334182739
sd_1_5,4550700462,0,0.04501553252339363
sd_1_5,4550700462,1,0.7994422912597656
sd_1_5,3365783912,0,0.034618839621543884
sd_1_5,3365783912,1,0.5722447633743286
sd_1_5,3501457496,0,0.04023794084787369
sd_1_5,3501457496,1,0.25832599401474
sd_1_5,241109594,0,0.05033063143491745
sd_1_5,241109594,1,0.9005298018455505
sd_1_5,2123838998,0,0.05033063143491745
sd_1_5,2123838998,1,0.11556088179349899
sd_1_5,218225539,0,0.04054073989391327
sd_1_5,218225539,1,0.8940516710281372
sd_1_5,2608623292,0,0.2240554690361023
sd_1_5,2608623292,1,0.837619960308075
sd_1_5,5662260935,0,0.05707140266895294
sd_1_5,5662260935,1,0.41087445616722107
sd_1_5,3396251819,0,0.05921025201678276
sd_1_5,3396251819,1,0.9257686138153076
sd_1_5,7472814756,0,0.06656918674707413
sd_1_5,7472814756,1,0.07423136383295059
sd_1_5,227689211,0,0.03622005879878998
sd_1_5,227689211,1,0.8572908639907837
sd_1_5,2394003437,0,0.02909075655043125
sd_1_5,2394003437,1,0.6343168616294861
sd_1_5,4074473431,0,0.043365802615880966
sd_1_5,4074473431,1,0.34224170446395874
sd_1_5,370445133,0,0.0446808747947216
sd_1_5,370445133,1,0.8762113451957703
sd_1_5,5526795355,0,0.14463144540786743
sd_1_5,5526795355,1,0.9575962424278259
sd_1_5,2768972186,0,0.04958902671933174
sd_1_5,2768972186,1,0.6050992012023926
sd_1_5,16630920,0,0.05707140266895294
sd_1_5,16630920,1,0.9155072569847107
sd_1_5,3560081723,0,0.11476478725671768
sd_1_5,3560081723,1,0.8991213440895081
sd_1_5,2881378816,0,0.019870713353157043
sd_1_5,2881378816,1,0.666279673576355
sd_1_5,4695471709,0,0.04603390023112297
sd_1_5,4695471709,1,0.3750195801258087
sd_1_5,551315867,0,0.06097518280148506
sd_1_5,551315867,1,0.18184365332126617
sd_1_5,2657844508,0,0.05146276578307152
sd_1_5,2657844508,1,0.8116759657859802
sd_1_5,39024981,0,0.01428193412721157
sd_1_5,39024981,1,0.4330521523952484
sd_1_5,3114944484,0,0.024423090741038322
sd_1_5,3114944484,1,0.896975576877594
sd_1_5,4770473055,0,0.048496004194021225
sd_1_5,4770473055,1,0.917302668094635
sd_1_5,4764087782,0,0.043042849749326706
sd_1_5,4764087782,1,0.0753123089671135
sd_1_5,6693881913,0,0.032344330102205276
sd_1_5,6693881913,1,0.13072869181632996
sd_1_5,7235990180,0,0.0541987270116806
sd_1_5,7235990180,1,0.167763352394104
sd_1_5,6084817815,0,0.048136770725250244
sd_1_5,6084817815,1,0.9553191661834717
sd_1_5,2229177914,0,0.053799644112586975
sd_1_5,2229177914,1,0.8976953029632568
sd_1_5,2113996953,0,0.024798160418868065
sd_1_5,2113996953,1,0.5626571178436279
sd_1_5,4878415659,0,0.06008664518594742
sd_1_5,4878415659,1,0.6334102749824524
sd_1_5,2313598755,0,0.020023440942168236
sd_1_5,2313598755,1,0.9367494583129883
sd_1_5,3169276423,0,0.049958523362874985
sd_1_5,3169276423,1,0.917302668094635
sd_1_5,3805877081,0,0.06097518280148506
sd_1_5,3805877081,1,0.8610715270042419
sd_1_5,7784556300,0,0.08151975274085999
sd_1_5,7784556300,1,0.815232515335083
sd_1_5,1303727066,0,0.05623634159564972
sd_1_5,1303727066,1,0.8868131041526794
sd_1_5,3247052319,0,0.07585817575454712
sd_1_5,3247052319,1,0.29746994376182556
sd_1_5,2949337912,0,0.0427221953868866
sd_1_5,2949337912,1,0.859663724899292
sd_1_5,2324581814,0,0.02460992895066738
sd_1_5,2324581814,1,0.9429286122322083
sd_1_5,7046014201,0,0.03649376705288887
sd_1_5,7046014201,1,0.6413100361824036
sd_1_5,4494095559,0,0.053799644112586975
sd_1_5,4494095559,1,0.929951012134552
sd_1_5,3199895624,0,0.029986508190631866
sd_1_5,3199895624,1,0.9118099808692932
sd_1_5,3126753745,0,0.031143832951784134
sd_1_5,3126753745,1,0.9246877431869507
sd_1_5,269440642,0,0.0446808747947216
sd_1_5,269440642,1,0.6766199469566345
sd_1_5,3676788491,0,0.03649376705288887
sd_1_5,3676788491,1,0.5860491394996643
sd_1_5,5009047021,0,0.0541987270116806
sd_1_5,5009047021,1,0.7786493301391602
sd_1_5,3072074170,0,0.03993731737136841
sd_1_5,3072074170,1,0.8688268065452576
sd_1_5,2852982055,0,0.04501553252339363
sd_1_5,2852982055,1,0.5553447604179382
sd_1_5,460326010,0,0.0541987270116806
sd_1_5,460326010,1,0.9489172697067261
sd_1_5,3090398639,0,0.09203286468982697
sd_1_5,3090398639,1,0.9161096215248108
sd_1_5,3707283973,0,0.05108273774385452
sd_1_5,3707283973,1,0.3551037013530731
sd_1_5,4090827772,0,0.0443485826253891
sd_1_5,4090827772,1,0.9437636137008667
sd_1_5,5194023863,0,0.04885777831077576
sd_1_5,5194023863,1,0.8991213440895081
sd_1_5,116409198,0,0.04569203406572342
sd_1_5,116409198,1,0.6804540753364563
sd_1_5,81125088,0,0.05541279539465904
sd_1_5,81125088,1,0.8816148638725281
sd_1_5,3634400263,0,0.04569203406572342
sd_1_5,3634400263,1,0.888372004032135
sd_1_5,4893545292,0,0.053009770810604095
sd_1_5,4893545292,1,0.9623913168907166
sd_1_5,5171155099,0,0.049958523362874985
sd_1_5,5171155099,1,0.9334307909011841
sd_1_5,2725441885,0,0.04501553252339363
sd_1_5,2725441885,1,0.9339146018028259
sd_1_5,5062422406,0,0.034618839621543884
sd_1_5,5062422406,1,0.929951012134552
sd_1_5,4978901111,0,0.05665242671966553
sd_1_5,4978901111,1,0.6872103214263916
sd_1_5,2327240505,0,0.034618839621543884
sd_1_5,2327240505,1,0.2747403681278229
sd_1_5,280840823,0,0.02145073190331459
sd_1_5,280840823,1,0.3090237081050873
sd_1_5,491987177,0,0.05184547230601311
sd_1_5,491987177,1,0.77390056848526
sd_1_5,2889113059,0,0.038178276270627975
sd_1_5,2889113059,1,0.7134315967559814
sd_1_5,519228867,0,0.1127953976392746
sd_1_5,519228867,1,0.22337706387043
sd_1_5,4455065396,0,0.028870906680822372
sd_1_5,4455065396,1,0.9394705891609192
sd_1_5,2437392162,0,0.2267836183309555
sd_1_5,2437392162,1,0.9130582809448242
sd_1_5,7990849887,0,0.03384403511881828
sd_1_5,7990849887,1,0.3019792139530182
sd_1_5,4918525947,0,0.04958902671933174
sd_1_5,4918525947,1,0.9489172697067261
sd_1_5,2384401298,0,0.043042849749326706
sd_1_5,2384401298,1,0.11797802150249481
sd_1_5,451547131,0,0.030675798654556274
sd_1_5,451547131,1,0.438785195350647
sd_1_5,2174648405,0,0.15152934193611145
sd_1_5,2174648405,1,0.9381240010261536
sd_1_5,6828750292,0,0.025565212592482567
sd_1_5,6828750292,1,0.6817267537117004
sd_1_5,101262930,0,0.04778006672859192
sd_1_5,101262930,1,0.5598315596580505
sd_1_5,3183330562,0,0.04115288704633713
sd_1_5,3183330562,1,0.9437636137008667
sd_1_5,4459033855,0,0.05460060387849808
sd_1_5,4459033855,1,0.8848377466201782
sd_1_5,3297272270,0,0.04922211915254593
sd_1_5,3297272270,1,0.7752646803855896
sd_1_5,146019208,0,0.04146227240562439
sd_1_5,146019208,1,0.11240507662296295
sd_1_5,4511879942,0,0.05460060387849808
sd_1_5,4511879942,1,0.8688268065452576
sd_1_5,3422458549,0,0.15052762627601624
sd_1_5,3422458549,1,0.2372223287820816
sd_1_5,2543589122,0,0.08093671500682831
sd_1_5,2543589122,1,0.9032942056655884
sd_1_5,44619131,0,0.04054073989391327
sd_1_5,44619131,1,0.9569571614265442
sd_1_5,20702864,0,0.052618954330682755
sd_1_5,20702864,1,0.18126320838928223
sd_1_5,2971478694,0,0.11716748028993607
sd_1_5,2971478694,1,0.5906611680984497
sd_1_5,5220880759,0,0.048136770725250244
sd_1_5,5220880759,1,0.9053223133087158
sd_1_5,2549946671,0,0.03567855432629585
sd_1_5,2549946671,1,0.3326354920864105
sd_1_5,5896386113,0,0.055005282163619995
sd_1_5,5896386113,1,0.2986958920955658
sd_1_5,4917931600,0,0.03760863468050957
sd_1_5,4917931600,1,0.5490059852600098
sd_1_5,160566014,0,0.043042849749326706
sd_1_5,160566014,1,0.9367494583129883
sd_1_5,2997939824,0,0.04535257816314697
sd_1_5,2997939824,1,0.7457688450813293
sd_1_5,2646540383,0,0.06560482829809189
sd_1_5,2646540383,1,0.2778647243976593
sd_1_5,3553056438,0,0.03704717382788658
sd_1_5,3553056438,1,0.9124361872673035
sd_1_5,7081584189,0,0.0832919329404831
sd_1_5,7081584189,1,0.9522199034690857
sd_1_5,707941195,0,0.13706977665424347
sd_1_5,707941195,1,0.9606574773788452
sd_1_5,3120921482,0,0.04742587357759476
sd_1_5,3120921482,1,0.9412234425544739
sd_1_5,4715269800,0,0.043691057711839676
sd_1_5,4715269800,1,0.5509698390960693
sd_1_5,484280924,0,0.04115288704633713
sd_1_5,484280924,1,0.30985844135284424
sd_1_5,1554713437,0,0.04707418009638786
sd_1_5,1554713437,1,0.7799928784370422
sd_1_5,4689487867,0,0.03963884338736534
sd_1_5,4689487867,1,0.8509646654129028
sd_1_5,313385842,0,0.05070536211133003
sd_1_5,313385842,1,0.9304582476615906
sd_1_5,74635420,0,0.0427221953868866
sd_1_5,74635420,1,0.9099069833755493
sd_1_5,2638177115,0,0.04778006672859192
sd_1_5,2638177115,1,0.09842541813850403
sd_1_5,3218861747,0,0.04023794084787369
sd_1_5,3218861747,1,0.8098781704902649
sd_1_5,2842439618,0,0.0446808747947216
sd_1_5,2842439618,1,0.1139734610915184
sd_1_5,4830307454,0,0.05707140266895294
sd_1_5,4830307454,1,0.7333563566207886
sd_1_5,837919879,0,0.039048291742801666
sd_1_5,837919879,1,0.10230470448732376
sd_1_5,503357436,0,0.048136770725250244
sd_1_5,503357436,1,0.8925625681877136
sd_1_5,4549641134,0,0.05223085358738899
sd_1_5,4549641134,1,0.6261242032051086
sd_1_5,4145119743,0,0.02460992895066738
sd_1_5,4145119743,1,0.897335946559906
sd_1_5,455714074,0,0.02178117260336876
sd_1_5,455714074,1,0.24364244937896729
sd_1_5,6848277313,0,0.0541987270116806
sd_1_5,6848277313,1,0.961533784866333
sd_1_5,1329832826,0,0.04501553252339363
sd_1_5,1329832826,1,0.05921025201678276
sd_1_5,3667788497,0,0.07640768587589264
sd_1_5,3667788497,1,0.11162799596786499
sd_1_5,4851524954,0,0.048136770725250244
sd_1_5,4851524954,1,0.3396085798740387
sd_1_5,6066650935,0,0.12678517401218414
sd_1_5,6066650935,1,0.9536217451095581
sd_1_5,289639811,0,0.019419347867369652
sd_1_5,289639811,1,0.8397339582443237
sd_1_5,4791485167,0,0.05146276578307152
sd_1_5,4791485167,1,0.8633915781974792
sd_1_5,3738685861,0,0.03514484688639641
sd_1_5,3738685861,1,0.939024806022644
sd_1_5,1558753996,0,0.04401865229010582
sd_1_5,1558753996,1,0.9469902515411377
sd_1_5,4433634883,0,0.04054073989391327
sd_1_5,4433634883,1,0.30321577191352844
sd_1_5,516360813,0,0.053799644112586975
sd_1_5,516360813,1,0.7498207092285156
sd_1_5,4486484038,0,0.06097518280148506
sd_1_5,4486484038,1,0.3954843282699585
sd_1_5,3508522093,0,0.03760863468050957
sd_1_5,3508522093,1,0.9190633296966553
sd_1_5,151215569,0,0.02080448903143406
sd_1_5,151215569,1,0.6180891394615173
sd_1_5,2618322793,0,0.08269733935594559
sd_1_5,2618322793,1,0.9241418242454529
sd_1_5,4817804359,0,0.025371313095092773
sd_1_5,4817804359,1,0.8998277187347412
sd_1_5,2747436384,0,0.0446808747947216
sd_1_5,2747436384,1,0.814643383026123
sd_1_5,4812155149,0,0.048136770725250244
sd_1_5,4812155149,1,0.7981867790222168
sd_1_5,28041138,0,0.048496004194021225
sd_1_5,28041138,1,0.842863142490387
sd_1_5,3307667255,0,0.6601723432540894
sd_1_5,3307667255,1,0.6428809762001038
sd_1_5,2536957963,0,0.034100428223609924
sd_1_5,2536957963,1,0.32209935784339905
sd_1_5,430964917,0,0.029986508190631866
sd_1_5,430964917,1,0.4830387234687805
sd_1_5,2279432034,0,0.043042849749326706
sd_1_5,2279432034,1,0.9263036847114563
sd_1_5,4614358086,0,0.03760863468050957
sd_1_5,4614358086,1,0.6888871788978577
sd_1_5,3515451715,0,0.05108273774385452
sd_1_5,3515451715,1,0.2727987766265869
sd_1_5,4975536758,0,0.053799644112586975
sd_1_5,4975536758,1,0.9651191234588623
sd_1_5,3085590738,0,0.049958523362874985
sd_1_5,3085590738,1,0.7766229510307312
sd_1_5,7772052674,0,0.05146276578307152
sd_1_5,7772052674,1,0.8169911503791809
sd_1_5,6847401646,0,0.0541987270116806
sd_1_5,6847401646,1,0.6649755239486694
sd_1_5,3640870001,0,0.048496004194021225
sd_1_5,3640870001,1,0.6359010338783264
sd_1_5,2908493594,0,0.030908960849046707
sd_1_5,2908493594,1,0.3589146137237549
sd_1_5,45334151,0,0.043042849749326706
sd_1_5,45334151,1,0.8504685759544373
sd_1_5,135444196,0,0.0792103260755539
sd_1_5,135444196,1,0.685528576374054
sd_1_5,3700322513,0,0.04778006672859192
sd_1_5,3700322513,1,0.7275885343551636
sd_1_5,7746984692,0,0.048136770725250244
sd_1_5,7746984692,1,0.9066531658172607
sd_1_5,3727740053,0,0.04401865229010582
sd_1_5,3727740053,1,0.7613611221313477
sd_1_5,6160193920,0,0.1212688684463501
sd_1_5,6160193920,1,0.8864204287528992
sd_1_5,1196746186,0,0.0844927579164505
sd_1_5,1196746186,1,0.9059898257255554
sd_1_5,2654943319,0,0.038178276270627975
sd_1_5,2654943319,1,0.09739039838314056
sd_1_5,3815318559,0,0.06853749603033066
sd_1_5,3815318559,1,0.9246877431869507
sd_1_5,4935046155,0,0.042087726294994354
sd_1_5,4935046155,1,0.48453250527381897
sd_1_5,2527411111,0,0.014392335899174213
sd_1_5,2527411111,1,0.1475551873445511
sd_1_5,428979011,0,0.030675798654556274
sd_1_5,428979011,1,0.9207897186279297
sd_1_5,2255266906,0,0.04240383207798004
sd_1_5,2255266906,1,0.6808785796165466
sd_1_5,3559693175,0,0.049958523362874985
sd_1_5,3559693175,1,0.6381590962409973
sd_1_5,3320411267,0,0.053009770810604095
sd_1_5,3320411267,1,0.9196425676345825
sd_1_5,3475111806,0,0.03384403511881828
sd_1_5,3475111806,1,0.4430280029773712
sd_1_5,6952893010,0,0.07055959850549698
sd_1_5,6952893010,1,0.9329437017440796
sd_1_5,3595412126,0,0.043042849749326706
sd_1_5,3595412126,1,0.9196425676345825
sd_1_5,3599780784,0,0.05108273774385452
sd_1_5,3599780784,1,0.6356748938560486
sd_1_5,3024022266,0,0.07211220264434814
sd_1_5,3024022266,1,0.7322090864181519
sd_1_5,1444710198,0,0.049958523362874985
sd_1_5,1444710198,1,0.9178933501243591
sd_1_5,4936302238,0,0.08269733935594559
sd_1_5,4936302238,1,0.9500414729118347
sd_1_5,4287633714,0,0.04054073989391327
sd_1_5,4287633714,1,0.7943849563598633
sd_1_5,7616312438,0,0.03210070729255676
sd_1_5,7616312438,1,0.6295468807220459
sd_1_5,4480923732,0,0.08819004893302917
sd_1_5,4480923732,1,0.9224823713302612
sd_1_5,4890932738,0,0.05877656117081642
sd_1_5,4890932738,1,0.7523766160011292
sd_1_5,3996889070,0,0.06512755155563354
sd_1_5,3996889070,1,0.7969253659248352
sd_1_5,253924161,0,0.028652669861912727
sd_1_5,253924161,1,0.4327824115753174
sd_1_5,4838106858,0,0.0832919329404831
sd_1_5,4838106858,1,0.23440666496753693
sd_1_5,3329207492,0,0.049958523362874985
sd_1_5,3329207492,1,0.8104788661003113
sd_1_5,2058124718,0,0.04569203406572342
sd_1_5,2058124718,1,0.8848377466201782
sd_1_5,2532047708,0,0.053799644112586975
sd_1_5,2532047708,1,0.9005298018455505
sd_1_5,4690278994,0,0.06608537584543228
sd_1_5,4690278994,1,0.9339146018028259
sd_1_5,1806580620,0,0.06465348601341248
sd_1_5,1806580620,1,0.31869715452194214
sd_1_5,358355700,0,0.034358687698841095
sd_1_5,358355700,1,0.4474602937698364
sd_1_5,3449114979,0,0.03934250399470329
sd_1_5,3449114979,1,0.8955226540565491
sd_1_5,104285082,0,0.09138210862874985
sd_1_5,104285082,1,0.36161547899246216
sd_1_5,2763090857,0,0.05070536211133003
sd_1_5,2763090857,1,0.8955226540565491
sd_1_5,3168327945,0,0.03760863468050957
sd_1_5,3168327945,1,0.9257686138153076
sd_1_5,3455019076,0,0.04569203406572342
sd_1_5,3455019076,1,0.7498207092285156
sd_1_5,4676792744,0,0.04023794084787369
sd_1_5,4676792744,1,0.7329742908477783
sd_1_5,2589156742,0,0.030908960849046707
sd_1_5,2589156742,1,0.9473810195922852
sd_1_5,530170010,0,0.037326883524656296
sd_1_5,530170010,1,0.9429286122322083
sd_1_5,3373544964,0,0.03993731737136841
sd_1_5,3373544964,1,0.9149009585380554
sd_1_5,4821810079,0,0.0446808747947216
sd_1_5,4821810079,1,0.20817893743515015
sd_1_5,2293149170,0,0.03185885772109032
sd_1_5,2293149170,1,0.966156005859375
sd_1_5,4368362518,0,0.09807932376861572
sd_1_5,4368362518,1,0.6684475541114807
sd_1_5,4925573161,0,0.04569203406572342
sd_1_5,4925573161,1,0.9518632292747498
sd_1_5,2834103050,0,0.0443485826253891
sd_1_5,2834103050,1,0.10521053522825241
sd_1_5,2923086298,0,0.05146276578307152
sd_1_5,2923086298,1,0.6372565627098083
sd_1_5,2468906010,0,0.05108273774385452
sd_1_5,2468906010,1,0.7819972634315491
sd_1_5,160541986,0,0.02822098508477211
sd_1_5,160541986,1,0.9019206762313843
sd_1_5,2404959574,0,0.03934250399470329
sd_1_5,2404959574,1,0.8128673434257507
sd_1_5,3494151850,0,0.8844391107559204
sd_1_5,3494151850,1,0.2546016275882721
sd_1_5,2537002791,0,0.06325051933526993
sd_1_5,2537002791,1,0.3508661091327667
sd_1_5,3354474353,0,0.053009770810604095
sd_1_5,3354474353,1,0.8906751871109009
sd_1_5,517942470,0,0.031618766486644745
sd_1_5,517942470,1,0.70537930727005
sd_1_5,3461041826,0,0.048496004194021225
sd_1_5,3461041826,1,0.8791467547416687
sd_1_5,2763601657,0,0.02779562398791313
sd_1_5,2763601657,1,0.9230391979217529
sd_1_5,6314475602,0,0.10158944129943848
sd_1_5,6314475602,1,0.685528576374054
sd_1_5,2249682069,0,0.0384661927819252
sd_1_5,2249682069,1,0.8701565861701965
sd_1_5,4694894610,0,0.037326883524656296
sd_1_5,4694894610,1,0.0427221953868866
sd_1_5,3771613841,0,0.042087726294994354
sd_1_5,3771613841,1,0.09877259284257889
sd_1_5,4791513183,0,0.05070536211133003
sd_1_5,4791513183,1,0.07159119844436646
sd_1_5,498404951,0,0.09842541813850403
sd_1_5,498404951,1,0.5600120425224304
sd_1_5,3799708677,0,0.22202469408512115
sd_1_5,3799708677,1,0.8879840970039368
sd_1_5,4973611817,0,0.025760561227798462
sd_1_5,4973611817,1,0.13706977665424347
sd_1_5,3027397797,0,0.04115288704633713
sd_1_5,3027397797,1,0.9235923886299133
sd_1_5,3539960792,0,0.0333368219435215
sd_1_5,3539960792,1,0.8305941224098206
sd_1_5,1424775129,0,0.052618954330682755
sd_1_5,1424775129,1,0.9458011984825134
sd_1_5,3635194562,0,0.08882028609514236
sd_1_5,3635194562,1,0.8272706270217896
sd_1_5,8034139464,0,0.06512755155563354
sd_1_5,8034139464,1,0.954308032989502
sd_1_5,2393971707,0,0.04922211915254593
sd_1_5,2393971707,1,0.3544330894947052
sd_1_5,2474776724,0,0.038178276270627975
sd_1_5,2474776724,1,0.7924642562866211
sd_1_5,2910885196,0,0.04922211915254593
sd_1_5,2910885196,1,0.7839884757995605
sd_1_5,5199439325,0,0.05623634159564972
sd_1_5,5199439325,1,0.6500230431556702
sd_1_5,2786245676,0,0.9284088015556335
sd_1_5,2786245676,1,0.9099069833755493
sd_1_5,7610186624,0,0.0446808747947216
sd_1_5,7610186624,1,0.6701767444610596
sd_1_5,8038092309,0,0.029986508190631866
sd_1_5,8038092309,1,0.7577943801879883
sd_1_5,2123995873,0,0.030444350093603134
sd_1_5,2123995873,1,0.8692712783813477
sd_1_5,852427632,0,0.039048291742801666
sd_1_5,852427632,1,0.8836382031440735
sd_1_5,4885036157,0,0.046378206461668015
sd_1_5,4885036157,1,0.837619960308075
sd_1_5,6632464405,0,0.05108273774385452
sd_1_5,6632464405,1,0.3036285638809204
sd_1_5,3522989916,0,0.038178276270627975
sd_1_5,3522989916,1,0.9053223133087158
sd_1_5,5901845159,0,0.04742587357759476
sd_1_5,5901845159,1,0.8449215292930603
sd_1_5,4326893429,0,0.05921025201678276
sd_1_5,4326893429,1,0.8955226540565491
sd_1_5,2584487952,0,0.0427221953868866
sd_1_5,2584487952,1,0.9304582476615906
sd_1_5,2335428699,0,0.0443485826253891
sd_1_5,2335428699,1,0.9489172697067261
sd_1_5,3416050480,0,0.896975576877594
sd_1_5,3416050480,1,0.8386797308921814
sd_1_5,3597715122,0,0.04603390023112297
sd_1_5,3597715122,1,0.8577680587768555
sd_1_5,128395402,0,0.08882028609514236
sd_1_5,128395402,1,0.9059898257255554
sd_1_5,2507182524,0,0.04742587357759476
sd_1_5,2507182524,1,0.7049732804298401
sd_1_5,2860432302,0,0.046378206461668015
sd_1_5,2860432302,1,0.8778960704803467
sd_1_5,3046312861,0,0.007460643537342548
sd_1_5,3046312861,1,0.21733751893043518
sd_1_5,5661511556,0,0.049958523362874985
sd_1_5,5661511556,1,0.6992543935775757
sd_1_5,3357416302,0,0.05033063143491745
sd_1_5,3357416302,1,0.9429286122322083
sd_1_5,6043589490,0,0.04535257816314697
sd_1_5,6043589490,1,0.5811842083930969
sd_1_5,2822265828,0,0.03649376705288887
sd_1_5,2822265828,1,0.2062537968158722
sd_1_5,2254913901,0,0.08882028609514236
sd_1_5,2254913901,1,0.9536217451095581
sd_1_5,170405864,0,0.04240383207798004
sd_1_5,170405864,1,0.8000679016113281
sd_1_5,2256447557,0,0.05541279539465904
sd_1_5,2256447557,1,0.5830846428871155
sd_1_5,2422482455,0,0.0427221953868866
sd_1_5,2422482455,1,0.879561185836792
sd_1_5,6870585516,0,0.048496004194021225
sd_1_5,6870585516,1,0.5959629416465759
sd_1_5,2219805467,0,0.6597340106964111
sd_1_5,2219805467,1,0.8832359910011292
sd_1_5,3456579559,0,0.05070536211133003
sd_1_5,3456579559,1,0.7786493301391602
sd_1_5,427936315,0,0.03138043358922005
sd_1_5,427936315,1,0.9385759830474854
sd_1_5,2741990005,0,0.12984342873096466
sd_1_5,2741990005,1,0.954308032989502
sd_1_5,4704083135,0,0.04958902671933174
sd_1_5,4704083135,1,0.9525741338729858
sd_1_5,7738368186,0,0.06754669547080994
sd_1_5,7738368186,1,0.939024806022644
sd_1_5,2922807898,0,0.06371499598026276
sd_1_5,2922807898,1,0.9289263486862183
sd_1_5,21514026,0,0.02080448903143406
sd_1_5,21514026,1,0.9549844264984131
sd_1_5,118939364,0,0.048496004194021225
sd_1_5,118939364,1,0.9429286122322083
sd_1_5,74759622,0,0.04885777831077576
sd_1_5,74759622,1,0.735641598701477
sd_1_5,4071750215,0,0.07055959850549698
sd_1_5,4071750215,1,0.5761843323707581
sd_1_5,3893510114,0,0.042087726294994354
sd_1_5,3893510114,1,0.9213575720787048
sd_1_5,3477315700,0,0.22135069966316223
sd_1_5,3477315700,1,0.671901285648346
sd_1_5,4857558207,0,0.04958902671933174
sd_1_5,4857558207,1,0.3490888178348541
sd_1_5,137444466,0,0.01798621006309986
sd_1_5,137444466,1,0.3023911118507385
sd_1_5,3819214047,0,0.06142403930425644
sd_1_5,3819214047,1,0.6462370157241821
sd_1_5,5504963988,0,0.0541987270116806
sd_1_5,5504963988,1,0.77390056848526
sd_1_5,470887785,0,0.02161533385515213
sd_1_5,470887785,1,0.8164063692092896
sd_1_5,4397606831,0,0.0541987270116806
sd_1_5,4397606831,1,0.7819972634315491
sd_1_5,3272847211,0,0.043365802615880966
sd_1_5,3272847211,1,0.8902942538261414
sd_1_5,3691394196,0,0.0384661927819252
sd_1_5,3691394196,1,0.29057809710502625
sd_1_5,62057380,0,0.0534033328294754
sd_1_5,62057380,1,0.6162432432174683
sd_1_5,191592626,0,0.053799644112586975
sd_1_5,191592626,1,0.8836382031440735
sd_1_5,3761067976,0,0.055005282163619995
sd_1_5,3761067976,1,0.9403530955314636
sd_1_5,3084472304,0,0.04501553252339363
sd_1_5,3084472304,1,0.06705628335475922
sd_1_5,4606522320,0,0.05749327689409256
sd_1_5,4606522320,1,0.6548947095870972
sd_1_5,4361156028,0,0.04885777831077576
sd_1_5,4361156028,1,0.8278281688690186
sd_1_5,2324963565,0,0.04535257816314697
sd_1_5,2324963565,1,0.7110297679901123
sd_1_5,1389264266,0,0.030908960849046707
sd_1_5,1389264266,1,0.5398930907249451
sd_1_5,129662899,0,0.027169233188033104
sd_1_5,129662899,1,0.1716158092021942
sd_1_5,3326249355,0,0.04707418009638786
sd_1_5,3326249355,1,0.9358173608779907
sd_1_5,2176874361,0,0.0627892017364502
sd_1_5,2176874361,1,0.9511421918869019
sd_1_5,247189554,0,0.11716748028993607
sd_1_5,247189554,1,0.23651622235774994
sd_1_5,241347243,0,0.06233103945851326
sd_1_5,241347243,1,0.11357959359884262
sd_1_5,3347798761,0,0.5393471717834473
sd_1_5,3347798761,1,0.9403530955314636
sd_1_5,4974263771,0,0.03541072458028793
sd_1_5,4974263771,1,0.6120778322219849
sd_1_5,97138973,0,0.026355354115366936
sd_1_5,97138973,1,0.8656789064407349
sd_1_5,2281054343,0,0.02595735713839531
sd_1_5,2281054343,1,0.9053223133087158
sd_1_5,3063544435,0,0.06142403930425644
sd_1_5,3063544435,1,0.9178933501243591
sd_1_5,4631804601,0,0.04023794084787369
sd_1_5,4631804601,1,0.9284088015556335
sd_1_5,123101580,0,0.02498779445886612
sd_1_5,123101580,1,0.08035746961832047
sd_1_5,4775763666,0,0.014615669846534729
sd_1_5,4775763666,1,0.9559813141822815
sd_1_5,1012150929,0,0.04177388176321983
sd_1_5,1012150929,1,0.19868534803390503
sd_1_5,4787867133,0,0.03384403511881828
sd_1_5,4787867133,1,0.9403530955314636
sd_1_5,2806632713,0,0.04778006672859192
sd_1_5,2806632713,1,0.7772998809814453
sd_1_5,287212060,0,0.01615283451974392
sd_1_5,287212060,1,0.24436300992965698
sd_1_5,2723785828,0,0.030908960849046707
sd_1_5,2723785828,1,0.9358173608779907
sd_1_5,6869365418,0,0.04958902671933174
sd_1_5,6869365418,1,0.8092759251594543
sd_1_5,269361490,0,0.02909075655043125
sd_1_5,269361490,1,0.8610715270042419
sd_1_5,2701892321,0,0.02931223064661026
sd_1_5,2701892321,1,0.622459352016449
sd_1_5,1330645772,0,0.034358687698841095
sd_1_5,1330645772,1,0.7732163667678833
sd_1_5,179778822,0,0.043365802615880966
sd_1_5,179778822,1,0.5959629416465759
sd_1_5,3955157194,0,0.055005282163619995
sd_1_5,3955157194,1,0.8606036305427551
sd_1_5,2540884723,0,0.030908960849046707
sd_1_5,2540884723,1,0.8068526387214661
sd_1_5,388837010,0,0.022116590291261673
sd_1_5,388837010,1,0.8688268065452576
sd_1_5,4852819911,0,0.0384661927819252
sd_1_5,4852819911,1,0.7732163667678833
sd_1_5,3256274183,0,0.04672496020793915
sd_1_5,3256274183,1,0.8050197958946228
sd_1_5,3549006919,0,0.055005282163619995
sd_1_5,3549006919,1,0.3459886312484741
sd_1_5,2527628435,0,0.04672496020793915
sd_1_5,2527628435,1,0.44498682022094727
sd_1_5,7003919692,0,0.06954174488782883
sd_1_5,7003919692,1,0.17384850978851318
sd_1_5,4967261262,0,0.05623634159564972
sd_1_5,4967261262,1,0.7950222492218018
sd_1_5,5196783191,0,0.05582313984632492
sd_1_5,5196783191,1,0.07978201657533646
sd_1_5,5428390334,0,0.05964694544672966
sd_1_5,5428390334,1,0.8727816939353943
sd_1_5,3595080592,0,0.04885777831077576
sd_1_5,3595080592,1,0.9314625263214111
sd_1_5,6218244928,0,0.05707140266895294
sd_1_5,6218244928,1,0.9329437017440796
sd_1_5,1260816604,0,0.0446808747947216
sd_1_5,1260816604,1,0.8438951373100281
sd_1_5,2501548593,0,0.11318691074848175
sd_1_5,2501548593,1,0.1716158092021942
sd_1_5,3063054647,0,0.05184547230601311
sd_1_5,3063054647,1,0.9717789888381958
sd_1_5,4791975111,0,0.043691057711839676
sd_1_5,4791975111,1,0.942081868648529
sd_1_5,1053116826,0,0.05146276578307152
sd_1_5,1053116826,1,0.804405927658081
sd_1_5,6901412,0,0.03622005879878998
sd_1_5,6901412,1,0.8606036305427551
sd_1_5,2700788458,0,0.03138043358922005
sd_1_5,2700788458,1,0.528533399105072
sd_1_5,378453580,0,0.03875619173049927
sd_1_5,378453580,1,0.9224823713302612
sd_1_5,3944497603,0,0.017712296918034554
sd_1_5,3944497603,1,0.10521053522825241
sd_1_5,393043864,0,0.05223085358738899
sd_1_5,393043864,1,0.9032942056655884
sd_1_5,2511798599,0,0.031618766486644745
sd_1_5,2511798599,1,0.7352616190910339
sd_1_5,241345522,0,0.03283695504069328
sd_1_5,241345522,1,0.929440438747406
sd_1_5,5623287052,0,0.09009299427270889
sd_1_5,5623287052,1,0.9515040516853333
sd_1_5,292198220,0,0.04672496020793915
sd_1_5,292198220,1,0.5781802535057068
sd_1_5,1483574454,0,0.04742587357759476
sd_1_5,1483574454,1,0.2560870945453644
sd_1_5,6206278823,0,0.21337716281414032
sd_1_5,6206278823,1,0.944587230682373
sd_1_5,2782480767,0,0.05223085358738899
sd_1_5,2782480767,1,0.7648916244506836
sd_1_5,3701699584,0,0.04054073989391327
sd_1_5,3701699584,1,0.09947021305561066
sd_1_5,4772885285,0,0.04603390023112297
sd_1_5,4772885285,1,0.9257686138153076
sd_1_5,4443088094,0,0.0378924235701561
sd_1_5,4443088094,1,0.9213575720787048
sd_1_5,4672132178,0,0.043365802615880966
sd_1_5,4672132178,1,0.13939638435840607
sd_1_5,2597958208,0,0.0443485826253891
sd_1_5,2597958208,1,0.9213575720787048
sd_1_5,7249187716,0,0.04535257816314697
sd_1_5,7249187716,1,0.8216173648834229
sd_1_5,77740577,0,0.026963500306010246
sd_1_5,77740577,1,0.8984104990959167
sd_1_5,2307118114,0,0.08819004893302917
sd_1_5,2307118114,1,0.6992543935775757
sd_1_5,2823575468,0,0.04742587357759476
sd_1_5,2823575468,1,0.4287117123603821
sd_1_5,213583123,0,0.05665242671966553
sd_1_5,213583123,1,0.7412996292114258
sd_1_5,6333818443,0,0.04569203406572342
sd_1_5,6333818443,1,0.9118099808692932
sd_1_5,3543294190,0,0.0446808747947216
sd_1_5,3543294190,1,0.14953137934207916
sd_1_5,3421131122,0,0.05665242671966553
sd_1_5,3421131122,1,0.8921873569488525
sd_1_5,439916996,0,0.03676946461200714
sd_1_5,439916996,1,0.2075357437133789
sd_1_5,4828433053,0,0.048136770725250244
sd_1_5,4828433053,1,0.8402590155601501
sd_1_5,2409312675,0,0.05184547230601311
sd_1_5,2409312675,1,0.9059898257255554
sd_1_5,4328528475,0,0.025371313095092773
sd_1_5,4328528475,1,0.8740772008895874
sd_1_5,2922222717,0,0.02779562398791313
sd_1_5,2922222717,1,0.9362850189208984
sd_1_5,4673314291,0,0.03138043358922005
sd_1_5,4673314291,1,0.46174484491348267
sd_1_5,2222732183,0,0.03185885772109032
sd_1_5,2222732183,1,0.06903792917728424
sd_1_5,2877088081,0,0.07751765847206116
sd_1_5,2877088081,1,0.5333974361419678
sd_1_5,3731739486,0,0.049958523362874985
sd_1_5,3731739486,1,0.7872777581214905
sd_1_5,3944169186,0,0.039048291742801666
sd_1_5,3944169186,1,0.8464508652687073
sd_1_5,3279228339,0,0.05146276578307152
sd_1_5,3279228339,1,0.8407825827598572
sd_1_5,46663846,0,0.0443485826253891
sd_1_5,46663846,1,0.842863142490387
sd_1_5,466877726,0,0.017309095710515976
sd_1_5,466877726,1,0.07751765847206116
sd_1_5,6274918824,0,0.03676946461200714
sd_1_5,6274918824,1,0.4730486273765564
sd_1_5,7212803242,0,0.12168575078248978
sd_1_5,7212803242,1,0.8413047790527344
sd_1_5,143688205,0,0.09982065856456757
sd_1_5,143688205,1,0.939024806022644
sd_1_5,618771382,0,0.07107366621494293
sd_1_5,618771382,1,0.9651191234588623
sd_1_5,2463394631,0,0.029986508190631866
sd_1_5,2463394631,1,0.8925625681877136
sd_1_5,1138784872,0,0.05108273774385452
sd_1_5,1138784872,1,0.46672406792640686
sd_1_5,821599220,0,0.04707418009638786
sd_1_5,821599220,1,0.801314651966095
sd_1_5,4716333601,0,0.03594832494854927
sd_1_5,4716333601,1,0.12421300262212753
sd_1_5,3019776218,0,0.05223085358738899
sd_1_5,3019776218,1,0.7581526637077332
sd_1_5,2088460083,0,0.02080448903143406
sd_1_5,2088460083,1,0.7264255881309509
sd_1_5,6225843702,0,0.19436782598495483
sd_1_5,6225843702,1,0.9053223133087158
sd_1_5,305979887,0,0.043365802615880966
sd_1_5,305979887,1,0.8122723698616028
sd_1_5,4842876705,0,0.043691057711839676
sd_1_5,4842876705,1,0.7563575506210327
sd_1_5,2984174290,0,0.04535257816314697
sd_1_5,2984174290,1,0.8509646654129028
sd_1_5,4441980889,0,0.05223085358738899
sd_1_5,4441980889,1,0.19253936409950256
sd_1_5,509778093,0,0.05541279539465904
sd_1_5,509778093,1,0.8749346137046814
sd_1_5,4912431886,0,0.03704717382788658
sd_1_5,4912431886,1,0.13206614553928375
sd_1_5,2955099064,0,0.024237636476755142
sd_1_5,2955099064,1,0.5631677508354187
sd_1_5,1737441377,0,0.043691057711839676
sd_1_5,1737441377,1,0.8221890926361084
sd_1_5,3223809913,0,0.053009770810604095
sd_1_5,3223809913,1,0.7412996292114258
sd_1_5,423782935,0,0.04023794084787369
sd_1_5,423782935,1,0.28219619393348694
sd_1_5,263233914,0,0.1259227693080902
sd_1_5,263233914,1,0.9394705891609192
sd_1_5,6420396169,0,0.04742587357759476
sd_1_5,6420396169,1,0.5299932360649109
sd_1_5,4603099757,0,0.03934250399470329
sd_1_5,4603099757,1,0.9092645049095154
sd_1_5,2858456847,0,0.03210070729255676
sd_1_5,2858456847,1,0.8050197958946228
sd_1_5,1453366750,0,0.05223085358738899
sd_1_5,1453366750,1,0.9339146018028259
sd_1_5,3604391853,0,0.055005282163619995
sd_1_5,3604391853,1,0.8464508652687073
sd_1_5,2987588136,0,0.028652669861912727
sd_1_5,2987588136,1,0.7866228222846985
sd_1_5,4400746838,0,0.07807815819978714
sd_1_5,4400746838,1,0.9416541457176208
sd_1_5,401405215,0,0.04569203406572342
sd_1_5,401405215,1,0.9549844264984131
sd_1_5,4825458628,0,0.586759626865387
sd_1_5,4825458628,1,0.8991213440895081
sd_1_5,6059154572,0,0.08945459872484207
sd_1_5,6059154572,1,0.9429286122322083
sd_1_5,3514184232,0,0.0534033328294754
sd_1_5,3514184232,1,0.9403530955314636
sd_1_5,4474749623,0,0.031143832951784134
sd_1_5,4474749623,1,0.9273632764816284
sd_1_5,618797331,0,0.03488088771700859
sd_1_5,618797331,1,0.6126573085784912
sd_1_5,2622624460,0,0.043042849749326706
sd_1_5,2622624460,1,0.6579780578613281
sd_1_5,400345058,0,0.9504110217094421
sd_1_5,400345058,1,0.4295789301395416
sd_1_5,3747007211,0,0.0427221953868866
sd_1_5,3747007211,1,0.7512834072113037
sd_1_5,3135826945,0,0.19620943069458008
sd_1_5,3135826945,1,0.9213575720787048
sd_1_5,2466420387,0,0.043691057711839676
sd_1_5,2466420387,1,0.6304574012756348
sd_1_5,506082695,0,0.05223085358738899
sd_1_5,506082695,1,0.8670357465744019
sd_1_5,312788070,0,0.046378206461668015
sd_1_5,312788070,1,0.6761924028396606
sd_1_5,511749704,0,0.04885777831077576
sd_1_5,511749704,1,0.4251278042793274
sd_1_5,5733760,0,0.05033063143491745
sd_1_5,5733760,1,0.9585376977920532
sd_1_5,86131617,0,0.0384661927819252
sd_1_5,86131617,1,0.42560523748397827
sd_1_5,6981038793,0,0.11162799596786499
sd_1_5,6981038793,1,0.9124361872673035
sd_1_5,3201517121,0,0.053009770810604095
sd_1_5,3201517121,1,0.7793218493461609
sd_1_5,97162852,0,0.04922211915254593
sd_1_5,97162852,1,0.9381240010261536
sd_1_5,3616525288,0,0.1127953976392746
sd_1_5,3616525288,1,0.879561185836792
sd_1_5,2373932560,0,0.0427221953868866
sd_1_5,2373932560,1,0.45859116315841675
sd_1_5,4606967207,0,0.05582313984632492
sd_1_5,4606967207,1,0.875361442565918
sd_1_5,3019609769,0,0.03594832494854927
sd_1_5,3019609769,1,0.6606104373931885
sd_1_5,86112875,0,0.034100428223609924
sd_1_5,86112875,1,0.6658452153205872
sd_1_5,3678098428,0,0.04535257816314697
sd_1_5,3678098428,1,0.929440438747406
sd_1_5,439171995,0,0.04569203406572342
sd_1_5,439171995,1,0.4454089403152466
sd_1_5,4052515931,0,0.05108273774385452
sd_1_5,4052515931,1,0.37421879172325134
sd_1_5,1775223211,0,0.22884513437747955
sd_1_5,1775223211,1,0.7866228222846985
sd_1_5,3547000169,0,0.05707140266895294
sd_1_5,3547000169,1,0.7943849563598633
sd_1_5,20805896,0,0.055005282163619995
sd_1_5,20805896,1,0.944587230682373
sd_1_5,3308171165,0,0.04707418009638786
sd_1_5,3308171165,1,0.9334307909011841
sd_1_5,463978865,0,0.26057755947113037
sd_1_5,463978865,1,0.24762336909770966
sd_1_5,4831683216,0,0.10594827681779861
sd_1_5,4831683216,1,0.5122045874595642
sd_1_5,2635938723,0,0.6109178066253662
sd_1_5,2635938723,1,0.845432698726654
sd_1_5,3707585013,0,0.0541987270116806
sd_1_5,3707585013,1,0.522567629814148
sd_1_5,4080351447,0,0.04778006672859192
sd_1_5,4080351447,1,0.9304582476615906
sd_1_5,3685373706,0,0.0541987270116806
sd_1_5,3685373706,1,0.9348725080490112
sd_1_5,3170122039,0,0.046378206461668015
sd_1_5,3170122039,1,0.7943849563598633
sd_1_5,3482974845,0,0.700894832611084
sd_1_5,3482974845,1,0.11920291930437088
sd_1_5,489134459,0,0.048136770725250244
sd_1_5,489134459,1,0.10230470448732376
sd_1_5,509987636,0,0.04240383207798004
sd_1_5,509987636,1,0.8984104990959167
sd_1_5,2822418176,0,0.07423136383295059
sd_1_5,2822418176,1,0.8840392827987671
sd_1_5,2640869832,0,0.057918086647987366
sd_1_5,2640869832,1,0.8489722013473511
sd_1_5,5631556013,0,0.030214589089155197
sd_1_5,5631556013,1,0.29624688625335693
sd_1_5,3143991972,0,0.038178276270627975
sd_1_5,3143991972,1,0.2120688110589981
sd_1_5,2717110088,0,0.03993731737136841
sd_1_5,2717110088,1,0.929440438747406
sd_1_5,4819772045,0,0.0627892017364502
sd_1_5,4819772045,1,0.14804719388484955
sd_1_5,4801764348,0,0.030675798654556274
sd_1_5,4801764348,1,0.7793218493461609
sd_1_5,3431671749,0,0.04672496020793915
sd_1_5,3431671749,1,0.5808276534080505
sd_1_5,3240637051,0,0.06705628335475922
sd_1_5,3240637051,1,0.35868996381759644
sd_1_5,3643981804,0,0.049958523362874985
sd_1_5,3643981804,1,0.802555501461029
sd_1_5,7498713846,0,0.03993731737136841
sd_1_5,7498713846,1,0.1716158092021942
sd_1_5,5399620276,0,0.06325051933526993
sd_1_5,5399620276,1,0.4262320101261139
sd_1_5,3262645599,0,0.05665242671966553
sd_1_5,3262645599,1,0.8402590155601501
sd_1_5,241345770,0,0.029760094359517097
sd_1_5,241345770,1,0.08093671500682831
sd_1_5,4257619114,0,0.027376487851142883
sd_1_5,4257619114,1,0.8991213440895081
sd_1_5,4912108775,0,0.034358687698841095
sd_1_5,4912108775,1,0.7021217346191406
sd_1_5,4024098174,0,0.049958523362874985
sd_1_5,4024098174,1,0.3127896785736084
sd_1_5,2741051940,0,0.04535257816314697
sd_1_5,2741051940,1,0.8875949382781982
sd_1_5,3880366728,0,0.02615562081336975
sd_1_5,3880366728,1,0.749454140663147
sd_1_5,1234206849,0,0.024237636476755142
sd_1_5,1234206849,1,0.5694636106491089
sd_1_5,1285874746,0,0.05033063143491745
sd_1_5,1285874746,1,0.7853085398674011
sd_1_5,7330749240,0,0.05665242671966553
sd_1_5,7330749240,1,0.22270014882087708
sd_1_5,3344040145,0,0.039048291742801666
sd_1_5,3344040145,1,0.894789457321167
sd_1_5,3539817989,0,0.01912403665482998
sd_1_5,3539817989,1,0.21766994893550873
sd_1_5,965444691,0,0.022116590291261673
sd_1_5,965444691,1,0.1859472095966339
sd_1_5,4797050581,0,0.04922211915254593
sd_1_5,4797050581,1,0.8936811685562134
sd_1_5,1408958345,0,0.09138210862874985
sd_1_5,1408958345,1,0.87364661693573
sd_1_5,3880726770,0,0.034358687698841095
sd_1_5,3880726770,1,0.3970029056072235
sd_1_5,2382950929,0,0.34775859117507935
sd_1_5,2382950929,1,0.10594827681779861
sd_1_5,2391442557,0,0.04535257816314697
sd_1_5,2391442557,1,0.5572128891944885
sd_1_5,234374617,0,0.04023794084787369
sd_1_5,234374617,1,0.8104788661003113
sd_1_5,369047365,0,0.3361130952835083
sd_1_5,369047365,1,0.917302668094635
sd_1_5,5870701819,0,0.053799644112586975
sd_1_5,5870701819,1,0.9653811454772949
sd_1_5,259510411,0,0.05033063143491745
sd_1_5,259510411,1,0.15456733107566833
sd_1_5,1417941060,0,0.04535257816314697
sd_1_5,1417941060,1,0.30777397751808167
sd_1_5,1733853950,0,0.04672496020793915
sd_1_5,1733853950,1,0.6297746300697327
sd_1_5,4966861386,0,0.04569203406572342
sd_1_5,4966861386,1,0.9407896995544434
sd_1_5,4478063110,0,0.11716748028993607
sd_1_5,4478063110,1,0.944587230682373
sd_1_5,473323374,0,0.043365802615880966
sd_1_5,473323374,1,0.894789457321167
sd_1_5,2307757311,0,0.043365802615880966
sd_1_5,2307757311,1,0.2881683111190796
sd_1_5,2705922624,0,0.03875619173049927
sd_1_5,2705922624,1,0.8955226540565491
sd_1_5,2321865325,0,0.06512755155563354
sd_1_5,2321865325,1,0.9324532747268677
sd_1_5,4442382200,0,0.03649376705288887
sd_1_5,4442382200,1,0.875361442565918
sd_1_5,1961696686,0,0.05108273774385452
sd_1_5,1961696686,1,0.9124361872673035
sd_1_5,2667242810,0,0.04240383207798004
sd_1_5,2667242810,1,0.5801141858100891
sd_1_5,4876517154,0,0.046378206461668015
sd_1_5,4876517154,1,0.9190633296966553
sd_1_5,2641049916,0,0.06142403930425644
sd_1_5,2641049916,1,0.9403530955314636
sd_1_5,3169184260,0,0.04177388176321983
sd_1_5,3169184260,1,0.9582261443138123
sd_1_5,3669527584,0,0.04742587357759476
sd_1_5,3669527584,1,0.8991213440895081
sd_1_5,4677535056,0,0.03185885772109032
sd_1_5,4677535056,1,0.4990234673023224
sd_1_5,3486831654,0,0.04707418009638786
sd_1_5,3486831654,1,0.9367494583129883
sd_1_5,4567003374,0,0.04707418009638786
sd_1_5,4567003374,1,0.8062431216239929
sd_1_5,5430267989,0,0.0427221953868866
sd_1_5,5430267989,1,0.9257686138153076
sd_1_5,140774394,0,0.03934250399470329
sd_1_5,140774394,1,0.2727987766265869
sd_1_5,380752558,0,0.04240383207798004
sd_1_5,380752558,1,0.749454140663147
sd_1_5,2324804923,0,0.07864238321781158
sd_1_5,2324804923,1,0.9339146018028259
sd_1_5,434932657,0,0.04672496020793915
sd_1_5,434932657,1,0.8918110132217407
sd_1_5,6870444330,0,0.053009770810604095
sd_1_5,6870444330,1,0.8563323616981506
sd_1_5,1089755335,0,0.0541987270116806
sd_1_5,1089755335,1,0.23161423206329346
sd_1_5,4569926879,0,0.034100428223609924
sd_1_5,4569926879,1,0.7885831594467163
sd_1_5,2319389144,0,0.04401865229010582
sd_1_5,2319389144,1,0.9268352389335632
sd_1_5,617782839,0,0.03934250399470329
sd_1_5,617782839,1,0.641983687877655
sd_1_5,3298573714,0,0.05184547230601311
sd_1_5,3298573714,1,0.3191213607788086
sd_1_5,4472750626,0,0.03185885772109032
sd_1_5,4472750626,1,0.8397339582443237
sd_1_5,4050916276,0,0.30115649104118347
sd_1_5,4050916276,1,0.9688562154769897
sd_1_5,411678041,0,0.04240383207798004
sd_1_5,411678041,1,0.9362850189208984
sd_1_5,4633043171,0,0.053009770810604095
sd_1_5,4633043171,1,0.8354835510253906
sd_1_5,2904714989,0,0.04778006672859192
sd_1_5,2904714989,1,0.8670357465744019
sd_1_5,3094034946,0,0.03649376705288887
sd_1_5,3094034946,1,0.7937461733818054
sd_1_5,3745405944,0,0.03258974477648735
sd_1_5,3745405944,1,0.5701817274093628
sd_1_5,5892931627,0,0.0446808747947216
sd_1_5,5892931627,1,0.9566342234611511
sd_1_5,2641098920,0,0.01971912570297718
sd_1_5,2641098920,1,0.8665847778320312
sd_1_5,3549614763,0,0.0443485826253891
sd_1_5,3549614763,1,0.2590751051902771
sd_1_5,1286805224,0,0.0534033328294754
sd_1_5,1286805224,1,0.731442391872406
sd_1_5,6152180229,0,0.05223085358738899
sd_1_5,6152180229,1,0.47743234038352966
sd_1_5,2683823978,0,0.034358687698841095
sd_1_5,2683823978,1,0.3789186179637909
sd_1_5,2905200744,0,0.0446808747947216
sd_1_5,2905200744,1,0.7041600942611694
sd_1_5,59303979,0,0.4364118278026581
sd_1_5,59303979,1,0.49145591259002686
sd_1_5,4838943023,0,0.038178276270627975
sd_1_5,4838943023,1,0.929440438747406
sd_1_5,2503250992,0,0.026556573808193207
sd_1_5,2503250992,1,0.5119606256484985
sd_1_5,2678171436,0,0.04084571823477745
sd_1_5,2678171436,1,0.9039745330810547
sd_1_5,2047543321,0,0.01784873753786087
sd_1_5,2047543321,1,0.7779753804206848
sd_1_5,3036894037,0,0.053009770810604095
sd_1_5,3036894037,1,0.9263036847114563
sd_1_5,221596640,0,0.06008664518594742
sd_1_5,221596640,1,0.42688891291618347
sd_1_5,2874876837,0,0.04885777831077576
sd_1_5,2874876837,1,0.9376689791679382
sd_1_5,2298661279,0,0.0792103260755539
sd_1_5,2298661279,1,0.917302668094635
sd_1_5,6474645169,0,0.05184547230601311
sd_1_5,6474645169,1,0.8955226540565491
sd_1_5,3121219649,0,0.04023794084787369
sd_1_5,3121219649,1,0.4866974651813507
sd_1_5,5456862756,0,0.05033063143491745
sd_1_5,5456862756,1,0.5404691100120544
sd_1_5,2856524322,0,0.05146276578307152
sd_1_5,2856524322,1,0.4281138479709625
sd_1_5,4347441967,0,0.043365802615880966
sd_1_5,4347441967,1,0.8344069123268127
sd_1_5,3745474894,0,0.04177388176321983
sd_1_5,3745474894,1,0.45677322149276733
sd_1_5,3157745346,0,0.031143832951784134
sd_1_5,3157745346,1,0.9289263486862183
sd_1_5,4062259729,0,0.04958902671933174
sd_1_5,4062259729,1,0.8984104990959167
sd_1_5,456299217,0,0.06954174488782883
sd_1_5,456299217,1,0.7924642562866211
sd_1_5,311619377,0,0.04177388176321983
sd_1_5,311619377,1,0.7134315967559814
sd_1_5,7940321892,0,0.04569203406572342
sd_1_5,7940321892,1,0.9268352389335632
sd_1_5,4655361417,0,0.13846179842948914
sd_1_5,4655361417,1,0.8572908639907837
sd_1_5,2471447879,0,0.04146227240562439
sd_1_5,2471447879,1,0.7826625108718872
sd_1_5,137444523,0,0.02228618785738945
sd_1_5,137444523,1,0.2454465627670288
sd_1_5,3332248667,0,0.046378206461668015
sd_1_5,3332248667,1,0.3508661091327667
sd_1_5,5691210724,0,0.05033063143491745
sd_1_5,5691210724,1,0.9339146018028259
sd_1_5,1810651611,0,0.043042849749326706
sd_1_5,1810651611,1,0.854884684085846
sd_1_5,4734162520,0,0.03649376705288887
sd_1_5,4734162520,1,0.5224458575248718
sd_1_5,7012109893,0,0.04922211915254593
sd_1_5,7012109893,1,0.8110781908035278
sd_1_5,7645680482,0,0.04707418009638786
sd_1_5,7645680482,1,0.7627776861190796
sd_1_5,2127166904,0,0.05223085358738899
sd_1_5,2127166904,1,0.8670357465744019
sd_1_5,3334866049,0,0.05033063143491745
sd_1_5,3334866049,1,0.9403530955314636
sd_1_5,3367399,0,0.04240383207798004
sd_1_5,3367399,1,0.7732163667678833
sd_1_5,3149038044,0,0.034618839621543884
sd_1_5,3149038044,1,0.8534248471260071
sd_1_5,450688968,0,0.03760863468050957
sd_1_5,450688968,1,0.3298233151435852
sd_1_5,4401136784,0,0.05146276578307152
sd_1_5,4401136784,1,0.06142403930425644
sd_1_5,4818675994,0,0.0333368219435215
sd_1_5,4818675994,1,0.17781086266040802
sd_1_5,345852737,0,0.05108273774385452
sd_1_5,345852737,1,0.48803940415382385
sd_1_5,5925544950,0,0.03704717382788658
sd_1_5,5925544950,1,0.9241418242454529
sd_1_5,4183662919,0,0.022977370768785477
sd_1_5,4183662919,1,0.6493563055992126
sd_1_5,4684005479,0,0.04707418009638786
sd_1_5,4684005479,1,0.19620943069458008
sd_1_5,253800791,0,0.05070536211133003
sd_1_5,253800791,1,0.9032942056655884
sd_1_5,8138745455,0,0.05184547230601311
sd_1_5,8138745455,1,0.37410447001457214
sd_1_5,95795877,0,0.05033063143491745
sd_1_5,95795877,1,0.2278127372264862
sd_1_5,6381062375,0,0.04240383207798004
sd_1_5,6381062375,1,0.8812065720558167
sd_1_5,4712636240,0,0.024237636476755142
sd_1_5,4712636240,1,0.7450275421142578
sd_1_5,3194533056,0,0.04401865229010582
sd_1_5,3194533056,1,0.8976953029632568
sd_1_5,4668948309,0,0.02779562398791313
sd_1_5,4668948309,1,0.9196425676345825
sd_1_5,268365231,0,0.030908960849046707
sd_1_5,268365231,1,0.8006919622421265
sd_1_5,4631131293,0,0.025760561227798462
sd_1_5,4631131293,1,0.729519784450531
sd_1_5,1387014885,0,0.025565212592482567
sd_1_5,1387014885,1,0.49560558795928955
sd_1_5,2952320230,0,0.06804042309522629
sd_1_5,2952320230,1,0.9066531658172607
sd_1_5,6841943688,0,0.05108273774385452
sd_1_5,6841943688,1,0.8991213440895081
sd_1_5,4333374998,0,0.04535257816314697
sd_1_5,4333374998,1,0.39501750469207764
sd_1_5,3468635980,0,0.01332514826208353
sd_1_5,3468635980,1,0.18952108919620514
sd_1_5,3125628091,0,0.10521053522825241
sd_1_5,3125628091,1,0.9635062217712402
sd_1_5,534570169,0,0.034618839621543884
sd_1_5,534570169,1,0.9469902515411377
sd_1_5,4447160600,0,0.04885777831077576
sd_1_5,4447160600,1,0.41111084818840027
sd_1_5,2209751,0,0.038178276270627975
sd_1_5,2209751,1,0.6779006123542786
sd_1_5,2723929323,0,0.0541987270116806
sd_1_5,2723929323,1,0.3285294473171234
sd_1_5,6589292543,0,0.05070536211133003
sd_1_5,6589292543,1,0.7427950501441956
sd_1_5,3351586010,0,0.0378924235701561
sd_1_5,3351586010,1,0.9304582476615906
sd_1_5,3241531692,0,0.05877656117081642
sd_1_5,3241531692,1,0.7683857679367065
sd_1_5,4879951396,0,0.08632348477840424
sd_1_5,4879951396,1,0.9219217896461487
sd_1_5,3560502528,0,0.048496004194021225
sd_1_5,3560502528,1,0.5078118443489075
sd_1_5,3655074079,0,0.043042849749326706
sd_1_5,3655074079,1,0.29624688625335693
sd_1_5,4491044489,0,0.20434190332889557
sd_1_5,4491044489,1,0.27009499073028564
sd_1_5,3105623068,0,0.04742587357759476
sd_1_5,3105623068,1,0.729519784450531
sd_1_5,3965771582,0,0.05108273774385452
sd_1_5,3965771582,1,0.2755194306373596
sd_1_5,6839984356,0,0.13568954169750214
sd_1_5,6839984356,1,0.7599387168884277
sd_1_5,2103080234,0,0.05033063143491745
sd_1_5,2103080234,1,0.8910549879074097
sd_1_5,33497646,0,0.6893056035041809
sd_1_5,33497646,1,0.9230391979217529
sd_1_5,3590753142,0,0.053009770810604095
sd_1_5,3590753142,1,0.8392075896263123
sd_1_5,3784574313,0,0.04115288704633713
sd_1_5,3784574313,1,0.7819972634315491
sd_1_5,2728607980,0,0.04742587357759476
sd_1_5,2728607980,1,0.9155072569847107
sd_1_5,575853856,0,0.07004895806312561
sd_1_5,575853856,1,0.9111796617507935
sd_1_5,6472693569,0,0.08509904146194458
sd_1_5,6472693569,1,0.06097518280148506
sd_1_5,7117115809,0,0.9161096215248108
sd_1_5,7117115809,1,0.9559813141822815
sd_1_5,7796487260,0,0.05749327689409256
sd_1_5,7796487260,1,0.815232515335083
sd_1_5,3119887967,0,0.053799644112586975
sd_1_5,3119887967,1,0.8925625681877136
sd_1_5,6925158300,0,0.05223085358738899
sd_1_5,6925158300,1,0.9656413197517395
sd_1_5,242558556,0,0.802555501461029
sd_1_5,242558556,1,0.8652240633964539
sd_1_5,3176499620,0,0.04177388176321983
sd_1_5,3176499620,1,0.8098781704902649
sd_1_5,4851268802,0,0.07211220264434814
sd_1_5,4851268802,1,0.6164741516113281
sd_1_5,3209564153,0,0.04778006672859192
sd_1_5,3209564153,1,0.9178933501243591
sd_1_5,3525978606,0,0.04535257816314697
sd_1_5,3525978606,1,0.6194712519645691
sd_1_5,3274495419,0,0.028870906680822372
sd_1_5,3274495419,1,0.23581159114837646
sd_1_5,3855173636,0,0.06052938848733902
sd_1_5,3855173636,1,0.9105454087257385
sd_1_5,2557922709,0,0.053799644112586975
sd_1_5,2557922709,1,0.8122723698616028
sd_1_5,2991994607,0,0.03258974477648735
sd_1_5,2991994607,1,0.42289185523986816
sd_1_5,4799951910,0,0.011508150026202202
sd_1_5,4799951910,1,0.5926666259765625
sd_1_5,4750766294,0,0.04084571823477745
sd_1_5,4750766294,1,0.8349459171295166
sd_1_5,3418462699,0,0.05070536211133003
sd_1_5,3418462699,1,0.9640516638755798
sd_1_5,3273892996,0,0.03934250399470329
sd_1_5,3273892996,1,0.9202179908752441
sd_1_5,54242432,0,0.030675798654556274
sd_1_5,54242432,1,0.04958902671933174
sd_1_5,3189464563,0,0.03875619173049927
sd_1_5,3189464563,1,0.9559813141822815
sd_1_5,4950889937,0,0.01578456163406372
sd_1_5,4950889937,1,0.0627892017364502
sd_1_5,2580707208,0,0.04240383207798004
sd_1_5,2580707208,1,0.6872103214263916
sd_1_5,6053720349,0,0.03488088771700859
sd_1_5,6053720349,1,0.38075894117355347
sd_1_5,7353914844,0,0.06052938848733902
sd_1_5,7353914844,1,0.9224823713302612
sd_1_5,4768270751,0,0.04672496020793915
sd_1_5,4768270751,1,0.8832359910011292
sd_1_5,492587970,0,0.04240383207798004
sd_1_5,492587970,1,0.42727723717689514
sd_1_5,125635185,0,0.03993731737136841
sd_1_5,125635185,1,0.7813306450843811
sd_1_5,4876504906,0,0.05749327689409256
sd_1_5,4876504906,1,0.971563994884491
sd_1_5,2875823162,0,0.034100428223609924
sd_1_5,2875823162,1,0.7379142642021179
sd_1_5,4781019036,0,0.029986508190631866
sd_1_5,4781019036,1,0.9178933501243591
sd_1_5,4749166996,0,0.0541987270116806
sd_1_5,4749166996,1,0.8344069123268127
sd_1_5,6188266707,0,0.053009770810604095
sd_1_5,6188266707,1,0.7348812818527222
sd_1_5,314800643,0,0.024237636476755142
sd_1_5,314800643,1,0.3751339912414551
sd_1_5,8143343377,0,0.05921025201678276
sd_1_5,8143343377,1,0.7146279811859131
sd_1_5,123997871,0,0.03993731737136841
sd_1_5,123997871,1,0.8558511734008789
sd_1_5,3676460610,0,0.08035746961832047
sd_1_5,3676460610,1,0.2632204592227936
sd_1_5,201314419,0,0.04707418009638786
sd_1_5,201314419,1,0.842863142490387
sd_1_5,252846811,0,0.026556573808193207
sd_1_5,252846811,1,0.8638516664505005
sd_1_5,4980795412,0,0.048136770725250244
sd_1_5,4980795412,1,0.8402590155601501
sd_1_5,4410033566,0,0.053009770810604095
sd_1_5,4410033566,1,0.6198165416717529
sd_1_5,2607097757,0,0.038178276270627975
sd_1_5,2607097757,1,0.729519784450531
sd_1_5,2414397449,0,0.08882028609514236
sd_1_5,2414397449,1,0.8539127111434937
sd_1_5,3399284917,0,0.09877259284257889
sd_1_5,3399284917,1,0.9385759830474854
sd_1_5,4623000836,0,0.026759283617138863
sd_1_5,4623000836,1,0.5047605633735657
sd_1_5,154653766,0,0.04778006672859192
sd_1_5,154653766,1,0.7752646803855896
sd_1_5,3403263046,0,0.04240383207798004
sd_1_5,3403263046,1,0.746508777141571
sd_1_5,4586247564,0,0.04401865229010582
sd_1_5,4586247564,1,0.9246877431869507
sd_1_5,2125626631,0,0.04742587357759476
sd_1_5,2125626631,1,0.8509646654129028
sd_1_5,1872000955,0,0.034358687698841095
sd_1_5,1872000955,1,0.5358726978302002
sd_1_5,4801849846,0,0.01065251138061285
sd_1_5,4801849846,1,0.41258931159973145
sd_1_5,5389294129,0,0.05582313984632492
sd_1_5,5389294129,1,0.16885696351528168
sd_1_5,3607969989,0,0.04885777831077576
sd_1_5,3607969989,1,0.8187368512153625
sd_1_5,3540241710,0,0.06705628335475922
sd_1_5,3540241710,1,0.23828420042991638
sd_1_5,3773298212,0,0.04742587357759476
sd_1_5,3773298212,1,0.12549345195293427
sd_1_5,5489602545,0,0.05184547230601311
sd_1_5,5489602545,1,0.9284088015556335
sd_1_5,558338473,0,0.04240383207798004
sd_1_5,558338473,1,0.8474634885787964
sd_1_5,3619322150,0,0.04054073989391327
sd_1_5,3619322150,1,0.8820220232009888
sd_1_5,3856155585,0,0.03993731737136841
sd_1_5,3856155585,1,0.879561185836792
sd_1_5,101669240,0,0.048496004194021225
sd_1_5,101669240,1,0.9334307909011841
sd_1_5,3427233064,0,0.04922211915254593
sd_1_5,3427233064,1,0.7905303239822388
sd_1_5,19469520,0,0.0443485826253891
sd_1_5,19469520,1,0.939024806022644
sd_1_5,83001714,0,0.038178276270627975
sd_1_5,83001714,1,0.5385888814926147
sd_1_5,177591612,0,0.02931223064661026
sd_1_5,177591612,1,0.1841798573732376
sd_1_5,427736337,0,0.01243165135383606
sd_1_5,427736337,1,0.13614831864833832
sd_1_5,1546632452,0,0.05184547230601311
sd_1_5,1546632452,1,0.9416541457176208
sd_1_5,4631840705,0,0.03993731737136841
sd_1_5,4631840705,1,0.32124701142311096
sd_1_5,2757803246,0,0.4929509162902832
sd_1_5,2757803246,1,0.3718206584453583
sd_1_5,6927848734,0,0.03541072458028793
sd_1_5,6927848734,1,0.5028076171875
sd_1_5,3362080042,0,0.04672496020793915
sd_1_5,3362080042,1,0.8037906289100647
sd_1_5,4940658755,0,0.04885777831077576
sd_1_5,4940658755,1,0.27708160877227783
sd_1_5,4903293024,0,0.04569203406572342
sd_1_5,4903293024,1,0.8080672025680542
sd_1_5,4016499639,0,0.03963884338736534
sd_1_5,4016499639,1,0.4342813491821289
sd_1_5,3809758561,0,0.04672496020793915
sd_1_5,3809758561,1,0.5455278754234314
sd_1_5,4736841029,0,0.048136770725250244
sd_1_5,4736841029,1,0.851952850818634
sd_1_5,2284894733,0,0.03704717382788658
sd_1_5,2284894733,1,0.8338664174079895
sd_1_5,2378356400,0,0.06560482829809189
sd_1_5,2378356400,1,0.6526842713356018
sd_1_5,541063419,0,0.0427221953868866
sd_1_5,541063419,1,0.22337706387043
sd_1_5,4948865477,0,0.03760863468050957
sd_1_5,4948865477,1,0.858244001865387
sd_1_5,3327761688,0,0.023870835080742836
sd_1_5,3327761688,1,0.16940587759017944
sd_1_5,637245791,0,0.03934250399470329
sd_1_5,637245791,1,0.7498207092285156
sd_1_5,2230363312,0,0.02909075655043125
sd_1_5,2230363312,1,0.801314651966095
sd_1_5,2973269132,0,0.05223085358738899
sd_1_5,2973269132,1,0.8875949382781982
sd_1_5,2551602773,0,0.043042849749326706
sd_1_5,2551602773,1,0.5386495590209961
sd_1_5,732671252,0,0.05921025201678276
sd_1_5,732671252,1,0.9149009585380554
sd_1_5,3219606,0,0.015072628855705261
sd_1_5,3219606,1,0.3490888178348541
sd_1_5,905355838,0,0.027169233188033104
sd_1_5,905355838,1,0.9334307909011841
sd_1_5,4632869465,0,0.04778006672859192
sd_1_5,4632869465,1,0.9399133324623108
sd_1_5,281658181,0,0.05921025201678276
sd_1_5,281658181,1,0.6277230381965637
sd_1_5,3124455694,0,0.04535257816314697
sd_1_5,3124455694,1,0.6658452153205872
sd_1_5,3416339125,0,0.052618954330682755
sd_1_5,3416339125,1,0.16940587759017944
sd_1_5,2518853257,0,0.03676946461200714
sd_1_5,2518853257,1,0.34886690974235535
sd_1_5,5732777684,0,0.03594832494854927
sd_1_5,5732777684,1,0.9099069833755493
sd_1_5,1777816180,0,0.04922211915254593
sd_1_5,1777816180,1,0.9358173608779907
sd_1_5,5384132543,0,0.13072869181632996
sd_1_5,5384132543,1,0.9012274742126465
sd_1_5,2446830166,0,0.03934250399470329
sd_1_5,2446830166,1,0.914290726184845
sd_1_5,288038357,0,0.024798160418868065
sd_1_5,288038357,1,0.8762113451957703
sd_1_5,6647904677,0,0.05108273774385452
sd_1_5,6647904677,1,0.9263036847114563
sd_1_5,620595746,0,0.05033063143491745
sd_1_5,620595746,1,0.9202179908752441
sd_1_5,1423997242,0,0.034358687698841095
sd_1_5,1423997242,1,0.06008664518594742
sd_1_5,4941418090,0,0.053009770810604095
sd_1_5,4941418090,1,0.8976953029632568
sd_1_5,3909552008,0,0.04084571823477745
sd_1_5,3909552008,1,0.9124361872673035
sd_1_5,1505686764,0,0.03649376705288887
sd_1_5,1505686764,1,0.9012274742126465
sd_1_5,4770745669,0,0.0541987270116806
sd_1_5,4770745669,1,0.4069797992706299
sd_1_5,2752084369,0,0.037326883524656296
sd_1_5,2752084369,1,0.7487199306488037
sd_1_5,3466635681,0,0.15765489637851715
sd_1_5,3466635681,1,0.929951012134552
sd_1_5,4152957260,0,0.18952108919620514
sd_1_5,4152957260,1,0.9046505093574524
sd_1_5,4977528001,0,0.04778006672859192
sd_1_5,4977528001,1,0.894789457321167
sd_1_5,2167644298,0,0.04672496020793915
sd_1_5,2167644298,1,0.8338664174079895
sd_1_5,6191516871,0,0.0443485826253891
sd_1_5,6191516871,1,0.8272706270217896
sd_1_5,4569102627,0,0.0384661927819252
sd_1_5,4569102627,1,0.481667160987854
sd_1_5,72010346,0,0.0120537793263793
sd_1_5,72010346,1,0.4351212680339813
sd_1_5,4444686770,0,0.07107366621494293
sd_1_5,4444686770,1,0.8587185740470886
sd_1_5,3302986588,0,0.05223085358738899
sd_1_5,3302986588,1,0.7424216866493225
sd_1_5,4915658588,0,0.04535257816314697
sd_1_5,4915658588,1,0.7457688450813293
sd_1_5,5988551357,0,0.02843603491783142
sd_1_5,5988551357,1,0.5193994641304016
sd_1_5,230486268,0,0.04885777831077576
sd_1_5,230486268,1,0.9284088015556335
sd_1_5,3050606344,0,0.04742587357759476
sd_1_5,3050606344,1,0.8479677438735962
sd_1_5,3449846784,0,0.2075357437133789
sd_1_5,3449846784,1,0.8933094143867493
sd_1_5,4570151256,0,0.0753123089671135
sd_1_5,4570151256,1,0.3977629542350769
sd_1_5,3043510721,0,0.02615562081336975
sd_1_5,3043510721,1,0.8807970285415649
sd_1_5,4895355979,0,0.08570927381515503
sd_1_5,4895355979,1,0.7988152503967285
sd_1_5,390369,0,0.05033063143491745
sd_1_5,390369,1,0.414247065782547
sd_1_5,3390808408,0,0.05146276578307152
sd_1_5,3390808408,1,0.622459352016449
sd_1_5,3523559027,0,0.06371499598026276
sd_1_5,3523559027,1,0.09947021305561066
sd_1_5,2980901328,0,0.048496004194021225
sd_1_5,2980901328,1,0.8984104990959167
sd_1_5,582788646,0,0.05184547230601311
sd_1_5,582788646,1,0.7962924242019653
sd_1_5,4490635744,0,0.027169233188033104
sd_1_5,4490635744,1,0.814643383026123
sd_1_5,3636936656,0,0.12984342873096466
sd_1_5,3636936656,1,0.9059898257255554
sd_1_5,6186146093,0,0.05184547230601311
sd_1_5,6186146093,1,0.8499711751937866
sd_1_5,345284642,0,0.04084571823477745
sd_1_5,345284642,1,0.37822940945625305
sd_1_5,3620764461,0,0.03875619173049927
sd_1_5,3620764461,1,0.12378869205713272
sd_1_5,141841337,0,0.014728613197803497
sd_1_5,141841337,1,0.45495644211769104
sd_1_5,4712411908,0,0.049958523362874985
sd_1_5,4712411908,1,0.8499711751937866
sd_1_5,4803926618,0,0.04603390023112297
sd_1_5,4803926618,1,0.544861912727356
sd_1_5,1625306051,0,0.0443485826253891
sd_1_5,1625306051,1,0.956308901309967
sd_1_5,2515822745,0,0.04054073989391327
sd_1_5,2515822745,1,0.5139124393463135
sd_1_5,4328538175,0,0.029535336419939995
sd_1_5,4328538175,1,0.6134681701660156
sd_1_5,2202059975,0,0.04023794084787369
sd_1_5,2202059975,1,0.6905590891838074
sd_1_5,4316585644,0,0.048496004194021225
sd_1_5,4316585644,1,0.8914335370063782
sd_1_5,499165634,0,0.05541279539465904
sd_1_5,499165634,1,0.8933094143867493
sd_1_5,4734146340,0,0.024053553119301796
sd_1_5,4734146340,1,0.8386797308921814
sd_1_5,1160441615,0,0.05223085358738899
sd_1_5,1160441615,1,0.8679338097572327
sd_1_5,6958079140,0,0.04054073989391327
sd_1_5,6958079140,1,0.8509646654129028
sd_1_5,3562606482,0,0.02280263602733612
sd_1_5,3562606482,1,0.8444089889526367
sd_1_5,23016347,0,0.027585284784436226
sd_1_5,23016347,1,0.1555909812450409
sd_1_5,6194677011,0,0.05033063143491745
sd_1_5,6194677011,1,0.9416541457176208
sd_1_5,6774537791,0,0.02843603491783142
sd_1_5,6774537791,1,0.929951012134552
sd_1_5,2577972703,0,0.04146227240562439
sd_1_5,2577972703,1,0.9149009585380554
sd_1_5,3221036999,0,0.05623634159564972
sd_1_5,3221036999,1,0.09268777817487717
sd_1_5,2797188545,0,0.04535257816314697
sd_1_5,2797188545,1,0.9207897186279297
sd_1_5,1181708011,0,0.03934250399470329
sd_1_5,1181708011,1,0.5900707244873047
sd_1_5,2978040423,0,0.06754669547080994
sd_1_5,2978040423,1,0.7937461733818054
sd_1_5,3249597269,0,0.04742587357759476
sd_1_5,3249597269,1,0.9353464841842651
sd_1_5,1066831905,0,0.02178117260336876
sd_1_5,1066831905,1,0.7371581792831421
sd_1_5,2844202978,0,0.0378924235701561
sd_1_5,2844202978,1,0.9412234425544739
sd_1_5,2363540508,0,0.0384661927819252
sd_1_5,2363540508,1,0.9019206762313843
sd_1_5,3353400143,0,0.05749327689409256
sd_1_5,3353400143,1,0.8489722013473511
sd_1_5,3362592729,0,0.04177388176321983
sd_1_5,3362592729,1,0.7209580540657043
sd_1_5,91875542,0,0.03875619173049927
sd_1_5,91875542,1,0.6160122752189636
sd_1_5,2507831979,0,0.018264278769493103
sd_1_5,2507831979,1,0.50146484375
sd_1_5,2841909138,0,0.04177388176321983
sd_1_5,2841909138,1,0.9485372304916382
sd_1_5,462383841,0,0.05582313984632492
sd_1_5,462383841,1,0.06052938848733902
sd_1_5,4448279884,0,0.05108273774385452
sd_1_5,4448279884,1,0.8031737804412842
sd_1_5,3081330705,0,0.0443485826253891
sd_1_5,3081330705,1,0.961243748664856
sd_1_5,4900761380,0,0.05184547230601311
sd_1_5,4900761380,1,0.8514594435691833
sd_1_5,5925539370,0,0.04603390023112297
sd_1_5,5925539370,1,0.907312273979187
sd_1_5,1288909046,0,0.03760863468050957
sd_1_5,1288909046,1,0.574364960193634
sd_1_5,437549483,0,0.1650540828704834
sd_1_5,437549483,1,0.9118099808692932
sd_1_5,520913429,0,0.04603390023112297
sd_1_5,520913429,1,0.6959583163261414
sd_1_5,3732728142,0,0.07696083933115005
sd_1_5,3732728142,1,0.7283620238304138
sd_1_5,1235455146,0,0.0446808747947216
sd_1_5,1235455146,1,0.055005282163619995
sd_1_5,3186527735,0,0.031143832951784134
sd_1_5,3186527735,1,0.22815649211406708
sd_1_5,3567604049,0,0.09670579433441162
sd_1_5,3567604049,1,0.9358173608779907
sd_1_5,78058719,0,0.01578456163406372
sd_1_5,78058719,1,0.3402659296989441
sd_1_5,1235099089,0,0.05223085358738899
sd_1_5,1235099089,1,0.8872045874595642
sd_1_5,4584266249,0,0.07159119844436646
sd_1_5,4584266249,1,0.8910549879074097
sd_1_5,4751932433,0,0.04401865229010582
sd_1_5,4751932433,1,0.4155212938785553
sd_1_5,3529333786,0,0.03963884338736534
sd_1_5,3529333786,1,0.9525741338729858
sd_1_5,3640329164,0,0.057918086647987366
sd_1_5,3640329164,1,0.5157723426818848
sd_1_5,2396746868,0,0.2465333491563797
sd_1_5,2396746868,1,0.8349459171295166
sd_1_5,411008311,0,0.04054073989391327
sd_1_5,411008311,1,0.8000679016113281
sd_1_5,2800990525,0,0.04707418009638786
sd_1_5,2800990525,1,0.5578151941299438
sd_1_5,3522495606,0,0.03210070729255676
sd_1_5,3522495606,1,0.5302668809890747
sd_1_5,4803984649,0,0.0443485826253891
sd_1_5,4803984649,1,0.9566342234611511
sd_1_5,3376741717,0,0.03934250399470329
sd_1_5,3376741717,1,0.2024431824684143
sd_1_5,3246724744,0,0.06512755155563354
sd_1_5,3246724744,1,0.2970619201660156
sd_1_5,3243866702,0,0.05184547230601311
sd_1_5,3243866702,1,0.8910549879074097
sd_1_5,2903617548,0,0.03622005879878998
sd_1_5,2903617548,1,0.8474634885787964
sd_1_5,7711598144,0,0.048496004194021225
sd_1_5,7711598144,1,0.7853085398674011
sd_1_5,2305437797,0,0.04535257816314697
sd_1_5,2305437797,1,0.8887587189674377
sd_1_5,91251257,0,0.026556573808193207
sd_1_5,91251257,1,0.21900324523448944
sd_1_5,514165525,0,0.04778006672859192
sd_1_5,514165525,1,0.9066531658172607
sd_1_5,3708748633,0,0.021125193685293198
sd_1_5,3708748633,1,0.5642185211181641
sd_1_5,6315352509,0,0.05623634159564972
sd_1_5,6315352509,1,0.9462003111839294
sd_1_5,3728015645,0,0.859663724899292
sd_1_5,3728015645,1,0.8770562410354614
sd_1_5,1378557186,0,0.04146227240562439
sd_1_5,1378557186,1,0.472561776638031
sd_1_5,4719086173,0,0.06052938848733902
sd_1_5,4719086173,1,0.9026095867156982
sd_1_5,4893369019,0,0.04501553252339363
sd_1_5,4893369019,1,0.06656918674707413
sd_1_5,65845718,0,0.11357959359884262
sd_1_5,65845718,1,0.5357664823532104
sd_1_5,2537819002,0,0.0427221953868866
sd_1_5,2537819002,1,0.06608537584543228
sd_1_5,1112334131,0,0.022457055747509003
sd_1_5,1112334131,1,0.9059898257255554
sd_1_5,697582336,0,0.04177388176321983
sd_1_5,697582336,1,0.268557608127594
sd_1_5,2602279427,0,0.03358950465917587
sd_1_5,2602279427,1,0.3048688769340515
sd_1_5,4365035558,0,0.2613309323787689
sd_1_5,4365035558,1,0.396301805973053
sd_1_5,524360969,0,0.043042849749326706
sd_1_5,524360969,1,0.6365790963172913
sd_1_5,4944644486,0,0.14033624529838562
sd_1_5,4944644486,1,0.8098781704902649
sd_1_5,4320494335,0,0.02779562398791313
sd_1_5,4320494335,1,0.8848377466201782
sd_1_5,2596474836,0,0.04146227240562439
sd_1_5,2596474836,1,0.6645402908325195
sd_1_5,8173029395,0,0.048136770725250244
sd_1_5,8173029395,1,0.18068422377109528
sd_1_5,2691641332,0,0.043042849749326706
sd_1_5,2691641332,1,0.9511421918869019
sd_1_5,6987411804,0,0.034358687698841095
sd_1_5,6987411804,1,0.5748423337936401
sd_1_5,2637510448,0,0.043691057711839676
sd_1_5,2637510448,1,0.4138324558734894
sd_1_5,2871691966,0,0.04922211915254593
sd_1_5,2871691966,1,0.9268352389335632
sd_1_5,3194034449,0,0.04885777831077576
sd_1_5,3194034449,1,0.8311430811882019
sd_1_5,512309690,0,0.021287351846694946
sd_1_5,512309690,1,0.8187368512153625
sd_1_5,1606988704,0,0.09009299427270889
sd_1_5,1606988704,1,0.8848377466201782
sd_1_5,2278490028,0,0.03934250399470329
sd_1_5,2278490028,1,0.5118386149406433
sd_1_5,84509831,0,0.03258974477648735
sd_1_5,84509831,1,0.7610060572624207
sd_1_5,3562816250,0,0.06608537584543228
sd_1_5,3562816250,1,0.9500414729118347
sd_1_5,2834752476,0,0.13072869181632996
sd_1_5,2834752476,1,0.29624688625335693
sd_1_5,687513087,0,0.07585817575454712
sd_1_5,687513087,1,0.914290726184845
sd_1_5,3724946689,0,0.11357959359884262
sd_1_5,3724946689,1,0.859663724899292
sd_1_5,5009687058,0,0.03875619173049927
sd_1_5,5009687058,1,0.06187598407268524
sd_1_5,7173939318,0,0.028007520362734795
sd_1_5,7173939318,1,0.1919327974319458
sd_1_5,3307563498,0,0.04707418009638786
sd_1_5,3307563498,1,0.8918110132217407
sd_1_5,3316725440,0,0.052618954330682755
sd_1_5,3316725440,1,0.735641598701477
sd_1_5,2671602981,0,0.06903792917728424
sd_1_5,2671602981,1,0.9257686138153076
sd_1_5,6728801573,0,0.05223085358738899
sd_1_5,6728801573,1,0.9026095867156982
sd_1_5,378336163,0,0.3727335035800934
sd_1_5,378336163,1,0.7541915774345398
sd_1_5,319870744,0,0.04501553252339363
sd_1_5,319870744,1,0.8104788661003113
sd_1_5,299303069,0,0.042087726294994354
sd_1_5,299303069,1,0.49560558795928955
sd_1_5,479545053,0,0.04177388176321983
sd_1_5,479545053,1,0.9161096215248108
sd_1_5,2504056718,0,0.03622005879878998
sd_1_5,2504056718,1,0.9026095867156982
sd_1_5,141203926,0,0.05184547230601311
sd_1_5,141203926,1,0.9500414729118347
sd_1_5,415604639,0,0.0378924235701561
sd_1_5,415604639,1,0.8910549879074097
sd_1_5,421153376,0,0.04958902671933174
sd_1_5,421153376,1,0.12721827626228333
sd_1_5,745880539,0,0.07107366621494293
sd_1_5,745880539,1,0.9026095867156982
sd_1_5,3231749680,0,0.02822098508477211
sd_1_5,3231749680,1,0.9485372304916382
sd_1_5,2666234771,0,0.05623634159564972
sd_1_5,2666234771,1,0.09138210862874985
sd_1_5,3079917032,0,0.03676946461200714
sd_1_5,3079917032,1,0.6706082820892334
sd_1_5,3773323977,0,0.034618839621543884
sd_1_5,3773323977,1,0.9149009585380554
sd_1_5,4971580248,0,0.03963884338736534
sd_1_5,4971580248,1,0.6004226803779602
sd_1_5,6680789117,0,0.0541987270116806
sd_1_5,6680789117,1,0.23970511555671692
sd_1_5,208025491,0,0.0446808747947216
sd_1_5,208025491,1,0.5567912459373474
sd_1_5,4912808658,0,0.03649376705288887
sd_1_5,4912808658,1,0.04672496020793915
sd_1_5,3504379205,0,0.043365802615880966
sd_1_5,3504379205,1,0.5502448678016663
sd_1_5,172097783,0,0.04707418009638786
sd_1_5,172097783,1,0.9635062217712402
sd_1_5,3355683198,0,0.39140594005584717
sd_1_5,3355683198,1,0.8558511734008789
sd_1_5,2909982588,0,0.04535257816314697
sd_1_5,2909982588,1,0.19868534803390503
sd_1_5,1406296515,0,0.9339146018028259
sd_1_5,1406296515,1,0.8514594435691833
sd_1_5,3163281186,0,0.4367421269416809
sd_1_5,3163281186,1,0.8778960704803467
sd_1_5,444051472,0,0.05749327689409256
sd_1_5,444051472,1,0.6048657894134521
sd_1_5,4523218758,0,0.026556573808193207
sd_1_5,4523218758,1,0.4294293522834778
sd_1_5,3368569524,0,0.032344330102205276
sd_1_5,3368569524,1,0.8918110132217407
sd_1_5,2391509645,0,0.06954174488782883
sd_1_5,2391509645,1,0.9066531658172607
sd_1_5,3041642723,0,0.03308597952127457
sd_1_5,3041642723,1,0.7634837031364441
sd_1_5,3469609037,0,0.05070536211133003
sd_1_5,3469609037,1,0.10594827681779861
sd_1_5,1157215900,0,0.030444350093603134
sd_1_5,1157215900,1,0.4938967823982239
sd_1_5,536537638,0,0.024798160418868065
sd_1_5,536537638,1,0.9184802770614624
sd_1_5,69830857,0,0.023330768570303917
sd_1_5,69830857,1,0.2037075310945511
sd_1_5,4594224630,0,0.04177388176321983
sd_1_5,4594224630,1,0.6057990789413452
sd_1_5,4560100704,0,0.0443485826253891
sd_1_5,4560100704,1,0.3958054184913635
sd_1_5,4948403203,0,0.14511536061763763
sd_1_5,4948403203,1,0.0534033328294754
sd_1_5,2441313372,0,0.03875619173049927
sd_1_5,2441313372,1,0.6270381808280945
sd_1_5,3325960085,0,0.03875619173049927
sd_1_5,3325960085,1,0.6588566303253174
sd_1_5,2317271,0,0.048496004194021225
sd_1_5,2317271,1,0.9092645049095154
sd_1_5,3640348910,0,0.05460060387849808
sd_1_5,3640348910,1,0.9376689791679382
sd_1_5,536495604,0,0.03993731737136841
sd_1_5,536495604,1,0.36556991934776306
sd_1_5,122301379,0,0.03567855432629585
sd_1_5,122301379,1,0.5914872884750366
sd_1_5,1011572216,0,0.04401865229010582
sd_1_5,1011572216,1,0.8783142566680908
sd_1_5,1580159719,0,0.017309095710515976
sd_1_5,1580159719,1,0.6984323263168335
sd_1_5,4451504790,0,0.029760094359517097
sd_1_5,4451504790,1,0.9161096215248108
sd_1_5,3809063851,0,0.022457055747509003
sd_1_5,3809063851,1,0.7655933499336243
sd_1_5,3667781063,0,0.017442483454942703
sd_1_5,3667781063,1,0.56193608045578
sd_1_5,4751250311,0,0.05070536211133003
sd_1_5,4751250311,1,0.3257350027561188
sd_1_5,3311724634,0,0.04603390023112297
sd_1_5,3311724634,1,0.10017222166061401
sd_1_5,4494075018,0,0.05070536211133003
sd_1_5,4494075018,1,0.07696083933115005
sd_1_5,3259229498,0,0.053799644112586975
sd_1_5,3259229498,1,0.6352224349975586
sd_1_5,2993049054,0,0.030908960849046707
sd_1_5,2993049054,1,0.7779753804206848
sd_1_5,2629784415,0,0.48249006271362305
sd_1_5,2629784415,1,0.8311430811882019
sd_1_5,2731298834,0,0.049958523362874985
sd_1_5,2731298834,1,0.7110297679901123
sd_1_5,4118638516,0,0.0443485826253891
sd_1_5,4118638516,1,0.6482437252998352
sd_1_5,3827176890,0,0.06705628335475922
sd_1_5,3827176890,1,0.44167301058769226
sd_1_5,4180952377,0,0.032344330102205276
sd_1_5,4180952377,1,0.8629302382469177
sd_1_5,5614715384,0,0.053009770810604095
sd_1_5,5614715384,1,0.8267117738723755
sd_1_5,2147866213,0,0.05070536211133003
sd_1_5,2147866213,1,0.8910549879074097
sd_1_5,4825488431,0,0.05582313984632492
sd_1_5,4825488431,1,0.8244618773460388
sd_1_5,4857776520,0,0.029535336419939995
sd_1_5,4857776520,1,0.7217432260513306
sd_1_5,4920617810,0,0.0427221953868866
sd_1_5,4920617810,1,0.9319595694541931
sd_1_5,7129695767,0,0.06418264657258987
sd_1_5,7129695767,1,0.9161096215248108
sd_1_5,3399944164,0,0.3199707269668579
sd_1_5,3399944164,1,0.5176928043365479
sd_1_5,3726551176,0,0.04603390023112297
sd_1_5,3726551176,1,0.8966140151023865
sd_1_5,1196886054,0,0.04177388176321983
sd_1_5,1196886054,1,0.6619228720664978
sd_1_5,2579460386,0,0.042087726294994354
sd_1_5,2579460386,1,0.8740772008895874
sd_1_5,4899635195,0,0.048136770725250244
sd_1_5,4899635195,1,0.8459424376487732
sd_1_5,7430272380,0,0.0960254967212677
sd_1_5,7430272380,1,0.8198933005332947
sd_1_5,2265106886,0,0.04922211915254593
sd_1_5,2265106886,1,0.9437636137008667
sd_1_5,5513727638,0,0.0541987270116806
sd_1_5,5513727638,1,0.6934729218482971
sd_1_5,2682194299,0,0.04084571823477745
sd_1_5,2682194299,1,0.8104788661003113
sd_1_5,2837804631,0,0.03649376705288887
sd_1_5,2837804631,1,0.7585106492042542
sd_1_5,4480270643,0,0.043691057711839676
sd_1_5,4480270643,1,0.45750024914741516
sd_1_5,6156276992,0,0.04501553252339363
sd_1_5,6156276992,1,0.894789457321167
sd_1_5,4555935886,0,0.05223085358738899
sd_1_5,4555935886,1,0.9130582809448242
sd_1_5,3609952704,0,0.02822098508477211
sd_1_5,3609952704,1,0.8187368512153625
sd_1_5,263494261,0,0.037326883524656296
sd_1_5,263494261,1,0.7563575506210327
sd_1_5,3451290730,0,0.03934250399470329
sd_1_5,3451290730,1,0.42482951283454895
sd_1_5,549520317,0,0.08509904146194458
sd_1_5,549520317,1,0.8770562410354614
sd_1_5,4514987995,0,0.04535257816314697
sd_1_5,4514987995,1,0.63680499792099
sd_1_5,7252718418,0,0.05108273774385452
sd_1_5,7252718418,1,0.5635280609130859
sd_1_5,288025239,0,0.0534033328294754
sd_1_5,288025239,1,0.750552773475647
sd_1_5,76466808,0,0.0838903859257698
sd_1_5,76466808,1,0.11240507662296295
sd_1_5,2900905937,0,0.026556573808193207
sd_1_5,2900905937,1,0.8998277187347412
sd_1_5,2313551145,0,0.048136770725250244
sd_1_5,2313551145,1,0.8824278712272644
sd_1_5,524036004,0,0.10781264305114746
sd_1_5,524036004,1,0.5413785576820374
sd_1_5,3772446893,0,0.04146227240562439
sd_1_5,3772446893,1,0.8875949382781982
sd_1_5,3094629328,0,0.034618839621543884
sd_1_5,3094629328,1,0.41667795181274414
sd_1_5,3139160252,0,0.053009770810604095
sd_1_5,3139160252,1,0.9511421918869019
sd_1_5,118854260,0,0.07004895806312561
sd_1_5,118854260,1,0.6511330604553223
sd_1_5,2448393373,0,0.042087726294994354
sd_1_5,2448393373,1,0.9453993439674377
sd_1_5,4222067827,0,0.0534033328294754
sd_1_5,4222067827,1,0.9224823713302612
sd_1_5,449352117,0,0.04240383207798004
sd_1_5,449352117,1,0.8092759251594543
sd_1_5,2735558076,0,0.028652669861912727
sd_1_5,2735558076,1,0.3197582960128784
sd_1_5,4858175898,0,0.03993731737136841
sd_1_5,4858175898,1,0.8719117641448975
sd_1_5,4442319130,0,0.0378924235701561
sd_1_5,4442319130,1,0.756717324256897
sd_1_5,2954929479,0,0.04401865229010582
sd_1_5,2954929479,1,0.9105454087257385
sd_1_5,16158623,0,0.0384661927819252
sd_1_5,16158623,1,0.5263427495956421
sd_1_5,5501340599,0,0.04707418009638786
sd_1_5,5501340599,1,0.8661325573921204
sd_1_5,1015118661,0,0.028007520362734795
sd_1_5,1015118661,1,0.8031737804412842
sd_3_5_large,1016887272,0,0.05033063143491745
sd_3_5_large,1016887272,1,0.09739039838314056
sd_3_5_large,7162685234,0,0.7745833992958069
sd_3_5_large,7162685234,1,0.06954174488782883
sd_3_5_large,3000017878,0,0.05834583565592766
sd_3_5_large,3000017878,1,0.40321433544158936
sd_3_5_large,4971484184,0,0.05921025201678276
sd_3_5_large,4971484184,1,0.24908174574375153
sd_3_5_large,92679312,0,0.07864238321781158
sd_3_5_large,92679312,1,0.15152934193611145
sd_3_5_large,2853682342,0,0.0534033328294754
sd_3_5_large,2853682342,1,0.13206614553928375
sd_3_5_large,5131842202,0,0.049958523362874985
sd_3_5_large,5131842202,1,0.09842541813850403
sd_3_5_large,4859170265,0,0.05146276578307152
sd_3_5_large,4859170265,1,0.13753247261047363
sd_3_5_large,2612125121,0,0.02822098508477211
sd_3_5_large,2612125121,1,0.13568954169750214
sd_3_5_large,3134644844,0,0.03384403511881828
sd_3_5_large,3134644844,1,0.5343695282936096
sd_3_5_large,316298162,0,0.027585284784436226
sd_3_5_large,316298162,1,0.13432104885578156
sd_3_5_large,3601843201,0,0.0534033328294754
sd_3_5_large,3601843201,1,0.3376401960849762
sd_3_5_large,5086989679,0,0.12252321094274521
sd_3_5_large,5086989679,1,0.6761924028396606
sd_3_5_large,1246863003,0,0.02843603491783142
sd_3_5_large,1246863003,1,0.35488009452819824
sd_3_5_large,2193001254,0,0.200557678937912
sd_3_5_large,2193001254,1,0.10230470448732376
sd_3_5_large,4283472819,0,0.04401865229010582
sd_3_5_large,4283472819,1,0.09073548763990402
sd_3_5_large,1117972841,0,0.14706452190876007
sd_3_5_large,1117972841,1,0.8812065720558167
sd_3_5_large,48614561,0,0.05108273774385452
sd_3_5_large,48614561,1,0.8000679016113281
sd_3_5_large,6232601127,0,0.025371313095092773
sd_3_5_large,6232601127,1,0.06142403930425644
sd_3_5_large,4439654945,0,0.03963884338736534
sd_3_5_large,4439654945,1,0.26664361357688904
sd_3_5_large,269898428,0,0.023330768570303917
sd_3_5_large,269898428,1,0.05921025201678276
sd_3_5_large,2113592981,0,0.04146227240562439
sd_3_5_large,2113592981,1,0.17384850978851318
sd_3_5_large,1542970158,0,0.020645931363105774
sd_3_5_large,1542970158,1,0.09203286468982697
sd_3_5_large,4743795506,0,0.03488088771700859
sd_3_5_large,4743795506,1,0.2454465627670288
sd_3_5_large,1313961775,0,0.052618954330682755
sd_3_5_large,1313961775,1,0.20434190332889557
sd_3_5_large,4005756399,0,0.027376487851142883
sd_3_5_large,4005756399,1,0.06371499598026276
sd_3_5_large,4844409798,0,0.048496004194021225
sd_3_5_large,4844409798,1,0.8606036305427551
sd_3_5_large,4970590451,0,0.048136770725250244
sd_3_5_large,4970590451,1,0.7627776861190796
sd_3_5_large,2536995789,0,0.01640303246676922
sd_3_5_large,2536995789,1,0.06903792917728424
sd_3_5_large,2230134548,0,0.03488088771700859
sd_3_5_large,2230134548,1,0.13986563682556152
sd_3_5_large,1295719054,0,0.04672496020793915
sd_3_5_large,1295719054,1,0.20561504364013672
sd_3_5_large,407815946,0,0.07159119844436646
sd_3_5_large,407815946,1,0.11008787900209427
sd_3_5_large,4726677489,0,0.046378206461668015
sd_3_5_large,4726677489,1,0.07369627058506012
sd_3_5_large,2431723485,0,0.05541279539465904
sd_3_5_large,2431723485,1,0.36206647753715515
sd_3_5_large,4686568156,0,0.030908960849046707
sd_3_5_large,4686568156,1,0.10158944129943848
sd_3_5_large,688926797,0,0.03308597952127457
sd_3_5_large,688926797,1,0.1841798573732376
sd_3_5_large,3245460937,0,0.053009770810604095
sd_3_5_large,3245460937,1,0.22202469408512115
sd_3_5_large,4759710534,0,0.06325051933526993
sd_3_5_large,4759710534,1,0.25645938515663147
sd_3_5_large,6338704,0,0.013955710455775261
sd_3_5_large,6338704,1,0.07585817575454712
sd_3_5_large,2723024306,0,0.038178276270627975
sd_3_5_large,2723024306,1,0.1196136623620987
sd_3_5_large,23473996,0,0.027169233188033104
sd_3_5_large,23473996,1,0.10194651782512665
sd_3_5_large,2831215155,0,0.07159119844436646
sd_3_5_large,2831215155,1,0.48681947588920593
sd_3_5_large,4682929932,0,0.057918086647987366
sd_3_5_large,4682929932,1,0.854884684085846
sd_3_5_large,2736263351,0,0.024053553119301796
sd_3_5_large,2736263351,1,0.07864238321781158
sd_3_5_large,4376363559,0,0.05665242671966553
sd_3_5_large,4376363559,1,0.07978201657533646
sd_3_5_large,4937441878,0,0.018124720081686974
sd_3_5_large,4937441878,1,0.07640768587589264
sd_3_5_large,6386880789,0,0.04707418009638786
sd_3_5_large,6386880789,1,0.15152934193611145
sd_3_5_large,3698607223,0,0.05665242671966553
sd_3_5_large,3698607223,1,0.09401018917560577
sd_3_5_large,3134341610,0,0.06097518280148506
sd_3_5_large,3134341610,1,0.4656304717063904
sd_3_5_large,11551286,0,0.048136770725250244
sd_3_5_large,11551286,1,0.8338664174079895
sd_3_5_large,214166720,0,0.03704717382788658
sd_3_5_large,214166720,1,0.09534946084022522
sd_3_5_large,3179223972,0,0.0427221953868866
sd_3_5_large,3179223972,1,0.6084777116775513
sd_3_5_large,4540165999,0,0.04569203406572342
sd_3_5_large,4540165999,1,0.07864238321781158
sd_3_5_large,3217187564,0,0.04885777831077576
sd_3_5_large,3217187564,1,0.2727987766265869
sd_3_5_large,1097710887,0,0.05033063143491745
sd_3_5_large,1097710887,1,0.2254166156053543
sd_3_5_large,5138003138,0,0.0534033328294754
sd_3_5_large,5138003138,1,0.41406935453414917
sd_3_5_large,2743465453,0,0.03704717382788658
sd_3_5_large,2743465453,1,0.21076630055904388
sd_3_5_large,4650780114,0,0.03676946461200714
sd_3_5_large,4650780114,1,0.2613309323787689
sd_3_5_large,3518443604,0,0.03283695504069328
sd_3_5_large,3518443604,1,0.5366771817207336
sd_3_5_large,55438559,0,0.02931223064661026
sd_3_5_large,55438559,1,0.1901218295097351
sd_3_5_large,3381788544,0,0.034100428223609924
sd_3_5_large,3381788544,1,0.10818894952535629
sd_3_5_large,3584603849,0,0.04958902671933174
sd_3_5_large,3584603849,1,0.8933094143867493
sd_3_5_large,2790909995,0,0.13117322325706482
sd_3_5_large,2790909995,1,0.049958523362874985
sd_3_5_large,777288299,0,0.053799644112586975
sd_3_5_large,777288299,1,0.2075357437133789
sd_3_5_large,16396205,0,0.028007520362734795
sd_3_5_large,16396205,1,0.3094409108161926
sd_3_5_large,3774986130,0,0.04922211915254593
sd_3_5_large,3774986130,1,0.30777397751808167
sd_3_5_large,4979293130,0,0.04115288704633713
sd_3_5_large,4979293130,1,0.09268777817487717
sd_3_5_large,553918837,0,0.04146227240562439
sd_3_5_large,553918837,1,0.19993211328983307
sd_3_5_large,4507048434,0,0.05184547230601311
sd_3_5_large,4507048434,1,0.08632348477840424
sd_3_5_large,2970183443,0,0.0427221953868866
sd_3_5_large,2970183443,1,0.14511536061763763
sd_3_5_large,2645724661,0,0.05070536211133003
sd_3_5_large,2645724661,1,0.10856641829013824
sd_3_5_large,4274214534,0,0.04084571823477745
sd_3_5_large,4274214534,1,0.17217186093330383
sd_3_5_large,322563288,0,0.04535257816314697
sd_3_5_large,322563288,1,0.39770445227622986
sd_3_5_large,144571886,0,0.05070536211133003
sd_3_5_large,144571886,1,0.13846179842948914
sd_3_5_large,405615014,0,0.030675798654556274
sd_3_5_large,405615014,1,0.14223188161849976
sd_3_5_large,4848645410,0,0.048136770725250244
sd_3_5_large,4848645410,1,0.2925953269004822
sd_3_5_large,4563177695,0,0.05582313984632492
sd_3_5_large,4563177695,1,0.3470943868160248
sd_3_5_large,86120682,0,0.0446808747947216
sd_3_5_large,86120682,1,0.3015677034854889
sd_3_5_large,4623878206,0,0.02161533385515213
sd_3_5_large,4623878206,1,0.1200256273150444
sd_3_5_large,392467282,0,0.053009770810604095
sd_3_5_large,392467282,1,0.6041653752326965
sd_3_5_large,3310851569,0,0.03308597952127457
sd_3_5_large,3310851569,1,0.07316471636295319
sd_3_5_large,3415178926,0,0.06512755155563354
sd_3_5_large,3415178926,1,0.06754669547080994
sd_3_5_large,5123000955,0,0.28378137946128845
sd_3_5_large,5123000955,1,0.07369627058506012
sd_3_5_large,2517489722,0,0.04885777831077576
sd_3_5_large,2517489722,1,0.6435533165931702
sd_3_5_large,410422753,0,0.04742587357759476
sd_3_5_large,410422753,1,0.1561049073934555
sd_3_5_large,4716376540,0,0.03514484688639641
sd_3_5_large,4716376540,1,0.1139734610915184
sd_3_5_large,2229108152,0,0.038178276270627975
sd_3_5_large,2229108152,1,0.29421496391296387
sd_3_5_large,4558580445,0,0.04401865229010582
sd_3_5_large,4558580445,1,0.7606506943702698
sd_3_5_large,4964794183,0,0.04535257816314697
sd_3_5_large,4964794183,1,0.11596070975065231
sd_3_5_large,2705101739,0,0.0443485826253891
sd_3_5_large,2705101739,1,0.1475551873445511
sd_3_5_large,4692725862,0,0.08570927381515503
sd_3_5_large,4692725862,1,0.04778006672859192
sd_3_5_large,4752721674,0,0.04569203406572342
sd_3_5_large,4752721674,1,0.10266400873661041
sd_3_5_large,3516087269,0,0.049958523362874985
sd_3_5_large,3516087269,1,0.12210386246442795
sd_3_5_large,4465093007,0,0.028007520362734795
sd_3_5_large,4465093007,1,0.23335674405097961
sd_3_5_large,3019667009,0,0.02615562081336975
sd_3_5_large,3019667009,1,0.627266526222229
sd_3_5_large,4565084634,0,0.03138043358922005
sd_3_5_large,4565084634,1,0.3123700022697449
sd_3_5_large,4550700462,0,0.04501553252339363
sd_3_5_large,4550700462,1,0.18126320838928223
sd_3_5_large,3365783912,0,0.034618839621543884
sd_3_5_large,3365783912,1,0.2330075204372406
sd_3_5_large,3501457496,0,0.04023794084787369
sd_3_5_large,3501457496,1,0.24077460169792175
sd_3_5_large,241109594,0,0.05033063143491745
sd_3_5_large,241109594,1,0.05582313984632492
sd_3_5_large,2123838998,0,0.05033063143491745
sd_3_5_large,2123838998,1,0.13799647986888885
sd_3_5_large,218225539,0,0.04054073989391327
sd_3_5_large,218225539,1,0.21601153910160065
sd_3_5_large,2608623292,0,0.2240554690361023
sd_3_5_large,2608623292,1,0.028007520362734795
sd_3_5_large,5662260935,0,0.05707140266895294
sd_3_5_large,5662260935,1,0.19072401523590088
sd_3_5_large,3396251819,0,0.05921025201678276
sd_3_5_large,3396251819,1,0.35667070746421814
sd_3_5_large,7472814756,0,0.06656918674707413
sd_3_5_large,7472814756,1,0.7193835973739624
sd_3_5_large,227689211,0,0.03622005879878998
sd_3_5_large,227689211,1,0.1108555942773819
sd_3_5_large,2394003437,0,0.02909075655043125
sd_3_5_large,2394003437,1,0.16559311747550964
sd_3_5_large,4074473431,0,0.043365802615880966
sd_3_5_large,4074473431,1,0.3199707269668579
sd_3_5_large,370445133,0,0.0446808747947216
sd_3_5_large,370445133,1,0.16667540371418
sd_3_5_large,5526795355,0,0.14463144540786743
sd_3_5_large,5526795355,1,0.07423136383295059
sd_3_5_large,2768972186,0,0.04958902671933174
sd_3_5_large,2768972186,1,0.35488009452819824
sd_3_5_large,16630920,0,0.05707140266895294
sd_3_5_large,16630920,1,0.25017932057380676
sd_3_5_large,3560081723,0,0.11476478725671768
sd_3_5_large,3560081723,1,0.23792991042137146
sd_3_5_large,2881378816,0,0.019870713353157043
sd_3_5_large,2881378816,1,0.043365802615880966
sd_3_5_large,4695471709,0,0.04603390023112297
sd_3_5_large,4695471709,1,0.6060321927070618
sd_3_5_large,551315867,0,0.06097518280148506
sd_3_5_large,551315867,1,0.09268777817487717
sd_3_5_large,2657844508,0,0.05146276578307152
sd_3_5_large,2657844508,1,0.1259227693080902
sd_3_5_large,39024981,0,0.01428193412721157
sd_3_5_large,39024981,1,0.37022536993026733
sd_3_5_large,3114944484,0,0.024423090741038322
sd_3_5_large,3114944484,1,0.43419137597084045
sd_3_5_large,4770473055,0,0.048496004194021225
sd_3_5_large,4770473055,1,0.07477004081010818
sd_3_5_large,4764087782,0,0.043042849749326706
sd_3_5_large,4764087782,1,0.07978201657533646
sd_3_5_large,6693881913,0,0.032344330102205276
sd_3_5_large,6693881913,1,0.11516223102807999
sd_3_5_large,7235990180,0,0.0541987270116806
sd_3_5_large,7235990180,1,0.35398629307746887
sd_3_5_large,6084817815,0,0.048136770725250244
sd_3_5_large,6084817815,1,0.5374055504798889
sd_3_5_large,2229177914,0,0.053799644112586975
sd_3_5_large,2229177914,1,0.4308955669403076
sd_3_5_large,2113996953,0,0.024798160418868065
sd_3_5_large,2113996953,1,0.4070976674556732
sd_3_5_large,4878415659,0,0.06008664518594742
sd_3_5_large,4878415659,1,0.07316471636295319
sd_3_5_large,2313598755,0,0.020023440942168236
sd_3_5_large,2313598755,1,0.12378869205713272
sd_3_5_large,3169276423,0,0.049958523362874985
sd_3_5_large,3169276423,1,0.14706452190876007
sd_3_5_large,3805877081,0,0.06097518280148506
sd_3_5_large,3805877081,1,0.6329566240310669
sd_3_5_large,7784556300,0,0.08151975274085999
sd_3_5_large,7784556300,1,0.45677322149276733
sd_3_5_large,1303727066,0,0.05623634159564972
sd_3_5_large,1303727066,1,0.13568954169750214
sd_3_5_large,3247052319,0,0.07585817575454712
sd_3_5_large,3247052319,1,0.14366760849952698
sd_3_5_large,2949337912,0,0.0427221953868866
sd_3_5_large,2949337912,1,0.41418784856796265
sd_3_5_large,2324581814,0,0.02460992895066738
sd_3_5_large,2324581814,1,0.4762446880340576
sd_3_5_large,7046014201,0,0.03649376705288887
sd_3_5_large,7046014201,1,0.08882028609514236
sd_3_5_large,4494095559,0,0.053799644112586975
sd_3_5_large,4494095559,1,0.2018132209777832
sd_3_5_large,3199895624,0,0.029986508190631866
sd_3_5_large,3199895624,1,0.5304797887802124
sd_3_5_large,3126753745,0,0.031143832951784134
sd_3_5_large,3126753745,1,0.1550784707069397
sd_3_5_large,269440642,0,0.0446808747947216
sd_3_5_large,269440642,1,0.32788345217704773
sd_3_5_large,3676788491,0,0.03649376705288887
sd_3_5_large,3676788491,1,0.43575146794319153
sd_3_5_large,5009047021,0,0.0541987270116806
sd_3_5_large,5009047021,1,0.1063188761472702
sd_3_5_large,3072074170,0,0.03993731737136841
sd_3_5_large,3072074170,1,0.40650850534439087
sd_3_5_large,2852982055,0,0.04501553252339363
sd_3_5_large,2852982055,1,0.04146227240562439
sd_3_5_large,460326010,0,0.0541987270116806
sd_3_5_large,460326010,1,0.08509904146194458
sd_3_5_large,3090398639,0,0.09203286468982697
sd_3_5_large,3090398639,1,0.24508501589298248
sd_3_5_large,3707283973,0,0.05108273774385452
sd_3_5_large,3707283973,1,0.20689405500888824
sd_3_5_large,4090827772,0,0.0443485826253891
sd_3_5_large,4090827772,1,0.15052762627601624
sd_3_5_large,5194023863,0,0.04885777831077576
sd_3_5_large,5194023863,1,0.052618954330682755
sd_3_5_large,116409198,0,0.04569203406572342
sd_3_5_large,116409198,1,0.188323974609375
sd_3_5_large,81125088,0,0.05541279539465904
sd_3_5_large,81125088,1,0.22337706387043
sd_3_5_large,3634400263,0,0.04569203406572342
sd_3_5_large,3634400263,1,0.13846179842948914
sd_3_5_large,4893545292,0,0.053009770810604095
sd_3_5_large,4893545292,1,0.14223188161849976
sd_3_5_large,5171155099,0,0.049958523362874985
sd_3_5_large,5171155099,1,0.08632348477840424
sd_3_5_large,2725441885,0,0.04501553252339363
sd_3_5_large,2725441885,1,0.10594827681779861
sd_3_5_large,5062422406,0,0.034618839621543884
sd_3_5_large,5062422406,1,0.3257350027561188
sd_3_5_large,4978901111,0,0.05665242671966553
sd_3_5_large,4978901111,1,0.5506376028060913
sd_3_5_large,2327240505,0,0.034618839621543884
sd_3_5_large,2327240505,1,0.05146276578307152
sd_3_5_large,280840823,0,0.02145073190331459
sd_3_5_large,280840823,1,0.38630029559135437
sd_3_5_large,491987177,0,0.05184547230601311
sd_3_5_large,491987177,1,0.19132769107818604
sd_3_5_large,2889113059,0,0.038178276270627975
sd_3_5_large,2889113059,1,0.6252092719078064
sd_3_5_large,519228867,0,0.1127953976392746
sd_3_5_large,519228867,1,0.13296423852443695
sd_3_5_large,4455065396,0,0.028870906680822372
sd_3_5_large,4455065396,1,0.4963379502296448
sd_3_5_large,2437392162,0,0.2267836183309555
sd_3_5_large,2437392162,1,0.055005282163619995
sd_3_5_large,7990849887,0,0.03384403511881828
sd_3_5_large,7990849887,1,0.08756384998559952
sd_3_5_large,4918525947,0,0.04958902671933174
sd_3_5_large,4918525947,1,0.30445513129234314
sd_3_5_large,2384401298,0,0.043042849749326706
sd_3_5_large,2384401298,1,0.05223085358738899
sd_3_5_large,451547131,0,0.030675798654556274
sd_3_5_large,451547131,1,0.14175599813461304
sd_3_5_large,2174648405,0,0.15152934193611145
sd_3_5_large,2174648405,1,0.4979248046875
sd_3_5_large,6828750292,0,0.025565212592482567
sd_3_5_large,6828750292,1,0.10087861120700836
sd_3_5_large,101262930,0,0.04778006672859192
sd_3_5_large,101262930,1,0.10594827681779861
sd_3_5_large,3183330562,0,0.04115288704633713
sd_3_5_large,3183330562,1,0.9273632764816284
sd_3_5_large,4459033855,0,0.05460060387849808
sd_3_5_large,4459033855,1,0.14414885640144348
sd_3_5_large,3297272270,0,0.04922211915254593
sd_3_5_large,3297272270,1,0.5078118443489075
sd_3_5_large,146019208,0,0.04146227240562439
sd_3_5_large,146019208,1,0.650245189666748
sd_3_5_large,4511879942,0,0.05460060387849808
sd_3_5_large,4511879942,1,0.1755380630493164
sd_3_5_large,3422458549,0,0.15052762627601624
sd_3_5_large,3422458549,1,0.11124120652675629
sd_3_5_large,2543589122,0,0.08093671500682831
sd_3_5_large,2543589122,1,0.9019206762313843
sd_3_5_large,44619131,0,0.04054073989391327
sd_3_5_large,44619131,1,0.17895591259002686
sd_3_5_large,20702864,0,0.052618954330682755
sd_3_5_large,20702864,1,0.06233103945851326
sd_3_5_large,2971478694,0,0.11716748028993607
sd_3_5_large,2971478694,1,0.25945019721984863
sd_3_5_large,5220880759,0,0.048136770725250244
sd_3_5_large,5220880759,1,0.14608724415302277
sd_3_5_large,2549946671,0,0.03567855432629585
sd_3_5_large,2549946671,1,0.26057755947113037
sd_3_5_large,5896386113,0,0.055005282163619995
sd_3_5_large,5896386113,1,0.6963714361190796
sd_3_5_large,4917931600,0,0.03760863468050957
sd_3_5_large,4917931600,1,0.1196136623620987
sd_3_5_large,160566014,0,0.043042849749326706
sd_3_5_large,160566014,1,0.16398024559020996
sd_3_5_large,2997939824,0,0.04535257816314697
sd_3_5_large,2997939824,1,0.16132023930549622
sd_3_5_large,2646540383,0,0.06560482829809189
sd_3_5_large,2646540383,1,0.13432104885578156
sd_3_5_large,3553056438,0,0.03704717382788658
sd_3_5_large,3553056438,1,0.5783290863037109
sd_3_5_large,7081584189,0,0.0832919329404831
sd_3_5_large,7081584189,1,0.363646924495697
sd_3_5_large,707941195,0,0.13706977665424347
sd_3_5_large,707941195,1,0.22988080978393555
sd_3_5_large,3120921482,0,0.04742587357759476
sd_3_5_large,3120921482,1,0.8958876132965088
sd_3_5_large,4715269800,0,0.043691057711839676
sd_3_5_large,4715269800,1,0.2751297354698181
sd_3_5_large,484280924,0,0.04115288704633713
sd_3_5_large,484280924,1,0.22371606528759003
sd_3_5_large,1554713437,0,0.04707418009638786
sd_3_5_large,1554713437,1,0.3897787928581238
sd_3_5_large,4689487867,0,0.03963884338736534
sd_3_5_large,4689487867,1,0.08210662752389908
sd_3_5_large,313385842,0,0.05070536211133003
sd_3_5_large,313385842,1,0.06903792917728424
sd_3_5_large,74635420,0,0.0427221953868866
sd_3_5_large,74635420,1,0.15052762627601624
sd_3_5_large,2638177115,0,0.04778006672859192
sd_3_5_large,2638177115,1,0.1919327974319458
sd_3_5_large,3218861747,0,0.04023794084787369
sd_3_5_large,3218861747,1,0.13296423852443695
sd_3_5_large,2842439618,0,0.0446808747947216
sd_3_5_large,2842439618,1,0.30033501982688904
sd_3_5_large,4830307454,0,0.05707140266895294
sd_3_5_large,4830307454,1,0.12808823585510254
sd_3_5_large,837919879,0,0.039048291742801666
sd_3_5_large,837919879,1,0.8534248471260071
sd_3_5_large,503357436,0,0.048136770725250244
sd_3_5_large,503357436,1,0.07211220264434814
sd_3_5_large,4549641134,0,0.05223085358738899
sd_3_5_large,4549641134,1,0.07263670116662979
sd_3_5_large,4145119743,0,0.02460992895066738
sd_3_5_large,4145119743,1,0.35644665360450745
sd_3_5_large,455714074,0,0.02178117260336876
sd_3_5_large,455714074,1,0.10894504189491272
sd_3_5_large,6848277313,0,0.0541987270116806
sd_3_5_large,6848277313,1,0.09636510163545609
sd_3_5_large,1329832826,0,0.04501553252339363
sd_3_5_large,1329832826,1,0.10781264305114746
sd_3_5_large,3667788497,0,0.07640768587589264
sd_3_5_large,3667788497,1,0.2247353047132492
sd_3_5_large,4851524954,0,0.048136770725250244
sd_3_5_large,4851524954,1,0.10521053522825241
sd_3_5_large,6066650935,0,0.12678517401218414
sd_3_5_large,6066650935,1,0.7853085398674011
sd_3_5_large,289639811,0,0.019419347867369652
sd_3_5_large,289639811,1,0.0541987270116806
sd_3_5_large,4791485167,0,0.05146276578307152
sd_3_5_large,4791485167,1,0.1766716092824936
sd_3_5_large,3738685861,0,0.03514484688639641
sd_3_5_large,3738685861,1,0.9026095867156982
sd_3_5_large,1558753996,0,0.04401865229010582
sd_3_5_large,1558753996,1,0.2330075204372406
sd_3_5_large,4433634883,0,0.04054073989391327
sd_3_5_large,4433634883,1,0.692225992679596
sd_3_5_large,516360813,0,0.053799644112586975
sd_3_5_large,516360813,1,0.5504865646362305
sd_3_5_large,4486484038,0,0.06097518280148506
sd_3_5_large,4486484038,1,0.41655927896499634
sd_3_5_large,3508522093,0,0.03760863468050957
sd_3_5_large,3508522093,1,0.14366760849952698
sd_3_5_large,151215569,0,0.02080448903143406
sd_3_5_large,151215569,1,0.06142403930425644
sd_3_5_large,2618322793,0,0.08269733935594559
sd_3_5_large,2618322793,1,0.14414885640144348
sd_3_5_large,4817804359,0,0.025371313095092773
sd_3_5_large,4817804359,1,0.13846179842948914
sd_3_5_large,2747436384,0,0.0446808747947216
sd_3_5_large,2747436384,1,0.15921740233898163
sd_3_5_large,4812155149,0,0.048136770725250244
sd_3_5_large,4812155149,1,0.11596070975065231
sd_3_5_large,28041138,0,0.048496004194021225
sd_3_5_large,28041138,1,0.406744122505188
sd_3_5_large,3307667255,0,0.6601723432540894
sd_3_5_large,3307667255,1,0.4813319444656372
sd_3_5_large,2536957963,0,0.034100428223609924
sd_3_5_large,2536957963,1,0.08269733935594559
sd_3_5_large,430964917,0,0.029986508190631866
sd_3_5_large,430964917,1,0.13117322325706482
sd_3_5_large,2279432034,0,0.043042849749326706
sd_3_5_large,2279432034,1,0.1037486270070076
sd_3_5_large,4614358086,0,0.03760863468050957
sd_3_5_large,4614358086,1,0.10194651782512665
sd_3_5_large,3515451715,0,0.05108273774385452
sd_3_5_large,3515451715,1,0.0627892017364502
sd_3_5_large,4975536758,0,0.053799644112586975
sd_3_5_large,4975536758,1,0.7409248948097229
sd_3_5_large,3085590738,0,0.049958523362874985
sd_3_5_large,3085590738,1,0.07055959850549698
sd_3_5_large,7772052674,0,0.05146276578307152
sd_3_5_large,7772052674,1,0.09739039838314056
sd_3_5_large,6847401646,0,0.0541987270116806
sd_3_5_large,6847401646,1,0.11757213622331619
sd_3_5_large,3640870001,0,0.048496004194021225
sd_3_5_large,3640870001,1,0.1325145661830902
sd_3_5_large,2908493594,0,0.030908960849046707
sd_3_5_large,2908493594,1,0.0534033328294754
sd_3_5_large,45334151,0,0.043042849749326706
sd_3_5_large,45334151,1,0.7793218493461609
sd_3_5_large,135444196,0,0.0792103260755539
sd_3_5_large,135444196,1,0.1127953976392746
sd_3_5_large,3700322513,0,0.04778006672859192
sd_3_5_large,3700322513,1,0.36840569972991943
sd_3_5_large,7746984692,0,0.048136770725250244
sd_3_5_large,7746984692,1,0.3517563045024872
sd_3_5_large,3727740053,0,0.04401865229010582
sd_3_5_large,3727740053,1,0.14560063183307648
sd_3_5_large,6160193920,0,0.1212688684463501
sd_3_5_large,6160193920,1,0.08632348477840424
sd_3_5_large,1196746186,0,0.0844927579164505
sd_3_5_large,1196746186,1,0.24944724142551422
sd_3_5_large,2654943319,0,0.038178276270627975
sd_3_5_large,2654943319,1,0.1937568634748459
sd_3_5_large,3815318559,0,0.06853749603033066
sd_3_5_large,3815318559,1,0.40250954031944275
sd_3_5_large,4935046155,0,0.042087726294994354
sd_3_5_large,4935046155,1,0.06853749603033066
sd_3_5_large,2527411111,0,0.014392335899174213
sd_3_5_large,2527411111,1,0.13117322325706482
sd_3_5_large,428979011,0,0.030675798654556274
sd_3_5_large,428979011,1,0.12378869205713272
sd_3_5_large,2255266906,0,0.04240383207798004
sd_3_5_large,2255266906,1,0.46304967999458313
sd_3_5_large,3559693175,0,0.049958523362874985
sd_3_5_large,3559693175,1,0.3752484917640686
sd_3_5_large,3320411267,0,0.053009770810604095
sd_3_5_large,3320411267,1,0.3069423735141754
sd_3_5_large,3475111806,0,0.03384403511881828
sd_3_5_large,3475111806,1,0.05834583565592766
sd_3_5_large,6952893010,0,0.07055959850549698
sd_3_5_large,6952893010,1,0.12852513790130615
sd_3_5_large,3595412126,0,0.043042849749326706
sd_3_5_large,3595412126,1,0.9196425676345825
sd_3_5_large,3599780784,0,0.05108273774385452
sd_3_5_large,3599780784,1,0.2400612235069275
sd_3_5_large,3024022266,0,0.07211220264434814
sd_3_5_large,3024022266,1,0.5791624188423157
sd_3_5_large,1444710198,0,0.049958523362874985
sd_3_5_large,1444710198,1,0.13568954169750214
sd_3_5_large,4936302238,0,0.08269733935594559
sd_3_5_large,4936302238,1,0.17838266491889954
sd_3_5_large,4287633714,0,0.04054073989391327
sd_3_5_large,4287633714,1,0.1761041283607483
sd_3_5_large,7616312438,0,0.03210070729255676
sd_3_5_large,7616312438,1,0.13799647986888885
sd_3_5_large,4480923732,0,0.08819004893302917
sd_3_5_large,4480923732,1,0.34092390537261963
sd_3_5_large,4890932738,0,0.05877656117081642
sd_3_5_large,4890932738,1,0.08093671500682831
sd_3_5_large,3996889070,0,0.06512755155563354
sd_3_5_large,3996889070,1,0.46830424666404724
sd_3_5_large,253924161,0,0.028652669861912727
sd_3_5_large,253924161,1,0.1949802190065384
sd_3_5_large,4838106858,0,0.0832919329404831
sd_3_5_large,4838106858,1,0.1490352898836136
sd_3_5_large,3329207492,0,0.049958523362874985
sd_3_5_large,3329207492,1,0.1937568634748459
sd_3_5_large,2058124718,0,0.04569203406572342
sd_3_5_large,2058124718,1,0.21766994893550873
sd_3_5_large,2532047708,0,0.053799644112586975
sd_3_5_large,2532047708,1,0.14366760849952698
sd_3_5_large,4690278994,0,0.06608537584543228
sd_3_5_large,4690278994,1,0.28977349400520325
sd_3_5_large,1806580620,0,0.06465348601341248
sd_3_5_large,1806580620,1,0.3048688769340515
sd_3_5_large,358355700,0,0.034358687698841095
sd_3_5_large,358355700,1,0.11318691074848175
sd_3_5_large,3449114979,0,0.03934250399470329
sd_3_5_large,3449114979,1,0.08819004893302917
sd_3_5_large,104285082,0,0.09138210862874985
sd_3_5_large,104285082,1,0.07423136383295059
sd_3_5_large,2763090857,0,0.05070536211133003
sd_3_5_large,2763090857,1,0.36658975481987
sd_3_5_large,3168327945,0,0.03760863468050957
sd_3_5_large,3168327945,1,0.23335674405097961
sd_3_5_large,3455019076,0,0.04569203406572342
sd_3_5_large,3455019076,1,0.09670579433441162
sd_3_5_large,4676792744,0,0.04023794084787369
sd_3_5_large,4676792744,1,0.5137904286384583
sd_3_5_large,2589156742,0,0.030908960849046707
sd_3_5_large,2589156742,1,0.230919748544693
sd_3_5_large,530170010,0,0.037326883524656296
sd_3_5_large,530170010,1,0.1716158092021942
sd_3_5_large,3373544964,0,0.03993731737136841
sd_3_5_large,3373544964,1,0.4818195402622223
sd_3_5_large,4821810079,0,0.0446808747947216
sd_3_5_large,4821810079,1,0.14511536061763763
sd_3_5_large,2293149170,0,0.03185885772109032
sd_3_5_large,2293149170,1,0.36048904061317444
sd_3_5_large,4368362518,0,0.09807932376861572
sd_3_5_large,4368362518,1,0.13799647986888885
sd_3_5_large,4925573161,0,0.04569203406572342
sd_3_5_large,4925573161,1,0.18242551386356354
sd_3_5_large,2834103050,0,0.0443485826253891
sd_3_5_large,2834103050,1,0.36342093348503113
sd_3_5_large,2923086298,0,0.05146276578307152
sd_3_5_large,2923086298,1,0.3073580265045166
sd_3_5_large,2468906010,0,0.05108273774385452
sd_3_5_large,2468906010,1,0.11797802150249481
sd_3_5_large,160541986,0,0.02822098508477211
sd_3_5_large,160541986,1,0.10557884722948074
sd_3_5_large,2404959574,0,0.03934250399470329
sd_3_5_large,2404959574,1,0.5739172101020813
sd_3_5_large,3494151850,0,0.8844391107559204
sd_3_5_large,3494151850,1,0.049958523362874985
sd_3_5_large,2537002791,0,0.06325051933526993
sd_3_5_large,2537002791,1,0.15765489637851715
sd_3_5_large,3354474353,0,0.053009770810604095
sd_3_5_large,3354474353,1,0.4234580099582672
sd_3_5_large,517942470,0,0.031618766486644745
sd_3_5_large,517942470,1,0.17441026866436005
sd_3_5_large,3461041826,0,0.048496004194021225
sd_3_5_large,3461041826,1,0.10818894952535629
sd_3_5_large,2763601657,0,0.02779562398791313
sd_3_5_large,2763601657,1,0.08632348477840424
sd_3_5_large,6314475602,0,0.10158944129943848
sd_3_5_large,6314475602,1,0.4970703423023224
sd_3_5_large,2249682069,0,0.0384661927819252
sd_3_5_large,2249682069,1,0.17441026866436005
sd_3_5_large,4694894610,0,0.037326883524656296
sd_3_5_large,4694894610,1,0.06008664518594742
sd_3_5_large,3771613841,0,0.042087726294994354
sd_3_5_large,3771613841,1,0.1525365114212036
sd_3_5_large,4791513183,0,0.05070536211133003
sd_3_5_large,4791513183,1,0.15921740233898163
sd_3_5_large,498404951,0,0.09842541813850403
sd_3_5_large,498404951,1,0.055005282163619995
sd_3_5_large,3799708677,0,0.22202469408512115
sd_3_5_large,3799708677,1,0.4527778923511505
sd_3_5_large,4973611817,0,0.025760561227798462
sd_3_5_large,4973611817,1,0.21800270676612854
sd_3_5_large,3027397797,0,0.04115288704633713
sd_3_5_large,3027397797,1,0.780662477016449
sd_3_5_large,3539960792,0,0.0333368219435215
sd_3_5_large,3539960792,1,0.1427091360092163
sd_3_5_large,1424775129,0,0.052618954330682755
sd_3_5_large,1424775129,1,0.7943849563598633
sd_3_5_large,3635194562,0,0.08882028609514236
sd_3_5_large,3635194562,1,0.16885696351528168
sd_3_5_large,8034139464,0,0.06512755155563354
sd_3_5_large,8034139464,1,0.3250918984413147
sd_3_5_large,2393971707,0,0.04922211915254593
sd_3_5_large,2393971707,1,0.2889702320098877
sd_3_5_large,2474776724,0,0.038178276270627975
sd_3_5_large,2474776724,1,0.5378607511520386
sd_3_5_large,2910885196,0,0.04922211915254593
sd_3_5_large,2910885196,1,0.34620964527130127
sd_3_5_large,5199439325,0,0.05623634159564972
sd_3_5_large,5199439325,1,0.733738124370575
sd_3_5_large,2786245676,0,0.9284088015556335
sd_3_5_large,2786245676,1,0.20497773587703705
sd_3_5_large,7610186624,0,0.0446808747947216
sd_3_5_large,7610186624,1,0.929440438747406
sd_3_5_large,8038092309,0,0.029986508190631866
sd_3_5_large,8038092309,1,0.13161905109882355
sd_3_5_large,2123995873,0,0.030444350093603134
sd_3_5_large,2123995873,1,0.07369627058506012
sd_3_5_large,852427632,0,0.039048291742801666
sd_3_5_large,852427632,1,0.27747297286987305
sd_3_5_large,4885036157,0,0.046378206461668015
sd_3_5_large,4885036157,1,0.12984342873096466
sd_3_5_large,6632464405,0,0.05108273774385452
sd_3_5_large,6632464405,1,0.11240507662296295
sd_3_5_large,3522989916,0,0.038178276270627975
sd_3_5_large,3522989916,1,0.04501553252339363
sd_3_5_large,5901845159,0,0.04742587357759476
sd_3_5_large,5901845159,1,0.1490352898836136
sd_3_5_large,4326893429,0,0.05921025201678276
sd_3_5_large,4326893429,1,0.10894504189491272
sd_3_5_large,2584487952,0,0.0427221953868866
sd_3_5_large,2584487952,1,0.17781086266040802
sd_3_5_large,2335428699,0,0.0443485826253891
sd_3_5_large,2335428699,1,0.11636176705360413
sd_3_5_large,3416050480,0,0.896975576877594
sd_3_5_large,3416050480,1,0.11240507662296295
sd_3_5_large,3597715122,0,0.04603390023112297
sd_3_5_large,3597715122,1,0.14706452190876007
sd_3_5_large,128395402,0,0.08882028609514236
sd_3_5_large,128395402,1,0.08035746961832047
sd_3_5_large,2507182524,0,0.04742587357759476
sd_3_5_large,2507182524,1,0.11516223102807999
sd_3_5_large,2860432302,0,0.046378206461668015
sd_3_5_large,2860432302,1,0.16830943524837494
sd_3_5_large,3046312861,0,0.007460643537342548
sd_3_5_large,3046312861,1,0.05223085358738899
sd_3_5_large,5661511556,0,0.049958523362874985
sd_3_5_large,5661511556,1,0.19682620465755463
sd_3_5_large,3357416302,0,0.05033063143491745
sd_3_5_large,3357416302,1,0.11879339814186096
sd_3_5_large,6043589490,0,0.04535257816314697
sd_3_5_large,6043589490,1,0.17050801217556
sd_3_5_large,2822265828,0,0.03649376705288887
sd_3_5_large,2822265828,1,0.07369627058506012
sd_3_5_large,2254913901,0,0.08882028609514236
sd_3_5_large,2254913901,1,0.1561049073934555
sd_3_5_large,170405864,0,0.04240383207798004
sd_3_5_large,170405864,1,0.1259227693080902
sd_3_5_large,2256447557,0,0.05541279539465904
sd_3_5_large,2256447557,1,0.10158944129943848
sd_3_5_large,2422482455,0,0.0427221953868866
sd_3_5_large,2422482455,1,0.08269733935594559
sd_3_5_large,6870585516,0,0.048496004194021225
sd_3_5_large,6870585516,1,0.049958523362874985
sd_3_5_large,2219805467,0,0.6597340106964111
sd_3_5_large,2219805467,1,0.9019206762313843
sd_3_5_large,3456579559,0,0.05070536211133003
sd_3_5_large,3456579559,1,0.10338596254587173
sd_3_5_large,427936315,0,0.03138043358922005
sd_3_5_large,427936315,1,0.1233656108379364
sd_3_5_large,2741990005,0,0.12984342873096466
sd_3_5_large,2741990005,1,0.8438951373100281
sd_3_5_large,4704083135,0,0.04958902671933174
sd_3_5_large,4704083135,1,0.13614831864833832
sd_3_5_large,7738368186,0,0.06754669547080994
sd_3_5_large,7738368186,1,0.11008787900209427
sd_3_5_large,2922807898,0,0.06371499598026276
sd_3_5_large,2922807898,1,0.2885691225528717
sd_3_5_large,21514026,0,0.02080448903143406
sd_3_5_large,21514026,1,0.6667138338088989
sd_3_5_large,118939364,0,0.048496004194021225
sd_3_5_large,118939364,1,0.4838923215866089
sd_3_5_large,74759622,0,0.04885777831077576
sd_3_5_large,74759622,1,0.0960254967212677
sd_3_5_large,4071750215,0,0.07055959850549698
sd_3_5_large,4071750215,1,0.31426095962524414
sd_3_5_large,3893510114,0,0.042087726294994354
sd_3_5_large,3893510114,1,0.18068422377109528
sd_3_5_large,3477315700,0,0.22135069966316223
sd_3_5_large,3477315700,1,0.7655933499336243
sd_3_5_large,4857558207,0,0.04958902671933174
sd_3_5_large,4857558207,1,0.6682310700416565
sd_3_5_large,137444466,0,0.01798621006309986
sd_3_5_large,137444466,1,0.12421300262212753
sd_3_5_large,3819214047,0,0.06142403930425644
sd_3_5_large,3819214047,1,0.07423136383295059
sd_3_5_large,5504963988,0,0.0541987270116806
sd_3_5_large,5504963988,1,0.2011847198009491
sd_3_5_large,470887785,0,0.02161533385515213
sd_3_5_large,470887785,1,0.15456733107566833
sd_3_5_large,4397606831,0,0.0541987270116806
sd_3_5_large,4397606831,1,0.06325051933526993
sd_3_5_large,3272847211,0,0.043365802615880966
sd_3_5_large,3272847211,1,0.4616234600543976
sd_3_5_large,3691394196,0,0.0384661927819252
sd_3_5_large,3691394196,1,0.07369627058506012
sd_3_5_large,62057380,0,0.0534033328294754
sd_3_5_large,62057380,1,0.07263670116662979
sd_3_5_large,191592626,0,0.053799644112586975
sd_3_5_large,191592626,1,0.07807815819978714
sd_3_5_large,3761067976,0,0.055005282163619995
sd_3_5_large,3761067976,1,0.2845759987831116
sd_3_5_large,3084472304,0,0.04501553252339363
sd_3_5_large,3084472304,1,0.8918110132217407
sd_3_5_large,4606522320,0,0.05749327689409256
sd_3_5_large,4606522320,1,0.3199707269668579
sd_3_5_large,4361156028,0,0.04885777831077576
sd_3_5_large,4361156028,1,0.06560482829809189
sd_3_5_large,2324963565,0,0.04535257816314697
sd_3_5_large,2324963565,1,0.2786492109298706
sd_3_5_large,1389264266,0,0.030908960849046707
sd_3_5_large,1389264266,1,0.046378206461668015
sd_3_5_large,129662899,0,0.027169233188033104
sd_3_5_large,129662899,1,0.09235979616641998
sd_3_5_large,3326249355,0,0.04707418009638786
sd_3_5_large,3326249355,1,0.8327813148498535
sd_3_5_large,2176874361,0,0.0627892017364502
sd_3_5_large,2176874361,1,0.2260993868112564
sd_3_5_large,247189554,0,0.11716748028993607
sd_3_5_large,247189554,1,0.2422056347131729
sd_3_5_large,241347243,0,0.06233103945851326
sd_3_5_large,241347243,1,0.19930800795555115
sd_3_5_large,3347798761,0,0.5393471717834473
sd_3_5_large,3347798761,1,0.27943506836891174
sd_3_5_large,4974263771,0,0.03541072458028793
sd_3_5_large,4974263771,1,0.06097518280148506
sd_3_5_large,97138973,0,0.026355354115366936
sd_3_5_large,97138973,1,0.8723474144935608
sd_3_5_large,2281054343,0,0.02595735713839531
sd_3_5_large,2281054343,1,0.048136770725250244
sd_3_5_large,3063544435,0,0.06142403930425644
sd_3_5_large,3063544435,1,0.1901218295097351
sd_3_5_large,4631804601,0,0.04023794084787369
sd_3_5_large,4631804601,1,0.10052487254142761
sd_3_5_large,123101580,0,0.02498779445886612
sd_3_5_large,123101580,1,0.5788053274154663
sd_3_5_large,4775763666,0,0.014615669846534729
sd_3_5_large,4775763666,1,0.4630800187587738
sd_3_5_large,1012150929,0,0.04177388176321983
sd_3_5_large,1012150929,1,0.104843370616436
sd_3_5_large,4787867133,0,0.03384403511881828
sd_3_5_large,4787867133,1,0.14414885640144348
sd_3_5_large,2806632713,0,0.04778006672859192
sd_3_5_large,2806632713,1,0.907312273979187
sd_3_5_large,287212060,0,0.01615283451974392
sd_3_5_large,287212060,1,0.12808823585510254
sd_3_5_large,2723785828,0,0.030908960849046707
sd_3_5_large,2723785828,1,0.07263670116662979
sd_3_5_large,6869365418,0,0.04958902671933174
sd_3_5_large,6869365418,1,0.11008787900209427
sd_3_5_large,269361490,0,0.02909075655043125
sd_3_5_large,269361490,1,0.053799644112586975
sd_3_5_large,2701892321,0,0.02931223064661026
sd_3_5_large,2701892321,1,0.5601022839546204
sd_3_5_large,1330645772,0,0.034358687698841095
sd_3_5_large,1330645772,1,0.2440025508403778
sd_3_5_large,179778822,0,0.043365802615880966
sd_3_5_large,179778822,1,0.9235923886299133
sd_3_5_large,3955157194,0,0.055005282163619995
sd_3_5_large,3955157194,1,0.08035746961832047
sd_3_5_large,2540884723,0,0.030908960849046707
sd_3_5_large,2540884723,1,0.1250653862953186
sd_3_5_large,388837010,0,0.022116590291261673
sd_3_5_large,388837010,1,0.17781086266040802
sd_3_5_large,4852819911,0,0.0384661927819252
sd_3_5_large,4852819911,1,0.05877656117081642
sd_3_5_large,3256274183,0,0.04672496020793915
sd_3_5_large,3256274183,1,0.09009299427270889
sd_3_5_large,3549006919,0,0.055005282163619995
sd_3_5_large,3549006919,1,0.09807932376861572
sd_3_5_large,2527628435,0,0.04672496020793915
sd_3_5_large,2527628435,1,0.12896330654621124
sd_3_5_large,7003919692,0,0.06954174488782883
sd_3_5_large,7003919692,1,0.053009770810604095
sd_3_5_large,4967261262,0,0.05623634159564972
sd_3_5_large,4967261262,1,0.2806163728237152
sd_3_5_large,5196783191,0,0.05582313984632492
sd_3_5_large,5196783191,1,0.07864238321781158
sd_3_5_large,5428390334,0,0.05964694544672966
sd_3_5_large,5428390334,1,0.1525365114212036
sd_3_5_large,3595080592,0,0.04885777831077576
sd_3_5_large,3595080592,1,0.10087861120700836
sd_3_5_large,6218244928,0,0.05707140266895294
sd_3_5_large,6218244928,1,0.9184802770614624
sd_3_5_large,1260816604,0,0.0446808747947216
sd_3_5_large,1260816604,1,0.05921025201678276
sd_3_5_large,2501548593,0,0.11318691074848175
sd_3_5_large,2501548593,1,0.14953137934207916
sd_3_5_large,3063054647,0,0.05184547230601311
sd_3_5_large,3063054647,1,0.10743747651576996
sd_3_5_large,4791975111,0,0.043691057711839676
sd_3_5_large,4791975111,1,0.15921740233898163
sd_3_5_large,1053116826,0,0.05146276578307152
sd_3_5_large,1053116826,1,0.13892842829227448
sd_3_5_large,6901412,0,0.03622005879878998
sd_3_5_large,6901412,1,0.14128142595291138
sd_3_5_large,2700788458,0,0.03138043358922005
sd_3_5_large,2700788458,1,0.1710611879825592
sd_3_5_large,378453580,0,0.03875619173049927
sd_3_5_large,378453580,1,0.16885696351528168
sd_3_5_large,3944497603,0,0.017712296918034554
sd_3_5_large,3944497603,1,0.1755380630493164
sd_3_5_large,393043864,0,0.05223085358738899
sd_3_5_large,393043864,1,0.11556088179349899
sd_3_5_large,2511798599,0,0.031618766486644745
sd_3_5_large,2511798599,1,0.26971012353897095
sd_3_5_large,241345522,0,0.03283695504069328
sd_3_5_large,241345522,1,0.18476751446723938
sd_3_5_large,5623287052,0,0.09009299427270889
sd_3_5_large,5623287052,1,0.15765489637851715
sd_3_5_large,292198220,0,0.04672496020793915
sd_3_5_large,292198220,1,0.39805537462234497
sd_3_5_large,1483574454,0,0.04742587357759476
sd_3_5_large,1483574454,1,0.18713268637657166
sd_3_5_large,6206278823,0,0.21337716281414032
sd_3_5_large,6206278823,1,0.06512755155563354
sd_3_5_large,2782480767,0,0.05223085358738899
sd_3_5_large,2782480767,1,0.12210386246442795
sd_3_5_large,3701699584,0,0.04054073989391327
sd_3_5_large,3701699584,1,0.06705628335475922
sd_3_5_large,4772885285,0,0.04603390023112297
sd_3_5_large,4772885285,1,0.7476159334182739
sd_3_5_large,4443088094,0,0.0378924235701561
sd_3_5_large,4443088094,1,0.07978201657533646
sd_3_5_large,4672132178,0,0.043365802615880966
sd_3_5_large,4672132178,1,0.053009770810604095
sd_3_5_large,2597958208,0,0.0443485826253891
sd_3_5_large,2597958208,1,0.11636176705360413
sd_3_5_large,7249187716,0,0.04535257816314697
sd_3_5_large,7249187716,1,0.25017932057380676
sd_3_5_large,77740577,0,0.026963500306010246
sd_3_5_large,77740577,1,0.888372004032135
sd_3_5_large,2307118114,0,0.08819004893302917
sd_3_5_large,2307118114,1,0.24725967645645142
sd_3_5_large,2823575468,0,0.04742587357759476
sd_3_5_large,2823575468,1,0.053799644112586975
sd_3_5_large,213583123,0,0.05665242671966553
sd_3_5_large,213583123,1,0.894789457321167
sd_3_5_large,6333818443,0,0.04569203406572342
sd_3_5_large,6333818443,1,0.8250265121459961
sd_3_5_large,3543294190,0,0.0446808747947216
sd_3_5_large,3543294190,1,0.19868534803390503
sd_3_5_large,3421131122,0,0.05665242671966553
sd_3_5_large,3421131122,1,0.8925625681877136
sd_3_5_large,439916996,0,0.03676946461200714
sd_3_5_large,439916996,1,0.06903792917728424
sd_3_5_large,4828433053,0,0.048136770725250244
sd_3_5_large,4828433053,1,0.20817893743515015
sd_3_5_large,2409312675,0,0.05184547230601311
sd_3_5_large,2409312675,1,0.43359172344207764
sd_3_5_large,4328528475,0,0.025371313095092773
sd_3_5_large,4328528475,1,0.14223188161849976
sd_3_5_large,2922222717,0,0.02779562398791313
sd_3_5_large,2922222717,1,0.30404165387153625
sd_3_5_large,4673314291,0,0.03138043358922005
sd_3_5_large,4673314291,1,0.10781264305114746
sd_3_5_large,2222732183,0,0.03185885772109032
sd_3_5_large,2222732183,1,0.3905920684337616
sd_3_5_large,2877088081,0,0.07751765847206116
sd_3_5_large,2877088081,1,0.0753123089671135
sd_3_5_large,3731739486,0,0.049958523362874985
sd_3_5_large,3731739486,1,0.396301805973053
sd_3_5_large,3944169186,0,0.039048291742801666
sd_3_5_large,3944169186,1,0.0627892017364502
sd_3_5_large,3279228339,0,0.05146276578307152
sd_3_5_large,3279228339,1,0.2587003707885742
sd_3_5_large,46663846,0,0.0443485826253891
sd_3_5_large,46663846,1,0.7634837031364441
sd_3_5_large,466877726,0,0.017309095710515976
sd_3_5_large,466877726,1,0.07316471636295319
sd_3_5_large,6274918824,0,0.03676946461200714
sd_3_5_large,6274918824,1,0.31216028332710266
sd_3_5_large,7212803242,0,0.12168575078248978
sd_3_5_large,7212803242,1,0.7138307690620422
sd_3_5_large,143688205,0,0.09982065856456757
sd_3_5_large,143688205,1,0.5664682984352112
sd_3_5_large,618771382,0,0.07107366621494293
sd_3_5_large,618771382,1,0.3437821865081787
sd_3_5_large,2463394631,0,0.029986508190631866
sd_3_5_large,2463394631,1,0.09401018917560577
sd_3_5_large,1138784872,0,0.05108273774385452
sd_3_5_large,1138784872,1,0.20946969091892242
sd_3_5_large,821599220,0,0.04707418009638786
sd_3_5_large,821599220,1,0.4846239984035492
sd_3_5_large,4716333601,0,0.03594832494854927
sd_3_5_large,4716333601,1,0.06903792917728424
sd_3_5_large,3019776218,0,0.05223085358738899
sd_3_5_large,3019776218,1,0.07263670116662979
sd_3_5_large,2088460083,0,0.02080448903143406
sd_3_5_large,2088460083,1,0.0627892017364502
sd_3_5_large,6225843702,0,0.19436782598495483
sd_3_5_large,6225843702,1,0.16026602685451508
sd_3_5_large,305979887,0,0.043365802615880966
sd_3_5_large,305979887,1,0.14463144540786743
sd_3_5_large,4842876705,0,0.043691057711839676
sd_3_5_large,4842876705,1,0.09739039838314056
sd_3_5_large,2984174290,0,0.04535257816314697
sd_3_5_large,2984174290,1,0.8791467547416687
sd_3_5_large,4441980889,0,0.05223085358738899
sd_3_5_large,4441980889,1,0.08570927381515503
sd_3_5_large,509778093,0,0.05541279539465904
sd_3_5_large,509778093,1,0.14511536061763763
sd_3_5_large,4912431886,0,0.03704717382788658
sd_3_5_large,4912431886,1,0.05460060387849808
sd_3_5_large,2955099064,0,0.024237636476755142
sd_3_5_large,2955099064,1,0.1233656108379364
sd_3_5_large,1737441377,0,0.043691057711839676
sd_3_5_large,1737441377,1,0.14854055643081665
sd_3_5_large,3223809913,0,0.053009770810604095
sd_3_5_large,3223809913,1,0.22000709176063538
sd_3_5_large,423782935,0,0.04023794084787369
sd_3_5_large,423782935,1,0.057918086647987366
sd_3_5_large,263233914,0,0.1259227693080902
sd_3_5_large,263233914,1,0.6372565627098083
sd_3_5_large,6420396169,0,0.04742587357759476
sd_3_5_large,6420396169,1,0.5595307350158691
sd_3_5_large,4603099757,0,0.03934250399470329
sd_3_5_large,4603099757,1,0.21601153910160065
sd_3_5_large,2858456847,0,0.03210070729255676
sd_3_5_large,2858456847,1,0.18772760033607483
sd_3_5_large,1453366750,0,0.05223085358738899
sd_3_5_large,1453366750,1,0.8056321740150452
sd_3_5_large,3604391853,0,0.055005282163619995
sd_3_5_large,3604391853,1,0.8633915781974792
sd_3_5_large,2987588136,0,0.028652669861912727
sd_3_5_large,2987588136,1,0.20946969091892242
sd_3_5_large,4400746838,0,0.07807815819978714
sd_3_5_large,4400746838,1,0.8723474144935608
sd_3_5_large,401405215,0,0.04569203406572342
sd_3_5_large,401405215,1,0.14080817997455597
sd_3_5_large,4825458628,0,0.586759626865387
sd_3_5_large,4825458628,1,0.44323891401290894
sd_3_5_large,6059154572,0,0.08945459872484207
sd_3_5_large,6059154572,1,0.14854055643081665
sd_3_5_large,3514184232,0,0.0534033328294754
sd_3_5_large,3514184232,1,0.8820220232009888
sd_3_5_large,4474749623,0,0.031143832951784134
sd_3_5_large,4474749623,1,0.35734322667121887
sd_3_5_large,618797331,0,0.03488088771700859
sd_3_5_large,618797331,1,0.9066531658172607
sd_3_5_large,2622624460,0,0.043042849749326706
sd_3_5_large,2622624460,1,0.04501553252339363
sd_3_5_large,400345058,0,0.9504110217094421
sd_3_5_large,400345058,1,0.09467770159244537
sd_3_5_large,3747007211,0,0.0427221953868866
sd_3_5_large,3747007211,1,0.10087861120700836
sd_3_5_large,3135826945,0,0.19620943069458008
sd_3_5_large,3135826945,1,0.29624688625335693
sd_3_5_large,2466420387,0,0.043691057711839676
sd_3_5_large,2466420387,1,0.7655933499336243
sd_3_5_large,506082695,0,0.05223085358738899
sd_3_5_large,506082695,1,0.14033624529838562
sd_3_5_large,312788070,0,0.046378206461668015
sd_3_5_large,312788070,1,0.1830088496208191
sd_3_5_large,511749704,0,0.04885777831077576
sd_3_5_large,511749704,1,0.15765489637851715
sd_3_5_large,5733760,0,0.05033063143491745
sd_3_5_large,5733760,1,0.3555510938167572
sd_3_5_large,86131617,0,0.0384661927819252
sd_3_5_large,86131617,1,0.13939638435840607
sd_3_5_large,6981038793,0,0.11162799596786499
sd_3_5_large,6981038793,1,0.10706345736980438
sd_3_5_large,3201517121,0,0.053009770810604095
sd_3_5_large,3201517121,1,0.8327813148498535
sd_3_5_large,97162852,0,0.04922211915254593
sd_3_5_large,97162852,1,0.28977349400520325
sd_3_5_large,3616525288,0,0.1127953976392746
sd_3_5_large,3616525288,1,0.6161277890205383
sd_3_5_large,2373932560,0,0.0427221953868866
sd_3_5_large,2373932560,1,0.1063188761472702
sd_3_5_large,4606967207,0,0.05582313984632492
sd_3_5_large,4606967207,1,0.09534946084022522
sd_3_5_large,3019609769,0,0.03594832494854927
sd_3_5_large,3019609769,1,0.10521053522825241
sd_3_5_large,86112875,0,0.034100428223609924
sd_3_5_large,86112875,1,0.09842541813850403
sd_3_5_large,3678098428,0,0.04535257816314697
sd_3_5_large,3678098428,1,0.4093388617038727
sd_3_5_large,439171995,0,0.04569203406572342
sd_3_5_large,439171995,1,0.6460136771202087
sd_3_5_large,4052515931,0,0.05108273774385452
sd_3_5_large,4052515931,1,0.07423136383295059
sd_3_5_large,1775223211,0,0.22884513437747955
sd_3_5_large,1775223211,1,0.11716748028993607
sd_3_5_large,3547000169,0,0.05707140266895294
sd_3_5_large,3547000169,1,0.08093671500682831
sd_3_5_large,20805896,0,0.055005282163619995
sd_3_5_large,20805896,1,0.750552773475647
sd_3_5_large,3308171165,0,0.04707418009638786
sd_3_5_large,3308171165,1,0.08093671500682831
sd_3_5_large,463978865,0,0.26057755947113037
sd_3_5_large,463978865,1,0.6630147099494934
sd_3_5_large,4831683216,0,0.10594827681779861
sd_3_5_large,4831683216,1,0.9161096215248108
sd_3_5_large,2635938723,0,0.6109178066253662
sd_3_5_large,2635938723,1,0.6731916666030884
sd_3_5_large,3707585013,0,0.0541987270116806
sd_3_5_large,3707585013,1,0.07369627058506012
sd_3_5_large,4080351447,0,0.04778006672859192
sd_3_5_large,4080351447,1,0.17272931337356567
sd_3_5_large,3685373706,0,0.0541987270116806
sd_3_5_large,3685373706,1,0.11676400899887085
sd_3_5_large,3170122039,0,0.046378206461668015
sd_3_5_large,3170122039,1,0.6570984721183777
sd_3_5_large,3482974845,0,0.700894832611084
sd_3_5_large,3482974845,1,0.11357959359884262
sd_3_5_large,489134459,0,0.048136770725250244
sd_3_5_large,489134459,1,0.1108555942773819
sd_3_5_large,509987636,0,0.04240383207798004
sd_3_5_large,509987636,1,0.09009299427270889
sd_3_5_large,2822418176,0,0.07423136383295059
sd_3_5_large,2822418176,1,0.8098781704902649
sd_3_5_large,2640869832,0,0.057918086647987366
sd_3_5_large,2640869832,1,0.8250265121459961
sd_3_5_large,5631556013,0,0.030214589089155197
sd_3_5_large,5631556013,1,0.3191213607788086
sd_3_5_large,3143991972,0,0.038178276270627975
sd_3_5_large,3143991972,1,0.44531846046447754
sd_3_5_large,2717110088,0,0.03993731737136841
sd_3_5_large,2717110088,1,0.57269287109375
sd_3_5_large,4819772045,0,0.0627892017364502
sd_3_5_large,4819772045,1,0.39688602089881897
sd_3_5_large,4801764348,0,0.030675798654556274
sd_3_5_large,4801764348,1,0.2240554690361023
sd_3_5_large,3431671749,0,0.04672496020793915
sd_3_5_large,3431671749,1,0.17497345805168152
sd_3_5_large,3240637051,0,0.06705628335475922
sd_3_5_large,3240637051,1,0.2512800693511963
sd_3_5_large,3643981804,0,0.049958523362874985
sd_3_5_large,3643981804,1,0.11516223102807999
sd_3_5_large,7498713846,0,0.03993731737136841
sd_3_5_large,7498713846,1,0.2568320035934448
sd_3_5_large,5399620276,0,0.06325051933526993
sd_3_5_large,5399620276,1,0.06142403930425644
sd_3_5_large,3262645599,0,0.05665242671966553
sd_3_5_large,3262645599,1,0.8175744414329529
sd_3_5_large,241345770,0,0.029760094359517097
sd_3_5_large,241345770,1,0.18359363079071045
sd_3_5_large,4257619114,0,0.027376487851142883
sd_3_5_large,4257619114,1,0.19253936409950256
sd_3_5_large,4912108775,0,0.034358687698841095
sd_3_5_large,4912108775,1,0.2557152211666107
sd_3_5_large,4024098174,0,0.049958523362874985
sd_3_5_large,4024098174,1,0.17838266491889954
sd_3_5_large,2741051940,0,0.04535257816314697
sd_3_5_large,2741051940,1,0.5251253247261047
sd_3_5_large,3880366728,0,0.02615562081336975
sd_3_5_large,3880366728,1,0.18068422377109528
sd_3_5_large,1234206849,0,0.024237636476755142
sd_3_5_large,1234206849,1,0.10894504189491272
sd_3_5_large,1285874746,0,0.05033063143491745
sd_3_5_large,1285874746,1,0.17441026866436005
sd_3_5_large,7330749240,0,0.05665242671966553
sd_3_5_large,7330749240,1,0.6636689305305481
sd_3_5_large,3344040145,0,0.039048291742801666
sd_3_5_large,3344040145,1,0.06512755155563354
sd_3_5_large,3539817989,0,0.01912403665482998
sd_3_5_large,3539817989,1,0.04146227240562439
sd_3_5_large,965444691,0,0.022116590291261673
sd_3_5_large,965444691,1,0.7918210625648499
sd_3_5_large,4797050581,0,0.04922211915254593
sd_3_5_large,4797050581,1,0.19132769107818604
sd_3_5_large,1408958345,0,0.09138210862874985
sd_3_5_large,1408958345,1,0.30569732189178467
sd_3_5_large,3880726770,0,0.034358687698841095
sd_3_5_large,3880726770,1,0.5006103515625
sd_3_5_large,2382950929,0,0.34775859117507935
sd_3_5_large,2382950929,1,0.3019792139530182
sd_3_5_large,2391442557,0,0.04535257816314697
sd_3_5_large,2391442557,1,0.10669060051441193
sd_3_5_large,234374617,0,0.04023794084787369
sd_3_5_large,234374617,1,0.1535491794347763
sd_3_5_large,369047365,0,0.3361130952835083
sd_3_5_large,369047365,1,0.801314651966095
sd_3_5_large,5870701819,0,0.053799644112586975
sd_3_5_large,5870701819,1,0.4021572768688202
sd_3_5_large,259510411,0,0.05033063143491745
sd_3_5_large,259510411,1,0.8652240633964539
sd_3_5_large,1417941060,0,0.04535257816314697
sd_3_5_large,1417941060,1,0.8624675869941711
sd_3_5_large,1733853950,0,0.04672496020793915
sd_3_5_large,1733853950,1,0.11476478725671768
sd_3_5_large,4966861386,0,0.04569203406572342
sd_3_5_large,4966861386,1,0.23828420042991638
sd_3_5_large,4478063110,0,0.11716748028993607
sd_3_5_large,4478063110,1,0.07263670116662979
sd_3_5_large,473323374,0,0.043365802615880966
sd_3_5_large,473323374,1,0.8629302382469177
sd_3_5_large,2307757311,0,0.043365802615880966
sd_3_5_large,2307757311,1,0.3036285638809204
sd_3_5_large,2705922624,0,0.03875619173049927
sd_3_5_large,2705922624,1,0.11240507662296295
sd_3_5_large,2321865325,0,0.06512755155563354
sd_3_5_large,2321865325,1,0.10521053522825241
sd_3_5_large,4442382200,0,0.03649376705288887
sd_3_5_large,4442382200,1,0.10594827681779861
sd_3_5_large,1961696686,0,0.05108273774385452
sd_3_5_large,1961696686,1,0.23022675514221191
sd_3_5_large,2667242810,0,0.04240383207798004
sd_3_5_large,2667242810,1,0.22135069966316223
sd_3_5_large,4876517154,0,0.046378206461668015
sd_3_5_large,4876517154,1,0.27904197573661804
sd_3_5_large,2641049916,0,0.06142403930425644
sd_3_5_large,2641049916,1,0.14560063183307648
sd_3_5_large,3169184260,0,0.04177388176321983
sd_3_5_large,3169184260,1,0.29462072253227234
sd_3_5_large,3669527584,0,0.04742587357759476
sd_3_5_large,3669527584,1,0.09334687888622284
sd_3_5_large,4677535056,0,0.03185885772109032
sd_3_5_large,4677535056,1,0.07477004081010818
sd_3_5_large,3486831654,0,0.04707418009638786
sd_3_5_large,3486831654,1,0.2393493503332138
sd_3_5_large,4567003374,0,0.04707418009638786
sd_3_5_large,4567003374,1,0.2735743820667267
sd_3_5_large,5430267989,0,0.0427221953868866
sd_3_5_large,5430267989,1,0.8164063692092896
sd_3_5_large,140774394,0,0.03934250399470329
sd_3_5_large,140774394,1,0.2802222669124603
sd_3_5_large,380752558,0,0.04240383207798004
sd_3_5_large,380752558,1,0.07055959850549698
sd_3_5_large,2324804923,0,0.07864238321781158
sd_3_5_large,2324804923,1,0.314050555229187
sd_3_5_large,434932657,0,0.04672496020793915
sd_3_5_large,434932657,1,0.10158944129943848
sd_3_5_large,6870444330,0,0.053009770810604095
sd_3_5_large,6870444330,1,0.1772405207157135
sd_3_5_large,1089755335,0,0.0541987270116806
sd_3_5_large,1089755335,1,0.08663207292556763
sd_3_5_large,4569926879,0,0.034100428223609924
sd_3_5_large,4569926879,1,0.10194651782512665
sd_3_5_large,2319389144,0,0.04401865229010582
sd_3_5_large,2319389144,1,0.04922211915254593
sd_3_5_large,617782839,0,0.03934250399470329
sd_3_5_large,617782839,1,0.5657786130905151
sd_3_5_large,3298573714,0,0.05184547230601311
sd_3_5_large,3298573714,1,0.7924642562866211
sd_3_5_large,4472750626,0,0.03185885772109032
sd_3_5_large,4472750626,1,0.07696083933115005
sd_3_5_large,4050916276,0,0.30115649104118347
sd_3_5_large,4050916276,1,0.05108273774385452
sd_3_5_large,411678041,0,0.04240383207798004
sd_3_5_large,411678041,1,0.05964694544672966
sd_3_5_large,4633043171,0,0.053009770810604095
sd_3_5_large,4633043171,1,0.13386750221252441
sd_3_5_large,2904714989,0,0.04778006672859192
sd_3_5_large,2904714989,1,0.12896330654621124
sd_3_5_large,3094034946,0,0.03649376705288887
sd_3_5_large,3094034946,1,0.11716748028993607
sd_3_5_large,3745405944,0,0.03258974477648735
sd_3_5_large,3745405944,1,0.2393493503332138
sd_3_5_large,5892931627,0,0.0446808747947216
sd_3_5_large,5892931627,1,0.6800292134284973
sd_3_5_large,2641098920,0,0.01971912570297718
sd_3_5_large,2641098920,1,0.2724114954471588
sd_3_5_large,3549614763,0,0.0443485826253891
sd_3_5_large,3549614763,1,0.11436852067708969
sd_3_5_large,1286805224,0,0.0534033328294754
sd_3_5_large,1286805224,1,0.188323974609375
sd_3_5_large,6152180229,0,0.05223085358738899
sd_3_5_large,6152180229,1,0.11556088179349899
sd_3_5_large,2683823978,0,0.034358687698841095
sd_3_5_large,2683823978,1,0.23440666496753693
sd_3_5_large,2905200744,0,0.0446808747947216
sd_3_5_large,2905200744,1,0.26664361357688904
sd_3_5_large,59303979,0,0.4364118278026581
sd_3_5_large,59303979,1,0.11636176705360413
sd_3_5_large,4838943023,0,0.038178276270627975
sd_3_5_large,4838943023,1,0.3745618760585785
sd_3_5_large,2503250992,0,0.026556573808193207
sd_3_5_large,2503250992,1,0.08570927381515503
sd_3_5_large,2678171436,0,0.04084571823477745
sd_3_5_large,2678171436,1,0.11201596260070801
sd_3_5_large,2047543321,0,0.01784873753786087
sd_3_5_large,2047543321,1,0.2881683111190796
sd_3_5_large,3036894037,0,0.053009770810604095
sd_3_5_large,3036894037,1,0.2354598045349121
sd_3_5_large,221596640,0,0.06008664518594742
sd_3_5_large,221596640,1,0.13799647986888885
sd_3_5_large,2874876837,0,0.04885777831077576
sd_3_5_large,2874876837,1,0.2075357437133789
sd_3_5_large,2298661279,0,0.0792103260755539
sd_3_5_large,2298661279,1,0.12168575078248978
sd_3_5_large,6474645169,0,0.05184547230601311
sd_3_5_large,6474645169,1,0.10158944129943848
sd_3_5_large,3121219649,0,0.04023794084787369
sd_3_5_large,3121219649,1,0.5854566693305969
sd_3_5_large,5456862756,0,0.05033063143491745
sd_3_5_large,5456862756,1,0.1525365114212036
sd_3_5_large,2856524322,0,0.05146276578307152
sd_3_5_large,2856524322,1,0.13892842829227448
sd_3_5_large,4347441967,0,0.043365802615880966
sd_3_5_large,4347441967,1,0.1200256273150444
sd_3_5_large,3745474894,0,0.04177388176321983
sd_3_5_large,3745474894,1,0.06954174488782883
sd_3_5_large,3157745346,0,0.031143832951784134
sd_3_5_large,3157745346,1,0.2146914154291153
sd_3_5_large,4062259729,0,0.04958902671933174
sd_3_5_large,4062259729,1,0.5618159174919128
sd_3_5_large,456299217,0,0.06954174488782883
sd_3_5_large,456299217,1,0.05582313984632492
sd_3_5_large,311619377,0,0.04177388176321983
sd_3_5_large,311619377,1,0.1661335527896881
sd_3_5_large,7940321892,0,0.04569203406572342
sd_3_5_large,7940321892,1,0.38722681999206543
sd_3_5_large,4655361417,0,0.13846179842948914
sd_3_5_large,4655361417,1,0.048136770725250244
sd_3_5_large,2471447879,0,0.04146227240562439
sd_3_5_large,2471447879,1,0.1465752124786377
sd_3_5_large,137444523,0,0.02228618785738945
sd_3_5_large,137444523,1,0.6926419734954834
sd_3_5_large,3332248667,0,0.046378206461668015
sd_3_5_large,3332248667,1,0.06052938848733902
sd_3_5_large,5691210724,0,0.05033063143491745
sd_3_5_large,5691210724,1,0.7534666657447815
sd_3_5_large,1810651611,0,0.043042849749326706
sd_3_5_large,1810651611,1,0.6636689305305481
sd_3_5_large,4734162520,0,0.03649376705288887
sd_3_5_large,4734162520,1,0.24908174574375153
sd_3_5_large,7012109893,0,0.04922211915254593
sd_3_5_large,7012109893,1,0.7648916244506836
sd_3_5_large,7645680482,0,0.04707418009638786
sd_3_5_large,7645680482,1,0.12463856488466263
sd_3_5_large,2127166904,0,0.05223085358738899
sd_3_5_large,2127166904,1,0.05033063143491745
sd_3_5_large,3334866049,0,0.05033063143491745
sd_3_5_large,3334866049,1,0.08093671500682831
sd_3_5_large,3367399,0,0.04240383207798004
sd_3_5_large,3367399,1,0.2575782835483551
sd_3_5_large,3149038044,0,0.034618839621543884
sd_3_5_large,3149038044,1,0.15203224122524261
sd_3_5_large,450688968,0,0.03760863468050957
sd_3_5_large,450688968,1,0.2267836183309555
sd_3_5_large,4401136784,0,0.05146276578307152
sd_3_5_large,4401136784,1,0.11797802150249481
sd_3_5_large,4818675994,0,0.0333368219435215
sd_3_5_large,4818675994,1,0.4691554307937622
sd_3_5_large,345852737,0,0.05108273774385452
sd_3_5_large,345852737,1,0.12421300262212753
sd_3_5_large,5925544950,0,0.03704717382788658
sd_3_5_large,5925544950,1,0.06325051933526993
sd_3_5_large,4183662919,0,0.022977370768785477
sd_3_5_large,4183662919,1,0.783326268196106
sd_3_5_large,4684005479,0,0.04707418009638786
sd_3_5_large,4684005479,1,0.07477004081010818
sd_3_5_large,253800791,0,0.05070536211133003
sd_3_5_large,253800791,1,0.489747554063797
sd_3_5_large,8138745455,0,0.05184547230601311
sd_3_5_large,8138745455,1,0.10052487254142761
sd_3_5_large,95795877,0,0.05033063143491745
sd_3_5_large,95795877,1,0.1525365114212036
sd_3_5_large,6381062375,0,0.04240383207798004
sd_3_5_large,6381062375,1,0.2802222669124603
sd_3_5_large,4712636240,0,0.024237636476755142
sd_3_5_large,4712636240,1,0.10669060051441193
sd_3_5_large,3194533056,0,0.04401865229010582
sd_3_5_large,3194533056,1,0.3752484917640686
sd_3_5_large,4668948309,0,0.02779562398791313
sd_3_5_large,4668948309,1,0.5832033753395081
sd_3_5_large,268365231,0,0.030908960849046707
sd_3_5_large,268365231,1,0.23581159114837646
sd_3_5_large,4631131293,0,0.025760561227798462
sd_3_5_large,4631131293,1,0.08210662752389908
sd_3_5_large,1387014885,0,0.025565212592482567
sd_3_5_large,1387014885,1,0.4919440448284149
sd_3_5_large,2952320230,0,0.06804042309522629
sd_3_5_large,2952320230,1,0.10781264305114746
sd_3_5_large,6841943688,0,0.05108273774385452
sd_3_5_large,6841943688,1,0.08093671500682831
sd_3_5_large,4333374998,0,0.04535257816314697
sd_3_5_large,4333374998,1,0.10706345736980438
sd_3_5_large,3468635980,0,0.01332514826208353
sd_3_5_large,3468635980,1,0.11757213622331619
sd_3_5_large,3125628091,0,0.10521053522825241
sd_3_5_large,3125628091,1,0.9507778882980347
sd_3_5_large,534570169,0,0.034618839621543884
sd_3_5_large,534570169,1,0.14080817997455597
sd_3_5_large,4447160600,0,0.04885777831077576
sd_3_5_large,4447160600,1,0.06560482829809189
sd_3_5_large,2209751,0,0.038178276270627975
sd_3_5_large,2209751,1,0.3090237081050873
sd_3_5_large,2723929323,0,0.0541987270116806
sd_3_5_large,2723929323,1,0.2206781655550003
sd_3_5_large,6589292543,0,0.05070536211133003
sd_3_5_large,6589292543,1,0.9230391979217529
sd_3_5_large,3351586010,0,0.0378924235701561
sd_3_5_large,3351586010,1,0.04742587357759476
sd_3_5_large,3241531692,0,0.05877656117081642
sd_3_5_large,3241531692,1,0.17328819632530212
sd_3_5_large,4879951396,0,0.08632348477840424
sd_3_5_large,4879951396,1,0.25312182307243347
sd_3_5_large,3560502528,0,0.048496004194021225
sd_3_5_large,3560502528,1,0.17384850978851318
sd_3_5_large,3655074079,0,0.043042849749326706
sd_3_5_large,3655074079,1,0.1030244305729866
sd_3_5_large,4491044489,0,0.20434190332889557
sd_3_5_large,4491044489,1,0.5013427734375
sd_3_5_large,3105623068,0,0.04742587357759476
sd_3_5_large,3105623068,1,0.41004735231399536
sd_3_5_large,3965771582,0,0.05108273774385452
sd_3_5_large,3965771582,1,0.11124120652675629
sd_3_5_large,6839984356,0,0.13568954169750214
sd_3_5_large,6839984356,1,0.8333246111869812
sd_3_5_large,2103080234,0,0.05033063143491745
sd_3_5_large,2103080234,1,0.06371499598026276
sd_3_5_large,33497646,0,0.6893056035041809
sd_3_5_large,33497646,1,0.8895288705825806
sd_3_5_large,3590753142,0,0.053009770810604095
sd_3_5_large,3590753142,1,0.14175599813461304
sd_3_5_large,3784574313,0,0.04115288704633713
sd_3_5_large,3784574313,1,0.22918997704982758
sd_3_5_large,2728607980,0,0.04742587357759476
sd_3_5_large,2728607980,1,0.32809871435165405
sd_3_5_large,575853856,0,0.07004895806312561
sd_3_5_large,575853856,1,0.1841798573732376
sd_3_5_large,6472693569,0,0.08509904146194458
sd_3_5_large,6472693569,1,0.8701565861701965
sd_3_5_large,7117115809,0,0.9161096215248108
sd_3_5_large,7117115809,1,0.2011847198009491
sd_3_5_large,7796487260,0,0.05749327689409256
sd_3_5_large,7796487260,1,0.10194651782512665
sd_3_5_large,3119887967,0,0.053799644112586975
sd_3_5_large,3119887967,1,0.11716748028993607
sd_3_5_large,6925158300,0,0.05223085358738899
sd_3_5_large,6925158300,1,0.11920291930437088
sd_3_5_large,242558556,0,0.802555501461029
sd_3_5_large,242558556,1,0.19436782598495483
sd_3_5_large,3176499620,0,0.04177388176321983
sd_3_5_large,3176499620,1,0.5694935321807861
sd_3_5_large,4851268802,0,0.07211220264434814
sd_3_5_large,4851268802,1,0.13660839200019836
sd_3_5_large,3209564153,0,0.04778006672859192
sd_3_5_large,3209564153,1,0.167763352394104
sd_3_5_large,3525978606,0,0.04535257816314697
sd_3_5_large,3525978606,1,0.11318691074848175
sd_3_5_large,3274495419,0,0.028870906680822372
sd_3_5_large,3274495419,1,0.43539130687713623
sd_3_5_large,3855173636,0,0.06052938848733902
sd_3_5_large,3855173636,1,0.6176279783248901
sd_3_5_large,2557922709,0,0.053799644112586975
sd_3_5_large,2557922709,1,0.6052159070968628
sd_3_5_large,2991994607,0,0.03258974477648735
sd_3_5_large,2991994607,1,0.04115288704633713
sd_3_5_large,4799951910,0,0.011508150026202202
sd_3_5_large,4799951910,1,0.05834583565592766
sd_3_5_large,4750766294,0,0.04084571823477745
sd_3_5_large,4750766294,1,0.7248703241348267
sd_3_5_large,3418462699,0,0.05070536211133003
sd_3_5_large,3418462699,1,0.11436852067708969
sd_3_5_large,3273892996,0,0.03934250399470329
sd_3_5_large,3273892996,1,0.16830943524837494
sd_3_5_large,54242432,0,0.030675798654556274
sd_3_5_large,54242432,1,0.8803863525390625
sd_3_5_large,3189464563,0,0.03875619173049927
sd_3_5_large,3189464563,1,0.1108555942773819
sd_3_5_large,4950889937,0,0.01578456163406372
sd_3_5_large,4950889937,1,0.08570927381515503
sd_3_5_large,2580707208,0,0.04240383207798004
sd_3_5_large,2580707208,1,0.33437207341194153
sd_3_5_large,6053720349,0,0.03488088771700859
sd_3_5_large,6053720349,1,0.9059898257255554
sd_3_5_large,7353914844,0,0.06052938848733902
sd_3_5_large,7353914844,1,0.1540575623512268
sd_3_5_large,4768270751,0,0.04672496020793915
sd_3_5_large,4768270751,1,0.06187598407268524
sd_3_5_large,492587970,0,0.04240383207798004
sd_3_5_large,492587970,1,0.43911588191986084
sd_3_5_large,125635185,0,0.03993731737136841
sd_3_5_large,125635185,1,0.4330221712589264
sd_3_5_large,4876504906,0,0.05749327689409256
sd_3_5_large,4876504906,1,0.3086068034172058
sd_3_5_large,2875823162,0,0.034100428223609924
sd_3_5_large,2875823162,1,0.06142403930425644
sd_3_5_large,4781019036,0,0.029986508190631866
sd_3_5_large,4781019036,1,0.07107366621494293
sd_3_5_large,4749166996,0,0.0541987270116806
sd_3_5_large,4749166996,1,0.16184942424297333
sd_3_5_large,6188266707,0,0.053009770810604095
sd_3_5_large,6188266707,1,0.07640768587589264
sd_3_5_large,314800643,0,0.024237636476755142
sd_3_5_large,314800643,1,0.08882028609514236
sd_3_5_large,8143343377,0,0.05921025201678276
sd_3_5_large,8143343377,1,0.07978201657533646
sd_3_5_large,123997871,0,0.03993731737136841
sd_3_5_large,123997871,1,0.05749327689409256
sd_3_5_large,3676460610,0,0.08035746961832047
sd_3_5_large,3676460610,1,0.05964694544672966
sd_3_5_large,201314419,0,0.04707418009638786
sd_3_5_large,201314419,1,0.05108273774385452
sd_3_5_large,252846811,0,0.026556573808193207
sd_3_5_large,252846811,1,0.12896330654621124
sd_3_5_large,4980795412,0,0.048136770725250244
sd_3_5_large,4980795412,1,0.09073548763990402
sd_3_5_large,4410033566,0,0.053009770810604095
sd_3_5_large,4410033566,1,0.12252321094274521
sd_3_5_large,2607097757,0,0.038178276270627975
sd_3_5_large,2607097757,1,0.12984342873096466
sd_3_5_large,2414397449,0,0.08882028609514236
sd_3_5_large,2414397449,1,0.314050555229187
sd_3_5_large,3399284917,0,0.09877259284257889
sd_3_5_large,3399284917,1,0.801314651966095
sd_3_5_large,4623000836,0,0.026759283617138863
sd_3_5_large,4623000836,1,0.1561049073934555
sd_3_5_large,154653766,0,0.04778006672859192
sd_3_5_large,154653766,1,0.0541987270116806
sd_3_5_large,3403263046,0,0.04240383207798004
sd_3_5_large,3403263046,1,0.26511871814727783
sd_3_5_large,4586247564,0,0.04401865229010582
sd_3_5_large,4586247564,1,0.08151975274085999
sd_3_5_large,2125626631,0,0.04742587357759476
sd_3_5_large,2125626631,1,0.10818894952535629
sd_3_5_large,1872000955,0,0.034358687698841095
sd_3_5_large,1872000955,1,0.32124701142311096
sd_3_5_large,4801849846,0,0.01065251138061285
sd_3_5_large,4801849846,1,0.1535491794347763
sd_3_5_large,5389294129,0,0.05582313984632492
sd_3_5_large,5389294129,1,0.3396085798740387
sd_3_5_large,3607969989,0,0.04885777831077576
sd_3_5_large,3607969989,1,0.06853749603033066
sd_3_5_large,3540241710,0,0.06705628335475922
sd_3_5_large,3540241710,1,0.8933094143867493
sd_3_5_large,3773298212,0,0.04742587357759476
sd_3_5_large,3773298212,1,0.09739039838314056
sd_3_5_large,5489602545,0,0.05184547230601311
sd_3_5_large,5489602545,1,0.08945459872484207
sd_3_5_large,558338473,0,0.04240383207798004
sd_3_5_large,558338473,1,0.36387285590171814
sd_3_5_large,3619322150,0,0.04054073989391327
sd_3_5_large,3619322150,1,0.22746935486793518
sd_3_5_large,3856155585,0,0.03993731737136841
sd_3_5_large,3856155585,1,0.9053223133087158
sd_3_5_large,101669240,0,0.048496004194021225
sd_3_5_large,101669240,1,0.17895591259002686
sd_3_5_large,3427233064,0,0.04922211915254593
sd_3_5_large,3427233064,1,0.3127896785736084
sd_3_5_large,19469520,0,0.0443485826253891
sd_3_5_large,19469520,1,0.06097518280148506
sd_3_5_large,83001714,0,0.038178276270627975
sd_3_5_large,83001714,1,0.13706977665424347
sd_3_5_large,177591612,0,0.02931223064661026
sd_3_5_large,177591612,1,0.24725967645645142
sd_3_5_large,427736337,0,0.01243165135383606
sd_3_5_large,427736337,1,0.13072869181632996
sd_3_5_large,1546632452,0,0.05184547230601311
sd_3_5_large,1546632452,1,0.3486451506614685
sd_3_5_large,4631840705,0,0.03993731737136841
sd_3_5_large,4631840705,1,0.6867902874946594
sd_3_5_large,2757803246,0,0.4929509162902832
sd_3_5_large,2757803246,1,0.1859472095966339
sd_3_5_large,6927848734,0,0.03541072458028793
sd_3_5_large,6927848734,1,0.7130321860313416
sd_3_5_large,3362080042,0,0.04672496020793915
sd_3_5_large,3362080042,1,0.1841798573732376
sd_3_5_large,4940658755,0,0.04885777831077576
sd_3_5_large,4940658755,1,0.13706977665424347
sd_3_5_large,4903293024,0,0.04569203406572342
sd_3_5_large,4903293024,1,0.10932482779026031
sd_3_5_large,4016499639,0,0.03963884338736534
sd_3_5_large,4016499639,1,0.1030244305729866
sd_3_5_large,3809758561,0,0.04672496020793915
sd_3_5_large,3809758561,1,0.12896330654621124
sd_3_5_large,4736841029,0,0.048136770725250244
sd_3_5_large,4736841029,1,0.4245312809944153
sd_3_5_large,2284894733,0,0.03704717382788658
sd_3_5_large,2284894733,1,0.7386690378189087
sd_3_5_large,2378356400,0,0.06560482829809189
sd_3_5_large,2378356400,1,0.09982065856456757
sd_3_5_large,541063419,0,0.0427221953868866
sd_3_5_large,541063419,1,0.14128142595291138
sd_3_5_large,4948865477,0,0.03760863468050957
sd_3_5_large,4948865477,1,0.10447731614112854
sd_3_5_large,3327761688,0,0.023870835080742836
sd_3_5_large,3327761688,1,0.08756384998559952
sd_3_5_large,637245791,0,0.03934250399470329
sd_3_5_large,637245791,1,0.10266400873661041
sd_3_5_large,2230363312,0,0.02909075655043125
sd_3_5_large,2230363312,1,0.2587003707885742
sd_3_5_large,2973269132,0,0.05223085358738899
sd_3_5_large,2973269132,1,0.2523840367794037
sd_3_5_large,2551602773,0,0.043042849749326706
sd_3_5_large,2551602773,1,0.2030746340751648
sd_3_5_large,732671252,0,0.05921025201678276
sd_3_5_large,732671252,1,0.2635993957519531
sd_3_5_large,3219606,0,0.015072628855705261
sd_3_5_large,3219606,1,0.10230470448732376
sd_3_5_large,905355838,0,0.027169233188033104
sd_3_5_large,905355838,1,0.1259227693080902
sd_3_5_large,4632869465,0,0.04778006672859192
sd_3_5_large,4632869465,1,0.38237205147743225
sd_3_5_large,281658181,0,0.05921025201678276
sd_3_5_large,281658181,1,0.7193835973739624
sd_3_5_large,3124455694,0,0.04535257816314697
sd_3_5_large,3124455694,1,0.24762336909770966
sd_3_5_large,3416339125,0,0.052618954330682755
sd_3_5_large,3416339125,1,0.16184942424297333
sd_3_5_large,2518853257,0,0.03676946461200714
sd_3_5_large,2518853257,1,0.17895591259002686
sd_3_5_large,5732777684,0,0.03594832494854927
sd_3_5_large,5732777684,1,0.10818894952535629
sd_3_5_large,1777816180,0,0.04922211915254593
sd_3_5_large,1777816180,1,0.23405632376670837
sd_3_5_large,5384132543,0,0.13072869181632996
sd_3_5_large,5384132543,1,0.5578453540802002
sd_3_5_large,2446830166,0,0.03934250399470329
sd_3_5_large,2446830166,1,0.45553165674209595
sd_3_5_large,288038357,0,0.024798160418868065
sd_3_5_large,288038357,1,0.09467770159244537
sd_3_5_large,6647904677,0,0.05108273774385452
sd_3_5_large,6647904677,1,0.08882028609514236
sd_3_5_large,620595746,0,0.05033063143491745
sd_3_5_large,620595746,1,0.11047115176916122
sd_3_5_large,1423997242,0,0.034358687698841095
sd_3_5_large,1423997242,1,0.1037486270070076
sd_3_5_large,4941418090,0,0.053009770810604095
sd_3_5_large,4941418090,1,0.06325051933526993
sd_3_5_large,3909552008,0,0.04084571823477745
sd_3_5_large,3909552008,1,0.15304216742515564
sd_3_5_large,1505686764,0,0.03649376705288887
sd_3_5_large,1505686764,1,0.2440025508403778
sd_3_5_large,4770745669,0,0.0541987270116806
sd_3_5_large,4770745669,1,0.14128142595291138
sd_3_5_large,2752084369,0,0.037326883524656296
sd_3_5_large,2752084369,1,0.555917501449585
sd_3_5_large,3466635681,0,0.15765489637851715
sd_3_5_large,3466635681,1,0.7839884757995605
sd_3_5_large,4152957260,0,0.18952108919620514
sd_3_5_large,4152957260,1,0.14706452190876007
sd_3_5_large,4977528001,0,0.04778006672859192
sd_3_5_large,4977528001,1,0.14366760849952698
sd_3_5_large,2167644298,0,0.04672496020793915
sd_3_5_large,2167644298,1,0.32637879252433777
sd_3_5_large,6191516871,0,0.0443485826253891
sd_3_5_large,6191516871,1,0.24148939549922943
sd_3_5_large,4569102627,0,0.0384661927819252
sd_3_5_large,4569102627,1,0.07423136383295059
sd_3_5_large,72010346,0,0.0120537793263793
sd_3_5_large,72010346,1,0.6838418841362
sd_3_5_large,4444686770,0,0.07107366621494293
sd_3_5_large,4444686770,1,0.09947021305561066
sd_3_5_large,3302986588,0,0.05223085358738899
sd_3_5_large,3302986588,1,0.1650540828704834
sd_3_5_large,4915658588,0,0.04535257816314697
sd_3_5_large,4915658588,1,0.2590751051902771
sd_3_5_large,5988551357,0,0.02843603491783142
sd_3_5_large,5988551357,1,0.2393493503332138
sd_3_5_large,230486268,0,0.04885777831077576
sd_3_5_large,230486268,1,0.08093671500682831
sd_3_5_large,3050606344,0,0.04742587357759476
sd_3_5_large,3050606344,1,0.19868534803390503
sd_3_5_large,3449846784,0,0.2075357437133789
sd_3_5_large,3449846784,1,0.2140335589647293
sd_3_5_large,4570151256,0,0.0753123089671135
sd_3_5_large,4570151256,1,0.20882359147071838
sd_3_5_large,3043510721,0,0.02615562081336975
sd_3_5_large,3043510721,1,0.06371499598026276
sd_3_5_large,4895355979,0,0.08570927381515503
sd_3_5_large,4895355979,1,0.4834045171737671
sd_3_5_large,390369,0,0.05033063143491745
sd_3_5_large,390369,1,0.18359363079071045
sd_3_5_large,3390808408,0,0.05146276578307152
sd_3_5_large,3390808408,1,0.19132769107818604
sd_3_5_large,3523559027,0,0.06371499598026276
sd_3_5_large,3523559027,1,0.09334687888622284
sd_3_5_large,2980901328,0,0.048496004194021225
sd_3_5_large,2980901328,1,0.07477004081010818
sd_3_5_large,582788646,0,0.05184547230601311
sd_3_5_large,582788646,1,0.9178933501243591
sd_3_5_large,4490635744,0,0.027169233188033104
sd_3_5_large,4490635744,1,0.5576496124267578
sd_3_5_large,3636936656,0,0.12984342873096466
sd_3_5_large,3636936656,1,0.2818007469177246
sd_3_5_large,6186146093,0,0.05184547230601311
sd_3_5_large,6186146093,1,0.4401383697986603
sd_3_5_large,345284642,0,0.04084571823477745
sd_3_5_large,345284642,1,0.06052938848733902
sd_3_5_large,3620764461,0,0.03875619173049927
sd_3_5_large,3620764461,1,0.10266400873661041
sd_3_5_large,141841337,0,0.014728613197803497
sd_3_5_large,141841337,1,0.8568122982978821
sd_3_5_large,4712411908,0,0.049958523362874985
sd_3_5_large,4712411908,1,0.11008787900209427
sd_3_5_large,4803926618,0,0.04603390023112297
sd_3_5_large,4803926618,1,0.7918210625648499
sd_3_5_large,1625306051,0,0.0443485826253891
sd_3_5_large,1625306051,1,0.8606036305427551
sd_3_5_large,2515822745,0,0.04054073989391327
sd_3_5_large,2515822745,1,0.19993211328983307
sd_3_5_large,4328538175,0,0.029535336419939995
sd_3_5_large,4328538175,1,0.7745833992958069
sd_3_5_large,2202059975,0,0.04023794084787369
sd_3_5_large,2202059975,1,0.026963500306010246
sd_3_5_large,4316585644,0,0.048496004194021225
sd_3_5_large,4316585644,1,0.43206340074539185
sd_3_5_large,499165634,0,0.05541279539465904
sd_3_5_large,499165634,1,0.7142295241355896
sd_3_5_large,4734146340,0,0.024053553119301796
sd_3_5_large,4734146340,1,0.12168575078248978
sd_3_5_large,1160441615,0,0.05223085358738899
sd_3_5_large,1160441615,1,0.4398074746131897
sd_3_5_large,6958079140,0,0.04054073989391327
sd_3_5_large,6958079140,1,0.23863890767097473
sd_3_5_large,3562606482,0,0.02280263602733612
sd_3_5_large,3562606482,1,0.20497773587703705
sd_3_5_large,23016347,0,0.027585284784436226
sd_3_5_large,23016347,1,0.17384850978851318
sd_3_5_large,6194677011,0,0.05033063143491745
sd_3_5_large,6194677011,1,0.2913839817047119
sd_3_5_large,6774537791,0,0.02843603491783142
sd_3_5_large,6774537791,1,0.2913839817047119
sd_3_5_large,2577972703,0,0.04146227240562439
sd_3_5_large,2577972703,1,0.8624675869941711
sd_3_5_large,3221036999,0,0.05623634159564972
sd_3_5_large,3221036999,1,0.09334687888622284
sd_3_5_large,2797188545,0,0.04535257816314697
sd_3_5_large,2797188545,1,0.6984323263168335
sd_3_5_large,1181708011,0,0.03934250399470329
sd_3_5_large,1181708011,1,0.1841798573732376
sd_3_5_large,2978040423,0,0.06754669547080994
sd_3_5_large,2978040423,1,0.11636176705360413
sd_3_5_large,3249597269,0,0.04742587357759476
sd_3_5_large,3249597269,1,0.06512755155563354
sd_3_5_large,1066831905,0,0.02178117260336876
sd_3_5_large,1066831905,1,0.10338596254587173
sd_3_5_large,2844202978,0,0.0378924235701561
sd_3_5_large,2844202978,1,0.12210386246442795
sd_3_5_large,2363540508,0,0.0384661927819252
sd_3_5_large,2363540508,1,0.44146230816841125
sd_3_5_large,3353400143,0,0.05749327689409256
sd_3_5_large,3353400143,1,0.11838509887456894
sd_3_5_large,3362592729,0,0.04177388176321983
sd_3_5_large,3362592729,1,0.314050555229187
sd_3_5_large,91875542,0,0.03875619173049927
sd_3_5_large,91875542,1,0.15052762627601624
sd_3_5_large,2507831979,0,0.018264278769493103
sd_3_5_large,2507831979,1,0.24508501589298248
sd_3_5_large,2841909138,0,0.04177388176321983
sd_3_5_large,2841909138,1,0.38664764165878296
sd_3_5_large,462383841,0,0.05582313984632492
sd_3_5_large,462383841,1,0.5562790632247925
sd_3_5_large,4448279884,0,0.05108273774385452
sd_3_5_large,4448279884,1,0.3970029056072235
sd_3_5_large,3081330705,0,0.0443485826253891
sd_3_5_large,3081330705,1,0.11596070975065231
sd_3_5_large,4900761380,0,0.05184547230601311
sd_3_5_large,4900761380,1,0.06512755155563354
sd_3_5_large,5925539370,0,0.04603390023112297
sd_3_5_large,5925539370,1,0.07316471636295319
sd_3_5_large,1288909046,0,0.03760863468050957
sd_3_5_large,1288909046,1,0.642432451248169
sd_3_5_large,437549483,0,0.1650540828704834
sd_3_5_large,437549483,1,0.3132096529006958
sd_3_5_large,520913429,0,0.04603390023112297
sd_3_5_large,520913429,1,0.14804719388484955
sd_3_5_large,3732728142,0,0.07696083933115005
sd_3_5_large,3732728142,1,0.169956237077713
sd_3_5_large,1235455146,0,0.0446808747947216
sd_3_5_large,1235455146,1,0.2609540820121765
sd_3_5_large,3186527735,0,0.031143832951784134
sd_3_5_large,3186527735,1,0.09877259284257889
sd_3_5_large,3567604049,0,0.09670579433441162
sd_3_5_large,3567604049,1,0.048496004194021225
sd_3_5_large,78058719,0,0.01578456163406372
sd_3_5_large,78058719,1,0.9278878569602966
sd_3_5_large,1235099089,0,0.05223085358738899
sd_3_5_large,1235099089,1,0.06656918674707413
sd_3_5_large,4584266249,0,0.07159119844436646
sd_3_5_large,4584266249,1,0.16940587759017944
sd_3_5_large,4751932433,0,0.04401865229010582
sd_3_5_large,4751932433,1,0.18184365332126617
sd_3_5_large,3529333786,0,0.03963884338736534
sd_3_5_large,3529333786,1,0.15152934193611145
sd_3_5_large,3640329164,0,0.057918086647987366
sd_3_5_large,3640329164,1,0.19620943069458008
sd_3_5_large,2396746868,0,0.2465333491563797
sd_3_5_large,2396746868,1,0.1063188761472702
sd_3_5_large,411008311,0,0.04054073989391327
sd_3_5_large,411008311,1,0.11008787900209427
sd_3_5_large,2800990525,0,0.04707418009638786
sd_3_5_large,2800990525,1,0.07477004081010818
sd_3_5_large,3522495606,0,0.03210070729255676
sd_3_5_large,3522495606,1,0.2120688110589981
sd_3_5_large,4803984649,0,0.0443485826253891
sd_3_5_large,4803984649,1,0.30404165387153625
sd_3_5_large,3376741717,0,0.03934250399470329
sd_3_5_large,3376741717,1,0.11838509887456894
sd_3_5_large,3246724744,0,0.06512755155563354
sd_3_5_large,3246724744,1,0.2747403681278229
sd_3_5_large,3243866702,0,0.05184547230601311
sd_3_5_large,3243866702,1,0.8397339582443237
sd_3_5_large,2903617548,0,0.03622005879878998
sd_3_5_large,2903617548,1,0.2999247610569
sd_3_5_large,7711598144,0,0.048496004194021225
sd_3_5_large,7711598144,1,0.6601723432540894
sd_3_5_large,2305437797,0,0.04535257816314697
sd_3_5_large,2305437797,1,0.907967209815979
sd_3_5_large,91251257,0,0.026556573808193207
sd_3_5_large,91251257,1,0.15817435085773468
sd_3_5_large,514165525,0,0.04778006672859192
sd_3_5_large,514165525,1,0.08509904146194458
sd_3_5_large,3708748633,0,0.021125193685293198
sd_3_5_large,3708748633,1,0.11240507662296295
sd_3_5_large,6315352509,0,0.05623634159564972
sd_3_5_large,6315352509,1,0.06954174488782883
sd_3_5_large,3728015645,0,0.859663724899292
sd_3_5_large,3728015645,1,0.4427569508552551
sd_3_5_large,1378557186,0,0.04146227240562439
sd_3_5_large,1378557186,1,0.07807815819978714
sd_3_5_large,4719086173,0,0.06052938848733902
sd_3_5_large,4719086173,1,0.12463856488466263
sd_3_5_large,4893369019,0,0.04501553252339363
sd_3_5_large,4893369019,1,0.06754669547080994
sd_3_5_large,65845718,0,0.11357959359884262
sd_3_5_large,65845718,1,0.4241883456707001
sd_3_5_large,2537819002,0,0.0427221953868866
sd_3_5_large,2537819002,1,0.09534946084022522
sd_3_5_large,1112334131,0,0.022457055747509003
sd_3_5_large,1112334131,1,0.15152934193611145
sd_3_5_large,697582336,0,0.04177388176321983
sd_3_5_large,697582336,1,0.29787829518318176
sd_3_5_large,2602279427,0,0.03358950465917587
sd_3_5_large,2602279427,1,0.5085440874099731
sd_3_5_large,4365035558,0,0.2613309323787689
sd_3_5_large,4365035558,1,0.894789457321167
sd_3_5_large,524360969,0,0.043042849749326706
sd_3_5_large,524360969,1,0.2062537968158722
sd_3_5_large,4944644486,0,0.14033624529838562
sd_3_5_large,4944644486,1,0.13296423852443695
sd_3_5_large,4320494335,0,0.02779562398791313
sd_3_5_large,4320494335,1,0.8158201575279236
sd_3_5_large,2596474836,0,0.04146227240562439
sd_3_5_large,2596474836,1,0.4588336646556854
sd_3_5_large,8173029395,0,0.048136770725250244
sd_3_5_large,8173029395,1,0.47377896308898926
sd_3_5_large,2691641332,0,0.043042849749326706
sd_3_5_large,2691641332,1,0.3328523337841034
sd_3_5_large,6987411804,0,0.034358687698841095
sd_3_5_large,6987411804,1,0.043042849749326706
sd_3_5_large,2637510448,0,0.043691057711839676
sd_3_5_large,2637510448,1,0.05033063143491745
sd_3_5_large,2871691966,0,0.04922211915254593
sd_3_5_large,2871691966,1,0.41406935453414917
sd_3_5_large,3194034449,0,0.04885777831077576
sd_3_5_large,3194034449,1,0.24436300992965698
sd_3_5_large,512309690,0,0.021287351846694946
sd_3_5_large,512309690,1,0.45120561122894287
sd_3_5_large,1606988704,0,0.09009299427270889
sd_3_5_large,1606988704,1,0.8860265612602234
sd_3_5_large,2278490028,0,0.03934250399470329
sd_3_5_large,2278490028,1,0.44562000036239624
sd_3_5_large,84509831,0,0.03258974477648735
sd_3_5_large,84509831,1,0.8601343035697937
sd_3_5_large,3562816250,0,0.06608537584543228
sd_3_5_large,3562816250,1,0.05108273774385452
sd_3_5_large,2834752476,0,0.13072869181632996
sd_3_5_large,2834752476,1,0.0838903859257698
sd_3_5_large,687513087,0,0.07585817575454712
sd_3_5_large,687513087,1,0.19132769107818604
sd_3_5_large,3724946689,0,0.11357959359884262
sd_3_5_large,3724946689,1,0.19993211328983307
sd_3_5_large,5009687058,0,0.03875619173049927
sd_3_5_large,5009687058,1,0.12294380366802216
sd_3_5_large,7173939318,0,0.028007520362734795
sd_3_5_large,7173939318,1,0.9348725080490112
sd_3_5_large,3307563498,0,0.04707418009638786
sd_3_5_large,3307563498,1,0.13799647986888885
sd_3_5_large,3316725440,0,0.052618954330682755
sd_3_5_large,3316725440,1,0.1250653862953186
sd_3_5_large,2671602981,0,0.06903792917728424
sd_3_5_large,2671602981,1,0.23581159114837646
sd_3_5_large,6728801573,0,0.05223085358738899
sd_3_5_large,6728801573,1,0.11124120652675629
sd_3_5_large,378336163,0,0.3727335035800934
sd_3_5_large,378336163,1,0.5836780667304993
sd_3_5_large,319870744,0,0.04501553252339363
sd_3_5_large,319870744,1,0.12549345195293427
sd_3_5_large,299303069,0,0.042087726294994354
sd_3_5_large,299303069,1,0.24436300992965698
sd_3_5_large,479545053,0,0.04177388176321983
sd_3_5_large,479545053,1,0.2011847198009491
sd_3_5_large,2504056718,0,0.03622005879878998
sd_3_5_large,2504056718,1,0.15152934193611145
sd_3_5_large,141203926,0,0.05184547230601311
sd_3_5_large,141203926,1,0.17272931337356567
sd_3_5_large,415604639,0,0.0378924235701561
sd_3_5_large,415604639,1,0.10970577597618103
sd_3_5_large,421153376,0,0.04958902671933174
sd_3_5_large,421153376,1,0.16132023930549622
sd_3_5_large,745880539,0,0.07107366621494293
sd_3_5_large,745880539,1,0.09138210862874985
sd_3_5_large,3231749680,0,0.02822098508477211
sd_3_5_large,3231749680,1,0.8624675869941711
sd_3_5_large,2666234771,0,0.05623634159564972
sd_3_5_large,2666234771,1,0.1535491794347763
sd_3_5_large,3079917032,0,0.03676946461200714
sd_3_5_large,3079917032,1,0.08632348477840424
sd_3_5_large,3773323977,0,0.034618839621543884
sd_3_5_large,3773323977,1,0.0844927579164505
sd_3_5_large,4971580248,0,0.03963884338736534
sd_3_5_large,4971580248,1,0.04501553252339363
sd_3_5_large,6680789117,0,0.0541987270116806
sd_3_5_large,6680789117,1,0.06371499598026276
sd_3_5_large,208025491,0,0.0446808747947216
sd_3_5_large,208025491,1,0.25349125266075134
sd_3_5_large,4912808658,0,0.03649376705288887
sd_3_5_large,4912808658,1,0.042087726294994354
sd_3_5_large,3504379205,0,0.043365802615880966
sd_3_5_large,3504379205,1,0.07004895806312561
sd_3_5_large,172097783,0,0.04707418009638786
sd_3_5_large,172097783,1,0.05460060387849808
sd_3_5_large,3355683198,0,0.39140594005584717
sd_3_5_large,3355683198,1,0.24328267574310303
sd_3_5_large,2909982588,0,0.04535257816314697
sd_3_5_large,2909982588,1,0.19132769107818604
sd_3_5_large,1406296515,0,0.9339146018028259
sd_3_5_large,1406296515,1,0.5711387991905212
sd_3_5_large,3163281186,0,0.4367421269416809
sd_3_5_large,3163281186,1,0.07751765847206116
sd_3_5_large,444051472,0,0.05749327689409256
sd_3_5_large,444051472,1,0.2454465627670288
sd_3_5_large,4523218758,0,0.026556573808193207
sd_3_5_large,4523218758,1,0.19930800795555115
sd_3_5_large,3368569524,0,0.032344330102205276
sd_3_5_large,3368569524,1,0.13432104885578156
sd_3_5_large,2391509645,0,0.06954174488782883
sd_3_5_large,2391509645,1,0.17328819632530212
sd_3_5_large,3041642723,0,0.03308597952127457
sd_3_5_large,3041642723,1,0.06097518280148506
sd_3_5_large,3469609037,0,0.05070536211133003
sd_3_5_large,3469609037,1,0.06804042309522629
sd_3_5_large,1157215900,0,0.030444350093603134
sd_3_5_large,1157215900,1,0.11838509887456894
sd_3_5_large,536537638,0,0.024798160418868065
sd_3_5_large,536537638,1,0.08035746961832047
sd_3_5_large,69830857,0,0.023330768570303917
sd_3_5_large,69830857,1,0.10338596254587173
sd_3_5_large,4594224630,0,0.04177388176321983
sd_3_5_large,4594224630,1,0.2267836183309555
sd_3_5_large,4560100704,0,0.0443485826253891
sd_3_5_large,4560100704,1,0.23057307302951813
sd_3_5_large,4948403203,0,0.14511536061763763
sd_3_5_large,4948403203,1,0.8820220232009888
sd_3_5_large,2441313372,0,0.03875619173049927
sd_3_5_large,2441313372,1,0.11476478725671768
sd_3_5_large,3325960085,0,0.03875619173049927
sd_3_5_large,3325960085,1,0.6829967498779297
sd_3_5_large,2317271,0,0.048496004194021225
sd_3_5_large,2317271,1,0.0960254967212677
sd_3_5_large,3640348910,0,0.05460060387849808
sd_3_5_large,3640348910,1,0.389430433511734
sd_3_5_large,536495604,0,0.03993731737136841
sd_3_5_large,536495604,1,0.0792103260755539
sd_3_5_large,122301379,0,0.03567855432629585
sd_3_5_large,122301379,1,0.7652426362037659
sd_3_5_large,1011572216,0,0.04401865229010582
sd_3_5_large,1011572216,1,0.09268777817487717
sd_3_5_large,1580159719,0,0.017309095710515976
sd_3_5_large,1580159719,1,0.06512755155563354
sd_3_5_large,4451504790,0,0.029760094359517097
sd_3_5_large,4451504790,1,0.21967211365699768
sd_3_5_large,3809063851,0,0.022457055747509003
sd_3_5_large,3809063851,1,0.26664361357688904
sd_3_5_large,3667781063,0,0.017442483454942703
sd_3_5_large,3667781063,1,0.07696083933115005
sd_3_5_large,4751250311,0,0.05070536211133003
sd_3_5_large,4751250311,1,0.08632348477840424
sd_3_5_large,3311724634,0,0.04603390023112297
sd_3_5_large,3311724634,1,0.13568954169750214
sd_3_5_large,4494075018,0,0.05070536211133003
sd_3_5_large,4494075018,1,0.11008787900209427
sd_3_5_large,3259229498,0,0.053799644112586975
sd_3_5_large,3259229498,1,0.08035746961832047
sd_3_5_large,2993049054,0,0.030908960849046707
sd_3_5_large,2993049054,1,0.16079244017601013
sd_3_5_large,2629784415,0,0.48249006271362305
sd_3_5_large,2629784415,1,0.20817893743515015
sd_3_5_large,2731298834,0,0.049958523362874985
sd_3_5_large,2731298834,1,0.13296423852443695
sd_3_5_large,4118638516,0,0.0443485826253891
sd_3_5_large,4118638516,1,0.0792103260755539
sd_3_5_large,3827176890,0,0.06705628335475922
sd_3_5_large,3827176890,1,0.230919748544693
sd_3_5_large,4180952377,0,0.032344330102205276
sd_3_5_large,4180952377,1,0.19436782598495483
sd_3_5_large,5614715384,0,0.053009770810604095
sd_3_5_large,5614715384,1,0.498046875
sd_3_5_large,2147866213,0,0.05070536211133003
sd_3_5_large,2147866213,1,0.2075357437133789
sd_3_5_large,4825488431,0,0.05582313984632492
sd_3_5_large,4825488431,1,0.29380956292152405
sd_3_5_large,4857776520,0,0.029535336419939995
sd_3_5_large,4857776520,1,0.5954925417900085
sd_3_5_large,4920617810,0,0.0427221953868866
sd_3_5_large,4920617810,1,0.11008787900209427
sd_3_5_large,7129695767,0,0.06418264657258987
sd_3_5_large,7129695767,1,0.10017222166061401
sd_3_5_large,3399944164,0,0.3199707269668579
sd_3_5_large,3399944164,1,0.4339514970779419
sd_3_5_large,3726551176,0,0.04603390023112297
sd_3_5_large,3726551176,1,0.15102781355381012
sd_3_5_large,1196886054,0,0.04177388176321983
sd_3_5_large,1196886054,1,0.15203224122524261
sd_3_5_large,2579460386,0,0.042087726294994354
sd_3_5_large,2579460386,1,0.8643104434013367
sd_3_5_large,4899635195,0,0.048136770725250244
sd_3_5_large,4899635195,1,0.06705628335475922
sd_3_5_large,7430272380,0,0.0960254967212677
sd_3_5_large,7430272380,1,0.9012274742126465
sd_3_5_large,2265106886,0,0.04922211915254593
sd_3_5_large,2265106886,1,0.0792103260755539
sd_3_5_large,5513727638,0,0.0541987270116806
sd_3_5_large,5513727638,1,0.18653921782970428
sd_3_5_large,2682194299,0,0.04084571823477745
sd_3_5_large,2682194299,1,0.1063188761472702
sd_3_5_large,2837804631,0,0.03649376705288887
sd_3_5_large,2837804631,1,0.07477004081010818
sd_3_5_large,4480270643,0,0.043691057711839676
sd_3_5_large,4480270643,1,0.11318691074848175
sd_3_5_large,6156276992,0,0.04501553252339363
sd_3_5_large,6156276992,1,0.188323974609375
sd_3_5_large,4555935886,0,0.05223085358738899
sd_3_5_large,4555935886,1,0.1525365114212036
sd_3_5_large,3609952704,0,0.02822098508477211
sd_3_5_large,3609952704,1,0.8828325867652893
sd_3_5_large,263494261,0,0.037326883524656296
sd_3_5_large,263494261,1,0.05582313984632492
sd_3_5_large,3451290730,0,0.03934250399470329
sd_3_5_large,3451290730,1,0.14608724415302277
sd_3_5_large,549520317,0,0.08509904146194458
sd_3_5_large,549520317,1,0.39595136046409607
sd_3_5_large,4514987995,0,0.04535257816314697
sd_3_5_large,4514987995,1,0.7610060572624207
sd_3_5_large,7252718418,0,0.05108273774385452
sd_3_5_large,7252718418,1,0.3073580265045166
sd_3_5_large,288025239,0,0.0534033328294754
sd_3_5_large,288025239,1,0.18359363079071045
sd_3_5_large,76466808,0,0.0838903859257698
sd_3_5_large,76466808,1,0.40098387002944946
sd_3_5_large,2900905937,0,0.026556573808193207
sd_3_5_large,2900905937,1,0.2024431824684143
sd_3_5_large,2313551145,0,0.048136770725250244
sd_3_5_large,2313551145,1,0.22135069966316223
sd_3_5_large,524036004,0,0.10781264305114746
sd_3_5_large,524036004,1,0.9207897186279297
sd_3_5_large,3772446893,0,0.04146227240562439
sd_3_5_large,3772446893,1,0.27747297286987305
sd_3_5_large,3094629328,0,0.034618839621543884
sd_3_5_large,3094629328,1,0.07423136383295059
sd_3_5_large,3139160252,0,0.053009770810604095
sd_3_5_large,3139160252,1,0.09203286468982697
sd_3_5_large,118854260,0,0.07004895806312561
sd_3_5_large,118854260,1,0.8727816939353943
sd_3_5_large,2448393373,0,0.042087726294994354
sd_3_5_large,2448393373,1,0.32723814249038696
sd_3_5_large,4222067827,0,0.0534033328294754
sd_3_5_large,4222067827,1,0.07159119844436646
sd_3_5_large,449352117,0,0.04240383207798004
sd_3_5_large,449352117,1,0.8175744414329529
sd_3_5_large,2735558076,0,0.028652669861912727
sd_3_5_large,2735558076,1,0.07159119844436646
sd_3_5_large,4858175898,0,0.03993731737136841
sd_3_5_large,4858175898,1,0.5174489617347717
sd_3_5_large,4442319130,0,0.0378924235701561
sd_3_5_large,4442319130,1,0.046378206461668015
sd_3_5_large,2954929479,0,0.04401865229010582
sd_3_5_large,2954929479,1,0.10052487254142761
sd_3_5_large,16158623,0,0.0384661927819252
sd_3_5_large,16158623,1,0.1233656108379364
sd_3_5_large,5501340599,0,0.04707418009638786
sd_3_5_large,5501340599,1,0.8887587189674377
sd_3_5_large,1015118661,0,0.028007520362734795
sd_3_5_large,1015118661,1,0.13296423852443695
sdxl_turbo,1016887272,0,0.05033063143491745
sdxl_turbo,1016887272,1,0.14608724415302277
sdxl_turbo,7162685234,0,0.7745833992958069
sdxl_turbo,7162685234,1,0.0534033328294754
sdxl_turbo,3000017878,0,0.05834583565592766
sdxl_turbo,3000017878,1,0.11240507662296295
sdxl_turbo,4971484184,0,0.05921025201678276
sdxl_turbo,4971484184,1,0.25832599401474
sdxl_turbo,92679312,0,0.07864238321781158
sdxl_turbo,92679312,1,0.12984342873096466
sdxl_turbo,2853682342,0,0.0534033328294754
sdxl_turbo,2853682342,1,0.31447145342826843
sdxl_turbo,5131842202,0,0.049958523362874985
sdxl_turbo,5131842202,1,0.24077460169792175
sdxl_turbo,4859170265,0,0.05146276578307152
sdxl_turbo,4859170265,1,0.13660839200019836
sdxl_turbo,2612125121,0,0.02822098508477211
sdxl_turbo,2612125121,1,0.06560482829809189
sdxl_turbo,3134644844,0,0.03384403511881828
sdxl_turbo,3134644844,1,0.05665242671966553
sdxl_turbo,316298162,0,0.027585284784436226
sdxl_turbo,316298162,1,0.07751765847206116
sdxl_turbo,3601843201,0,0.0534033328294754
sdxl_turbo,3601843201,1,0.052618954330682755
sdxl_turbo,5086989679,0,0.12252321094274521
sdxl_turbo,5086989679,1,0.05033063143491745
sdxl_turbo,1246863003,0,0.02843603491783142
sdxl_turbo,1246863003,1,0.0844927579164505
sdxl_turbo,2193001254,0,0.200557678937912
sdxl_turbo,2193001254,1,0.1766716092824936
sdxl_turbo,4283472819,0,0.04401865229010582
sdxl_turbo,4283472819,1,0.04672496020793915
sdxl_turbo,1117972841,0,0.14706452190876007
sdxl_turbo,1117972841,1,0.8392075896263123
sdxl_turbo,48614561,0,0.05108273774385452
sdxl_turbo,48614561,1,0.1766716092824936
sdxl_turbo,6232601127,0,0.025371313095092773
sdxl_turbo,6232601127,1,0.2267836183309555
sdxl_turbo,4439654945,0,0.03963884338736534
sdxl_turbo,4439654945,1,0.13799647986888885
sdxl_turbo,269898428,0,0.023330768570303917
sdxl_turbo,269898428,1,0.13477592170238495
sdxl_turbo,2113592981,0,0.04146227240562439
sdxl_turbo,2113592981,1,0.7793218493461609
sdxl_turbo,1542970158,0,0.020645931363105774
sdxl_turbo,1542970158,1,0.907312273979187
sdxl_turbo,4743795506,0,0.03488088771700859
sdxl_turbo,4743795506,1,0.26170814037323
sdxl_turbo,1313961775,0,0.052618954330682755
sdxl_turbo,1313961775,1,0.1250653862953186
sdxl_turbo,4005756399,0,0.027376487851142883
sdxl_turbo,4005756399,1,0.10123348236083984
sdxl_turbo,4844409798,0,0.048496004194021225
sdxl_turbo,4844409798,1,0.07107366621494293
sdxl_turbo,4970590451,0,0.048136770725250244
sdxl_turbo,4970590451,1,0.34268149733543396
sdxl_turbo,2536995789,0,0.01640303246676922
sdxl_turbo,2536995789,1,0.2247353047132492
sdxl_turbo,2230134548,0,0.03488088771700859
sdxl_turbo,2230134548,1,0.8976953029632568
sdxl_turbo,1295719054,0,0.04672496020793915
sdxl_turbo,1295719054,1,0.21601153910160065
sdxl_turbo,407815946,0,0.07159119844436646
sdxl_turbo,407815946,1,0.8984104990959167
sdxl_turbo,4726677489,0,0.046378206461668015
sdxl_turbo,4726677489,1,0.23581159114837646
sdxl_turbo,2431723485,0,0.05541279539465904
sdxl_turbo,2431723485,1,0.1325145661830902
sdxl_turbo,4686568156,0,0.030908960849046707
sdxl_turbo,4686568156,1,0.07477004081010818
sdxl_turbo,688926797,0,0.03308597952127457
sdxl_turbo,688926797,1,0.1772405207157135
sdxl_turbo,3245460937,0,0.053009770810604095
sdxl_turbo,3245460937,1,0.05223085358738899
sdxl_turbo,4759710534,0,0.06325051933526993
sdxl_turbo,4759710534,1,0.9235923886299133
sdxl_turbo,6338704,0,0.013955710455775261
sdxl_turbo,6338704,1,0.1030244305729866
sdxl_turbo,2723024306,0,0.038178276270627975
sdxl_turbo,2723024306,1,0.19253936409950256
sdxl_turbo,23473996,0,0.027169233188033104
sdxl_turbo,23473996,1,0.2999247610569
sdxl_turbo,2831215155,0,0.07159119844436646
sdxl_turbo,2831215155,1,0.8688268065452576
sdxl_turbo,4682929932,0,0.057918086647987366
sdxl_turbo,4682929932,1,0.31806138157844543
sdxl_turbo,2736263351,0,0.024053553119301796
sdxl_turbo,2736263351,1,0.09807932376861572
sdxl_turbo,4376363559,0,0.05665242671966553
sdxl_turbo,4376363559,1,0.05877656117081642
sdxl_turbo,4937441878,0,0.018124720081686974
sdxl_turbo,4937441878,1,0.03993731737136841
sdxl_turbo,6386880789,0,0.04707418009638786
sdxl_turbo,6386880789,1,0.2751297354698181
sdxl_turbo,3698607223,0,0.05665242671966553
sdxl_turbo,3698607223,1,0.08694165199995041
sdxl_turbo,3134341610,0,0.06097518280148506
sdxl_turbo,3134341610,1,0.23161423206329346
sdxl_turbo,11551286,0,0.048136770725250244
sdxl_turbo,11551286,1,0.15974101424217224
sdxl_turbo,214166720,0,0.03704717382788658
sdxl_turbo,214166720,1,0.21076630055904388
sdxl_turbo,3179223972,0,0.0427221953868866
sdxl_turbo,3179223972,1,0.4848679304122925
sdxl_turbo,4540165999,0,0.04569203406572342
sdxl_turbo,4540165999,1,0.2950267791748047
sdxl_turbo,3217187564,0,0.04885777831077576
sdxl_turbo,3217187564,1,0.06325051933526993
sdxl_turbo,1097710887,0,0.05033063143491745
sdxl_turbo,1097710887,1,0.24364244937896729
sdxl_turbo,5138003138,0,0.0534033328294754
sdxl_turbo,5138003138,1,0.04707418009638786
sdxl_turbo,2743465453,0,0.03704717382788658
sdxl_turbo,2743465453,1,0.12940272688865662
sdxl_turbo,4650780114,0,0.03676946461200714
sdxl_turbo,4650780114,1,0.0534033328294754
sdxl_turbo,3518443604,0,0.03283695504069328
sdxl_turbo,3518443604,1,0.4312548041343689
sdxl_turbo,55438559,0,0.02931223064661026
sdxl_turbo,55438559,1,0.1710611879825592
sdxl_turbo,3381788544,0,0.034100428223609924
sdxl_turbo,3381788544,1,0.4717099368572235
sdxl_turbo,3584603849,0,0.04958902671933174
sdxl_turbo,3584603849,1,0.08882028609514236
sdxl_turbo,2790909995,0,0.13117322325706482
sdxl_turbo,2790909995,1,0.8910549879074097
sdxl_turbo,777288299,0,0.053799644112586975
sdxl_turbo,777288299,1,0.3356774151325226
sdxl_turbo,16396205,0,0.028007520362734795
sdxl_turbo,16396205,1,0.8494724035263062
sdxl_turbo,3774986130,0,0.04922211915254593
sdxl_turbo,3774986130,1,0.498779296875
sdxl_turbo,4979293130,0,0.04115288704633713
sdxl_turbo,4979293130,1,0.14223188161849976
sdxl_turbo,553918837,0,0.04146227240562439
sdxl_turbo,553918837,1,0.8381505608558655
sdxl_turbo,4507048434,0,0.05184547230601311
sdxl_turbo,4507048434,1,0.3073580265045166
sdxl_turbo,2970183443,0,0.0427221953868866
sdxl_turbo,2970183443,1,0.11596070975065231
sdxl_turbo,2645724661,0,0.05070536211133003
sdxl_turbo,2645724661,1,0.7962924242019653
sdxl_turbo,4274214534,0,0.04084571823477745
sdxl_turbo,4274214534,1,0.5526604056358337
sdxl_turbo,322563288,0,0.04535257816314697
sdxl_turbo,322563288,1,0.22988080978393555
sdxl_turbo,144571886,0,0.05070536211133003
sdxl_turbo,144571886,1,0.3768523931503296
sdxl_turbo,405615014,0,0.030675798654556274
sdxl_turbo,405615014,1,0.06656918674707413
sdxl_turbo,4848645410,0,0.048136770725250244
sdxl_turbo,4848645410,1,0.2351084053516388
sdxl_turbo,4563177695,0,0.05582313984632492
sdxl_turbo,4563177695,1,0.05665242671966553
sdxl_turbo,86120682,0,0.0446808747947216
sdxl_turbo,86120682,1,0.26664361357688904
sdxl_turbo,4623878206,0,0.02161533385515213
sdxl_turbo,4623878206,1,0.15974101424217224
sdxl_turbo,392467282,0,0.053009770810604095
sdxl_turbo,392467282,1,0.894789457321167
sdxl_turbo,3310851569,0,0.03308597952127457
sdxl_turbo,3310851569,1,0.08756384998559952
sdxl_turbo,3415178926,0,0.06512755155563354
sdxl_turbo,3415178926,1,0.6606104373931885
sdxl_turbo,5123000955,0,0.28378137946128845
sdxl_turbo,5123000955,1,0.07055959850549698
sdxl_turbo,2517489722,0,0.04885777831077576
sdxl_turbo,2517489722,1,0.39140594005584717
sdxl_turbo,410422753,0,0.04742587357759476
sdxl_turbo,410422753,1,0.8856314420700073
sdxl_turbo,4716376540,0,0.03514484688639641
sdxl_turbo,4716376540,1,0.7988152503967285
sdxl_turbo,2229108152,0,0.038178276270627975
sdxl_turbo,2229108152,1,0.7345005869865417
sdxl_turbo,4558580445,0,0.04401865229010582
sdxl_turbo,4558580445,1,0.11636176705360413
sdxl_turbo,4964794183,0,0.04535257816314697
sdxl_turbo,4964794183,1,0.2024431824684143
sdxl_turbo,2705101739,0,0.0443485826253891
sdxl_turbo,2705101739,1,0.07263670116662979
sdxl_turbo,4692725862,0,0.08570927381515503
sdxl_turbo,4692725862,1,0.3250918984413147
sdxl_turbo,4752721674,0,0.04569203406572342
sdxl_turbo,4752721674,1,0.05623634159564972
sdxl_turbo,3516087269,0,0.049958523362874985
sdxl_turbo,3516087269,1,0.09467770159244537
sdxl_turbo,4465093007,0,0.028007520362734795
sdxl_turbo,4465093007,1,0.502685546875
sdxl_turbo,3019667009,0,0.02615562081336975
sdxl_turbo,3019667009,1,0.08093671500682831
sdxl_turbo,4565084634,0,0.03138043358922005
sdxl_turbo,4565084634,1,0.23370634019374847
sdxl_turbo,4550700462,0,0.04501553252339363
sdxl_turbo,4550700462,1,0.05964694544672966
sdxl_turbo,3365783912,0,0.034618839621543884
sdxl_turbo,3365783912,1,0.6959583163261414
sdxl_turbo,3501457496,0,0.04023794084787369
sdxl_turbo,3501457496,1,0.2786492109298706
sdxl_turbo,241109594,0,0.05033063143491745
sdxl_turbo,241109594,1,0.06656918674707413
sdxl_turbo,2123838998,0,0.05033063143491745
sdxl_turbo,2123838998,1,0.06512755155563354
sdxl_turbo,218225539,0,0.04054073989391327
sdxl_turbo,218225539,1,0.9207897186279297
sdxl_turbo,2608623292,0,0.2240554690361023
sdxl_turbo,2608623292,1,0.914290726184845
sdxl_turbo,5662260935,0,0.05707140266895294
sdxl_turbo,5662260935,1,0.08694165199995041
sdxl_turbo,3396251819,0,0.05921025201678276
sdxl_turbo,3396251819,1,0.9086179733276367
sdxl_turbo,7472814756,0,0.06656918674707413
sdxl_turbo,7472814756,1,0.9273632764816284
sdxl_turbo,227689211,0,0.03622005879878998
sdxl_turbo,227689211,1,0.2950267791748047
sdxl_turbo,2394003437,0,0.02909075655043125
sdxl_turbo,2394003437,1,0.167763352394104
sdxl_turbo,4074473431,0,0.043365802615880966
sdxl_turbo,4074473431,1,0.07807815819978714
sdxl_turbo,370445133,0,0.0446808747947216
sdxl_turbo,370445133,1,0.8397339582443237
sdxl_turbo,5526795355,0,0.14463144540786743
sdxl_turbo,5526795355,1,0.4170340299606323
sdxl_turbo,2768972186,0,0.04958902671933174
sdxl_turbo,2768972186,1,0.8879840970039368
sdxl_turbo,16630920,0,0.05707140266895294
sdxl_turbo,16630920,1,0.826151430606842
sdxl_turbo,3560081723,0,0.11476478725671768
sdxl_turbo,3560081723,1,0.4539879560470581
sdxl_turbo,2881378816,0,0.019870713353157043
sdxl_turbo,2881378816,1,0.10594827681779861
sdxl_turbo,4695471709,0,0.04603390023112297
sdxl_turbo,4695471709,1,0.05749327689409256
sdxl_turbo,551315867,0,0.06097518280148506
sdxl_turbo,551315867,1,0.8887587189674377
sdxl_turbo,2657844508,0,0.05146276578307152
sdxl_turbo,2657844508,1,0.1561049073934555
sdxl_turbo,39024981,0,0.01428193412721157
sdxl_turbo,39024981,1,0.1250653862953186
sdxl_turbo,3114944484,0,0.024423090741038322
sdxl_turbo,3114944484,1,0.15052762627601624
sdxl_turbo,4770473055,0,0.048496004194021225
sdxl_turbo,4770473055,1,0.08269733935594559
sdxl_turbo,4764087782,0,0.043042849749326706
sdxl_turbo,4764087782,1,0.08269733935594559
sdxl_turbo,6693881913,0,0.032344330102205276
sdxl_turbo,6693881913,1,0.048136770725250244
sdxl_turbo,7235990180,0,0.0541987270116806
sdxl_turbo,7235990180,1,0.07423136383295059
sdxl_turbo,6084817815,0,0.048136770725250244
sdxl_turbo,6084817815,1,0.31573596596717834
sdxl_turbo,2229177914,0,0.053799644112586975
sdxl_turbo,2229177914,1,0.8933094143867493
sdxl_turbo,2113996953,0,0.024798160418868065
sdxl_turbo,2113996953,1,0.188323974609375
sdxl_turbo,4878415659,0,0.06008664518594742
sdxl_turbo,4878415659,1,0.3727335035800934
sdxl_turbo,2313598755,0,0.020023440942168236
sdxl_turbo,2313598755,1,0.14033624529838562
sdxl_turbo,3169276423,0,0.049958523362874985
sdxl_turbo,3169276423,1,0.07864238321781158
sdxl_turbo,3805877081,0,0.06097518280148506
sdxl_turbo,3805877081,1,0.09877259284257889
sdxl_turbo,7784556300,0,0.08151975274085999
sdxl_turbo,7784556300,1,0.23651622235774994
sdxl_turbo,1303727066,0,0.05623634159564972
sdxl_turbo,1303727066,1,0.5338835716247559
sdxl_turbo,3247052319,0,0.07585817575454712
sdxl_turbo,3247052319,1,0.8479677438735962
sdxl_turbo,2949337912,0,0.0427221953868866
sdxl_turbo,2949337912,1,0.22371606528759003
sdxl_turbo,2324581814,0,0.02460992895066738
sdxl_turbo,2324581814,1,0.9381240010261536
sdxl_turbo,7046014201,0,0.03649376705288887
sdxl_turbo,7046014201,1,0.06903792917728424
sdxl_turbo,4494095559,0,0.053799644112586975
sdxl_turbo,4494095559,1,0.09807932376861572
sdxl_turbo,3199895624,0,0.029986508190631866
sdxl_turbo,3199895624,1,0.23370634019374847
sdxl_turbo,3126753745,0,0.031143832951784134
sdxl_turbo,3126753745,1,0.5140343904495239
sdxl_turbo,269440642,0,0.0446808747947216
sdxl_turbo,269440642,1,0.1127953976392746
sdxl_turbo,3676788491,0,0.03649376705288887
sdxl_turbo,3676788491,1,0.06233103945851326
sdxl_turbo,5009047021,0,0.0541987270116806
sdxl_turbo,5009047021,1,0.9155072569847107
sdxl_turbo,3072074170,0,0.03993731737136841
sdxl_turbo,3072074170,1,0.06097518280148506
sdxl_turbo,2852982055,0,0.04501553252339363
sdxl_turbo,2852982055,1,0.0943434089422226
sdxl_turbo,460326010,0,0.0541987270116806
sdxl_turbo,460326010,1,0.9196425676345825
sdxl_turbo,3090398639,0,0.09203286468982697
sdxl_turbo,3090398639,1,0.09334687888622284
sdxl_turbo,3707283973,0,0.05108273774385452
sdxl_turbo,3707283973,1,0.4049779772758484
sdxl_turbo,4090827772,0,0.0443485826253891
sdxl_turbo,4090827772,1,0.15662017464637756
sdxl_turbo,5194023863,0,0.04885777831077576
sdxl_turbo,5194023863,1,0.10856641829013824
sdxl_turbo,116409198,0,0.04569203406572342
sdxl_turbo,116409198,1,0.11201596260070801
sdxl_turbo,81125088,0,0.05541279539465904
sdxl_turbo,81125088,1,0.09842541813850403
sdxl_turbo,3634400263,0,0.04569203406572342
sdxl_turbo,3634400263,1,0.22034244239330292
sdxl_turbo,4893545292,0,0.053009770810604095
sdxl_turbo,4893545292,1,0.31573596596717834
sdxl_turbo,5171155099,0,0.049958523362874985
sdxl_turbo,5171155099,1,0.7446563243865967
sdxl_turbo,2725441885,0,0.04501553252339363
sdxl_turbo,2725441885,1,0.0627892017364502
sdxl_turbo,5062422406,0,0.034618839621543884
sdxl_turbo,5062422406,1,0.9348725080490112
sdxl_turbo,4978901111,0,0.05665242671966553
sdxl_turbo,4978901111,1,0.1200256273150444
sdxl_turbo,2327240505,0,0.034618839621543884
sdxl_turbo,2327240505,1,0.06560482829809189
sdxl_turbo,280840823,0,0.02145073190331459
sdxl_turbo,280840823,1,0.23057307302951813
sdxl_turbo,491987177,0,0.05184547230601311
sdxl_turbo,491987177,1,0.3015677034854889
sdxl_turbo,2889113059,0,0.038178276270627975
sdxl_turbo,2889113059,1,0.09367799758911133
sdxl_turbo,519228867,0,0.1127953976392746
sdxl_turbo,519228867,1,0.09636510163545609
sdxl_turbo,4455065396,0,0.028870906680822372
sdxl_turbo,4455065396,1,0.3993430733680725
sdxl_turbo,2437392162,0,0.2267836183309555
sdxl_turbo,2437392162,1,0.048136770725250244
sdxl_turbo,7990849887,0,0.03384403511881828
sdxl_turbo,7990849887,1,0.1037486270070076
sdxl_turbo,4918525947,0,0.04958902671933174
sdxl_turbo,4918525947,1,0.07423136383295059
sdxl_turbo,2384401298,0,0.043042849749326706
sdxl_turbo,2384401298,1,0.8832359910011292
sdxl_turbo,451547131,0,0.030675798654556274
sdxl_turbo,451547131,1,0.05108273774385452
sdxl_turbo,2174648405,0,0.15152934193611145
sdxl_turbo,2174648405,1,0.1672186702489853
sdxl_turbo,6828750292,0,0.025565212592482567
sdxl_turbo,6828750292,1,0.06142403930425644
sdxl_turbo,101262930,0,0.04778006672859192
sdxl_turbo,101262930,1,0.05623634159564972
sdxl_turbo,3183330562,0,0.04115288704633713
sdxl_turbo,3183330562,1,0.0753123089671135
sdxl_turbo,4459033855,0,0.05460060387849808
sdxl_turbo,4459033855,1,0.1919327974319458
sdxl_turbo,3297272270,0,0.04922211915254593
sdxl_turbo,3297272270,1,0.2247353047132492
sdxl_turbo,146019208,0,0.04146227240562439
sdxl_turbo,146019208,1,0.949669361114502
sdxl_turbo,4511879942,0,0.05460060387849808
sdxl_turbo,4511879942,1,0.10266400873661041
sdxl_turbo,3422458549,0,0.15052762627601624
sdxl_turbo,3422458549,1,0.11596070975065231
sdxl_turbo,2543589122,0,0.08093671500682831
sdxl_turbo,2543589122,1,0.07055959850549698
sdxl_turbo,44619131,0,0.04054073989391327
sdxl_turbo,44619131,1,0.18772760033607483
sdxl_turbo,20702864,0,0.052618954330682755
sdxl_turbo,20702864,1,0.802555501461029
sdxl_turbo,2971478694,0,0.11716748028993607
sdxl_turbo,2971478694,1,0.1629120409488678
sdxl_turbo,5220880759,0,0.048136770725250244
sdxl_turbo,5220880759,1,0.38214144110679626
sdxl_turbo,2549946671,0,0.03567855432629585
sdxl_turbo,2549946671,1,0.09467770159244537
sdxl_turbo,5896386113,0,0.055005282163619995
sdxl_turbo,5896386113,1,0.7162185907363892
sdxl_turbo,4917931600,0,0.03760863468050957
sdxl_turbo,4917931600,1,0.4869414269924164
sdxl_turbo,160566014,0,0.043042849749326706
sdxl_turbo,160566014,1,0.08269733935594559
sdxl_turbo,2997939824,0,0.04535257816314697
sdxl_turbo,2997939824,1,0.2590751051902771
sdxl_turbo,2646540383,0,0.06560482829809189
sdxl_turbo,2646540383,1,0.17838266491889954
sdxl_turbo,3553056438,0,0.03704717382788658
sdxl_turbo,3553056438,1,0.8933094143867493
sdxl_turbo,7081584189,0,0.0832919329404831
sdxl_turbo,7081584189,1,0.8670357465744019
sdxl_turbo,707941195,0,0.13706977665424347
sdxl_turbo,707941195,1,0.053009770810604095
sdxl_turbo,3120921482,0,0.04742587357759476
sdxl_turbo,3120921482,1,0.0832919329404831
sdxl_turbo,4715269800,0,0.043691057711839676
sdxl_turbo,4715269800,1,0.09009299427270889
sdxl_turbo,484280924,0,0.04115288704633713
sdxl_turbo,484280924,1,0.06097518280148506
sdxl_turbo,1554713437,0,0.04707418009638786
sdxl_turbo,1554713437,1,0.32039588689804077
sdxl_turbo,4689487867,0,0.03963884338736534
sdxl_turbo,4689487867,1,0.5282900333404541
sdxl_turbo,313385842,0,0.05070536211133003
sdxl_turbo,313385842,1,0.06325051933526993
sdxl_turbo,74635420,0,0.0427221953868866
sdxl_turbo,74635420,1,0.08694165199995041
sdxl_turbo,2638177115,0,0.04778006672859192
sdxl_turbo,2638177115,1,0.22953520715236664
sdxl_turbo,3218861747,0,0.04023794084787369
sdxl_turbo,3218861747,1,0.15869519114494324
sdxl_turbo,2842439618,0,0.0446808747947216
sdxl_turbo,2842439618,1,0.05184547230601311
sdxl_turbo,4830307454,0,0.05707140266895294
sdxl_turbo,4830307454,1,0.08093671500682831
sdxl_turbo,837919879,0,0.039048291742801666
sdxl_turbo,837919879,1,0.13986563682556152
sdxl_turbo,503357436,0,0.048136770725250244
sdxl_turbo,503357436,1,0.23970511555671692
sdxl_turbo,4549641134,0,0.05223085358738899
sdxl_turbo,4549641134,1,0.053009770810604095
sdxl_turbo,4145119743,0,0.02460992895066738
sdxl_turbo,4145119743,1,0.08945459872484207
sdxl_turbo,455714074,0,0.02178117260336876
sdxl_turbo,455714074,1,0.1841798573732376
sdxl_turbo,6848277313,0,0.0541987270116806
sdxl_turbo,6848277313,1,0.08035746961832047
sdxl_turbo,1329832826,0,0.04501553252339363
sdxl_turbo,1329832826,1,0.06804042309522629
sdxl_turbo,3667788497,0,0.07640768587589264
sdxl_turbo,3667788497,1,0.3199707269668579
sdxl_turbo,4851524954,0,0.048136770725250244
sdxl_turbo,4851524954,1,0.034100428223609924
sdxl_turbo,6066650935,0,0.12678517401218414
sdxl_turbo,6066650935,1,0.07316471636295319
sdxl_turbo,289639811,0,0.019419347867369652
sdxl_turbo,289639811,1,0.914290726184845
sdxl_turbo,4791485167,0,0.05146276578307152
sdxl_turbo,4791485167,1,0.9252299070358276
sdxl_turbo,3738685861,0,0.03514484688639641
sdxl_turbo,3738685861,1,0.09568694233894348
sdxl_turbo,1558753996,0,0.04401865229010582
sdxl_turbo,1558753996,1,0.10818894952535629
sdxl_turbo,4433634883,0,0.04054073989391327
sdxl_turbo,4433634883,1,0.9246877431869507
sdxl_turbo,516360813,0,0.053799644112586975
sdxl_turbo,516360813,1,0.043365802615880966
sdxl_turbo,4486484038,0,0.06097518280148506
sdxl_turbo,4486484038,1,0.3172147274017334
sdxl_turbo,3508522093,0,0.03760863468050957
sdxl_turbo,3508522093,1,0.15102781355381012
sdxl_turbo,151215569,0,0.02080448903143406
sdxl_turbo,151215569,1,0.6006569266319275
sdxl_turbo,2618322793,0,0.08269733935594559
sdxl_turbo,2618322793,1,0.22202469408512115
sdxl_turbo,4817804359,0,0.025371313095092773
sdxl_turbo,4817804359,1,0.40969306230545044
sdxl_turbo,2747436384,0,0.0446808747947216
sdxl_turbo,2747436384,1,0.03622005879878998
sdxl_turbo,4812155149,0,0.048136770725250244
sdxl_turbo,4812155149,1,0.046378206461668015
sdxl_turbo,28041138,0,0.048496004194021225
sdxl_turbo,28041138,1,0.18653921782970428
sdxl_turbo,3307667255,0,0.6601723432540894
sdxl_turbo,3307667255,1,0.9219217896461487
sdxl_turbo,2536957963,0,0.034100428223609924
sdxl_turbo,2536957963,1,0.08269733935594559
sdxl_turbo,430964917,0,0.029986508190631866
sdxl_turbo,430964917,1,0.05033063143491745
sdxl_turbo,2279432034,0,0.043042849749326706
sdxl_turbo,2279432034,1,0.07263670116662979
sdxl_turbo,4614358086,0,0.03760863468050957
sdxl_turbo,4614358086,1,0.1200256273150444
sdxl_turbo,3515451715,0,0.05108273774385452
sdxl_turbo,3515451715,1,0.19314737617969513
sdxl_turbo,4975536758,0,0.053799644112586975
sdxl_turbo,4975536758,1,0.9136765599250793
sdxl_turbo,3085590738,0,0.049958523362874985
sdxl_turbo,3085590738,1,0.2677909731864929
sdxl_turbo,7772052674,0,0.05146276578307152
sdxl_turbo,7772052674,1,0.1259227693080902
sdxl_turbo,6847401646,0,0.0541987270116806
sdxl_turbo,6847401646,1,0.5502448678016663
sdxl_turbo,3640870001,0,0.048496004194021225
sdxl_turbo,3640870001,1,0.5387405753135681
sdxl_turbo,2908493594,0,0.030908960849046707
sdxl_turbo,2908493594,1,0.1139734610915184
sdxl_turbo,45334151,0,0.043042849749326706
sdxl_turbo,45334151,1,0.05707140266895294
sdxl_turbo,135444196,0,0.0792103260755539
sdxl_turbo,135444196,1,0.7918210625648499
sdxl_turbo,3700322513,0,0.04778006672859192
sdxl_turbo,3700322513,1,0.19620943069458008
sdxl_turbo,7746984692,0,0.048136770725250244
sdxl_turbo,7746984692,1,0.8925625681877136
sdxl_turbo,3727740053,0,0.04401865229010582
sdxl_turbo,3727740053,1,0.5359485745429993
sdxl_turbo,6160193920,0,0.1212688684463501
sdxl_turbo,6160193920,1,0.46429428458213806
sdxl_turbo,1196746186,0,0.0844927579164505
sdxl_turbo,1196746186,1,0.07159119844436646
sdxl_turbo,2654943319,0,0.038178276270627975
sdxl_turbo,2654943319,1,0.06325051933526993
sdxl_turbo,3815318559,0,0.06853749603033066
sdxl_turbo,3815318559,1,0.05749327689409256
sdxl_turbo,4935046155,0,0.042087726294994354
sdxl_turbo,4935046155,1,0.29624688625335693
sdxl_turbo,2527411111,0,0.014392335899174213
sdxl_turbo,2527411111,1,0.11797802150249481
sdxl_turbo,428979011,0,0.030675798654556274
sdxl_turbo,428979011,1,0.9167081117630005
sdxl_turbo,2255266906,0,0.04240383207798004
sdxl_turbo,2255266906,1,0.942081868648529
sdxl_turbo,3559693175,0,0.049958523362874985
sdxl_turbo,3559693175,1,0.06052938848733902
sdxl_turbo,3320411267,0,0.053009770810604095
sdxl_turbo,3320411267,1,0.21535073220729828
sdxl_turbo,3475111806,0,0.03384403511881828
sdxl_turbo,3475111806,1,0.07696083933115005
sdxl_turbo,6952893010,0,0.07055959850549698
sdxl_turbo,6952893010,1,0.08632348477840424
sdxl_turbo,3595412126,0,0.043042849749326706
sdxl_turbo,3595412126,1,0.502197265625
sdxl_turbo,3599780784,0,0.05108273774385452
sdxl_turbo,3599780784,1,0.06418264657258987
sdxl_turbo,3024022266,0,0.07211220264434814
sdxl_turbo,3024022266,1,0.05834583565592766
sdxl_turbo,1444710198,0,0.049958523362874985
sdxl_turbo,1444710198,1,0.8539127111434937
sdxl_turbo,4936302238,0,0.08269733935594559
sdxl_turbo,4936302238,1,0.6147409677505493
sdxl_turbo,4287633714,0,0.04054073989391327
sdxl_turbo,4287633714,1,0.05460060387849808
sdxl_turbo,7616312438,0,0.03210070729255676
sdxl_turbo,7616312438,1,0.057918086647987366
sdxl_turbo,4480923732,0,0.08819004893302917
sdxl_turbo,4480923732,1,0.04885777831077576
sdxl_turbo,4890932738,0,0.05877656117081642
sdxl_turbo,4890932738,1,0.06187598407268524
sdxl_turbo,3996889070,0,0.06512755155563354
sdxl_turbo,3996889070,1,0.6379335522651672
sdxl_turbo,253924161,0,0.028652669861912727
sdxl_turbo,253924161,1,0.6535692811012268
sdxl_turbo,4838106858,0,0.0832919329404831
sdxl_turbo,4838106858,1,0.35287052392959595
sdxl_turbo,3329207492,0,0.049958523362874985
sdxl_turbo,3329207492,1,0.4675748944282532
sdxl_turbo,2058124718,0,0.04569203406572342
sdxl_turbo,2058124718,1,0.4675748944282532
sdxl_turbo,2532047708,0,0.053799644112586975
sdxl_turbo,2532047708,1,0.22000709176063538
sdxl_turbo,4690278994,0,0.06608537584543228
sdxl_turbo,4690278994,1,0.8140527606010437
sdxl_turbo,1806580620,0,0.06465348601341248
sdxl_turbo,1806580620,1,0.24256429076194763
sdxl_turbo,358355700,0,0.034358687698841095
sdxl_turbo,358355700,1,0.6540113687515259
sdxl_turbo,3449114979,0,0.03934250399470329
sdxl_turbo,3449114979,1,0.05033063143491745
sdxl_turbo,104285082,0,0.09138210862874985
sdxl_turbo,104285082,1,0.1196136623620987
sdxl_turbo,2763090857,0,0.05070536211133003
sdxl_turbo,2763090857,1,0.341802179813385
sdxl_turbo,3168327945,0,0.03760863468050957
sdxl_turbo,3168327945,1,0.3841032385826111
sdxl_turbo,3455019076,0,0.04569203406572342
sdxl_turbo,3455019076,1,0.1139734610915184
sdxl_turbo,4676792744,0,0.04023794084787369
sdxl_turbo,4676792744,1,0.08882028609514236
sdxl_turbo,2589156742,0,0.030908960849046707
sdxl_turbo,2589156742,1,0.1139734610915184
sdxl_turbo,530170010,0,0.037326883524656296
sdxl_turbo,530170010,1,0.44200414419174194
sdxl_turbo,3373544964,0,0.03993731737136841
sdxl_turbo,3373544964,1,0.188323974609375
sdxl_turbo,4821810079,0,0.0446808747947216
sdxl_turbo,4821810079,1,0.21337716281414032
sdxl_turbo,2293149170,0,0.03185885772109032
sdxl_turbo,2293149170,1,0.1037486270070076
sdxl_turbo,4368362518,0,0.09807932376861572
sdxl_turbo,4368362518,1,0.10818894952535629
sdxl_turbo,4925573161,0,0.04569203406572342
sdxl_turbo,4925573161,1,0.09073548763990402
sdxl_turbo,2834103050,0,0.0443485826253891
sdxl_turbo,2834103050,1,0.33415475487709045
sdxl_turbo,2923086298,0,0.05146276578307152
sdxl_turbo,2923086298,1,0.21535073220729828
sdxl_turbo,2468906010,0,0.05108273774385452
sdxl_turbo,2468906010,1,0.048136770725250244
sdxl_turbo,160541986,0,0.02822098508477211
sdxl_turbo,160541986,1,0.09739039838314056
sdxl_turbo,2404959574,0,0.03934250399470329
sdxl_turbo,2404959574,1,0.5455883741378784
sdxl_turbo,3494151850,0,0.8844391107559204
sdxl_turbo,3494151850,1,0.9105454087257385
sdxl_turbo,2537002791,0,0.06325051933526993
sdxl_turbo,2537002791,1,0.09073548763990402
sdxl_turbo,3354474353,0,0.053009770810604095
sdxl_turbo,3354474353,1,0.21667379140853882
sdxl_turbo,517942470,0,0.031618766486644745
sdxl_turbo,517942470,1,0.4594399034976959
sdxl_turbo,3461041826,0,0.048496004194021225
sdxl_turbo,3461041826,1,0.05749327689409256
sdxl_turbo,2763601657,0,0.02779562398791313
sdxl_turbo,2763601657,1,0.2999247610569
sdxl_turbo,6314475602,0,0.10158944129943848
sdxl_turbo,6314475602,1,0.550003170967102
sdxl_turbo,2249682069,0,0.0384661927819252
sdxl_turbo,2249682069,1,0.13161905109882355
sdxl_turbo,4694894610,0,0.037326883524656296
sdxl_turbo,4694894610,1,0.04778006672859192
sdxl_turbo,3771613841,0,0.042087726294994354
sdxl_turbo,3771613841,1,0.08269733935594559
sdxl_turbo,4791513183,0,0.05070536211133003
sdxl_turbo,4791513183,1,0.05541279539465904
sdxl_turbo,498404951,0,0.09842541813850403
sdxl_turbo,498404951,1,0.7364006042480469
sdxl_turbo,3799708677,0,0.22202469408512115
sdxl_turbo,3799708677,1,0.8918110132217407
sdxl_turbo,4973611817,0,0.025760561227798462
sdxl_turbo,4973611817,1,0.49560558795928955
sdxl_turbo,3027397797,0,0.04115288704633713
sdxl_turbo,3027397797,1,0.9213575720787048
sdxl_turbo,3539960792,0,0.0333368219435215
sdxl_turbo,3539960792,1,0.10123348236083984
sdxl_turbo,1424775129,0,0.052618954330682755
sdxl_turbo,1424775129,1,0.2759094536304474
sdxl_turbo,3635194562,0,0.08882028609514236
sdxl_turbo,3635194562,1,0.8902942538261414
sdxl_turbo,8034139464,0,0.06512755155563354
sdxl_turbo,8034139464,1,0.22135069966316223
sdxl_turbo,2393971707,0,0.04922211915254593
sdxl_turbo,2393971707,1,0.08269733935594559
sdxl_turbo,2474776724,0,0.038178276270627975
sdxl_turbo,2474776724,1,0.04023794084787369
sdxl_turbo,2910885196,0,0.04922211915254593
sdxl_turbo,2910885196,1,0.09670579433441162
sdxl_turbo,5199439325,0,0.05623634159564972
sdxl_turbo,5199439325,1,0.05623634159564972
sdxl_turbo,2786245676,0,0.9284088015556335
sdxl_turbo,2786245676,1,0.6437773108482361
sdxl_turbo,7610186624,0,0.0446808747947216
sdxl_turbo,7610186624,1,0.15102781355381012
sdxl_turbo,8038092309,0,0.029986508190631866
sdxl_turbo,8038092309,1,0.04742587357759476
sdxl_turbo,2123995873,0,0.030444350093603134
sdxl_turbo,2123995873,1,0.1259227693080902
sdxl_turbo,852427632,0,0.039048291742801666
sdxl_turbo,852427632,1,0.4179840385913849
sdxl_turbo,4885036157,0,0.046378206461668015
sdxl_turbo,4885036157,1,0.05108273774385452
sdxl_turbo,6632464405,0,0.05108273774385452
sdxl_turbo,6632464405,1,0.19559407234191895
sdxl_turbo,3522989916,0,0.038178276270627975
sdxl_turbo,3522989916,1,0.04922211915254593
sdxl_turbo,5901845159,0,0.04742587357759476
sdxl_turbo,5901845159,1,0.0832919329404831
sdxl_turbo,4326893429,0,0.05921025201678276
sdxl_turbo,4326893429,1,0.9429286122322083
sdxl_turbo,2584487952,0,0.0427221953868866
sdxl_turbo,2584487952,1,0.33111974596977234
sdxl_turbo,2335428699,0,0.0443485826253891
sdxl_turbo,2335428699,1,0.9263036847114563
sdxl_turbo,3416050480,0,0.896975576877594
sdxl_turbo,3416050480,1,0.13986563682556152
sdxl_turbo,3597715122,0,0.04603390023112297
sdxl_turbo,3597715122,1,0.06325051933526993
sdxl_turbo,128395402,0,0.08882028609514236
sdxl_turbo,128395402,1,0.05707140266895294
sdxl_turbo,2507182524,0,0.04742587357759476
sdxl_turbo,2507182524,1,0.47234877943992615
sdxl_turbo,2860432302,0,0.046378206461668015
sdxl_turbo,2860432302,1,0.3324187695980072
sdxl_turbo,3046312861,0,0.007460643537342548
sdxl_turbo,3046312861,1,0.13341520726680756
sdxl_turbo,5661511556,0,0.049958523362874985
sdxl_turbo,5661511556,1,0.14128142595291138
sdxl_turbo,3357416302,0,0.05033063143491745
sdxl_turbo,3357416302,1,0.06608537584543228
sdxl_turbo,6043589490,0,0.04535257816314697
sdxl_turbo,6043589490,1,0.27202457189559937
sdxl_turbo,2822265828,0,0.03649376705288887
sdxl_turbo,2822265828,1,0.055005282163619995
sdxl_turbo,2254913901,0,0.08882028609514236
sdxl_turbo,2254913901,1,0.2743513584136963
sdxl_turbo,170405864,0,0.04240383207798004
sdxl_turbo,170405864,1,0.19868534803390503
sdxl_turbo,2256447557,0,0.05541279539465904
sdxl_turbo,2256447557,1,0.9092645049095154
sdxl_turbo,2422482455,0,0.0427221953868866
sdxl_turbo,2422482455,1,0.12852513790130615
sdxl_turbo,6870585516,0,0.048496004194021225
sdxl_turbo,6870585516,1,0.07263670116662979
sdxl_turbo,2219805467,0,0.6597340106964111
sdxl_turbo,2219805467,1,0.19314737617969513
sdxl_turbo,3456579559,0,0.05070536211133003
sdxl_turbo,3456579559,1,0.08151975274085999
sdxl_turbo,427936315,0,0.03138043358922005
sdxl_turbo,427936315,1,0.6838418841362
sdxl_turbo,2741990005,0,0.12984342873096466
sdxl_turbo,2741990005,1,0.11008787900209427
sdxl_turbo,4704083135,0,0.04958902671933174
sdxl_turbo,4704083135,1,0.45072200894355774
sdxl_turbo,7738368186,0,0.06754669547080994
sdxl_turbo,7738368186,1,0.12678517401218414
sdxl_turbo,2922807898,0,0.06371499598026276
sdxl_turbo,2922807898,1,0.9046505093574524
sdxl_turbo,21514026,0,0.02080448903143406
sdxl_turbo,21514026,1,0.10932482779026031
sdxl_turbo,118939364,0,0.048496004194021225
sdxl_turbo,118939364,1,0.7969253659248352
sdxl_turbo,74759622,0,0.04885777831077576
sdxl_turbo,74759622,1,0.7725306749343872
sdxl_turbo,4071750215,0,0.07055959850549698
sdxl_turbo,4071750215,1,0.44227513670921326
sdxl_turbo,3893510114,0,0.042087726294994354
sdxl_turbo,3893510114,1,0.07696083933115005
sdxl_turbo,3477315700,0,0.22135069966316223
sdxl_turbo,3477315700,1,0.07263670116662979
sdxl_turbo,4857558207,0,0.04958902671933174
sdxl_turbo,4857558207,1,0.19436782598495483
sdxl_turbo,137444466,0,0.01798621006309986
sdxl_turbo,137444466,1,0.42602306604385376
sdxl_turbo,3819214047,0,0.06142403930425644
sdxl_turbo,3819214047,1,0.11596070975065231
sdxl_turbo,5504963988,0,0.0541987270116806
sdxl_turbo,5504963988,1,0.07696083933115005
sdxl_turbo,470887785,0,0.02161533385515213
sdxl_turbo,470887785,1,0.9092645049095154
sdxl_turbo,4397606831,0,0.0541987270116806
sdxl_turbo,4397606831,1,0.11838509887456894
sdxl_turbo,3272847211,0,0.043365802615880966
sdxl_turbo,3272847211,1,0.05877656117081642
sdxl_turbo,3691394196,0,0.0384661927819252
sdxl_turbo,3691394196,1,0.11556088179349899
sdxl_turbo,62057380,0,0.0534033328294754
sdxl_turbo,62057380,1,0.09842541813850403
sdxl_turbo,191592626,0,0.053799644112586975
sdxl_turbo,191592626,1,0.055005282163619995
sdxl_turbo,3761067976,0,0.055005282163619995
sdxl_turbo,3761067976,1,0.048136770725250244
sdxl_turbo,3084472304,0,0.04501553252339363
sdxl_turbo,3084472304,1,0.1661335527896881
sdxl_turbo,4606522320,0,0.05749327689409256
sdxl_turbo,4606522320,1,0.06008664518594742
sdxl_turbo,4361156028,0,0.04885777831077576
sdxl_turbo,4361156028,1,0.053799644112586975
sdxl_turbo,2324963565,0,0.04535257816314697
sdxl_turbo,2324963565,1,0.12852513790130615
sdxl_turbo,1389264266,0,0.030908960849046707
sdxl_turbo,1389264266,1,0.19072401523590088
sdxl_turbo,129662899,0,0.027169233188033104
sdxl_turbo,129662899,1,0.2011847198009491
sdxl_turbo,3326249355,0,0.04707418009638786
sdxl_turbo,3326249355,1,0.05033063143491745
sdxl_turbo,2176874361,0,0.0627892017364502
sdxl_turbo,2176874361,1,0.7924642562866211
sdxl_turbo,247189554,0,0.11716748028993607
sdxl_turbo,247189554,1,0.8000679016113281
sdxl_turbo,241347243,0,0.06233103945851326
sdxl_turbo,241347243,1,0.09982065856456757
sdxl_turbo,3347798761,0,0.5393471717834473
sdxl_turbo,3347798761,1,0.8745065331459045
sdxl_turbo,4974263771,0,0.03541072458028793
sdxl_turbo,4974263771,1,0.10669060051441193
sdxl_turbo,97138973,0,0.026355354115366936
sdxl_turbo,97138973,1,0.2114168256521225
sdxl_turbo,2281054343,0,0.02595735713839531
sdxl_turbo,2281054343,1,0.24762336909770966
sdxl_turbo,3063544435,0,0.06142403930425644
sdxl_turbo,3063544435,1,0.7118317484855652
sdxl_turbo,4631804601,0,0.04023794084787369
sdxl_turbo,4631804601,1,0.336985319852829
sdxl_turbo,123101580,0,0.02498779445886612
sdxl_turbo,123101580,1,0.05033063143491745
sdxl_turbo,4775763666,0,0.014615669846534729
sdxl_turbo,4775763666,1,0.1465752124786377
sdxl_turbo,1012150929,0,0.04177388176321983
sdxl_turbo,1012150929,1,0.11318691074848175
sdxl_turbo,4787867133,0,0.03384403511881828
sdxl_turbo,4787867133,1,0.41211602091789246
sdxl_turbo,2806632713,0,0.04778006672859192
sdxl_turbo,2806632713,1,0.04177388176321983
sdxl_turbo,287212060,0,0.01615283451974392
sdxl_turbo,287212060,1,0.09739039838314056
sdxl_turbo,2723785828,0,0.030908960849046707
sdxl_turbo,2723785828,1,0.13846179842948914
sdxl_turbo,6869365418,0,0.04958902671933174
sdxl_turbo,6869365418,1,0.07696083933115005
sdxl_turbo,269361490,0,0.02909075655043125
sdxl_turbo,269361490,1,0.08509904146194458
sdxl_turbo,2701892321,0,0.02931223064661026
sdxl_turbo,2701892321,1,0.2422056347131729
sdxl_turbo,1330645772,0,0.034358687698841095
sdxl_turbo,1330645772,1,0.3270232081413269
sdxl_turbo,179778822,0,0.043365802615880966
sdxl_turbo,179778822,1,0.06008664518594742
sdxl_turbo,3955157194,0,0.055005282163619995
sdxl_turbo,3955157194,1,0.8638516664505005
sdxl_turbo,2540884723,0,0.030908960849046707
sdxl_turbo,2540884723,1,0.1650540828704834
sdxl_turbo,388837010,0,0.022116590291261673
sdxl_turbo,388837010,1,0.3199707269668579
sdxl_turbo,4852819911,0,0.0384661927819252
sdxl_turbo,4852819911,1,0.06560482829809189
sdxl_turbo,3256274183,0,0.04672496020793915
sdxl_turbo,3256274183,1,0.09534946084022522
sdxl_turbo,3549006919,0,0.055005282163619995
sdxl_turbo,3549006919,1,0.05665242671966553
sdxl_turbo,2527628435,0,0.04672496020793915
sdxl_turbo,2527628435,1,0.03541072458028793
sdxl_turbo,7003919692,0,0.06954174488782883
sdxl_turbo,7003919692,1,0.8998277187347412
sdxl_turbo,4967261262,0,0.05623634159564972
sdxl_turbo,4967261262,1,0.7021217346191406
sdxl_turbo,5196783191,0,0.05582313984632492
sdxl_turbo,5196783191,1,0.0832919329404831
sdxl_turbo,5428390334,0,0.05964694544672966
sdxl_turbo,5428390334,1,0.41478031873703003
sdxl_turbo,3595080592,0,0.04885777831077576
sdxl_turbo,3595080592,1,0.45919737219810486
sdxl_turbo,6218244928,0,0.05707140266895294
sdxl_turbo,6218244928,1,0.9219217896461487
sdxl_turbo,1260816604,0,0.0446808747947216
sdxl_turbo,1260816604,1,0.05623634159564972
sdxl_turbo,2501548593,0,0.11318691074848175
sdxl_turbo,2501548593,1,0.9066531658172607
sdxl_turbo,3063054647,0,0.05184547230601311
sdxl_turbo,3063054647,1,0.4751182198524475
sdxl_turbo,4791975111,0,0.043691057711839676
sdxl_turbo,4791975111,1,0.9161096215248108
sdxl_turbo,1053116826,0,0.05146276578307152
sdxl_turbo,1053116826,1,0.4186375141143799
sdxl_turbo,6901412,0,0.03622005879878998
sdxl_turbo,6901412,1,0.11879339814186096
sdxl_turbo,2700788458,0,0.03138043358922005
sdxl_turbo,2700788458,1,0.4019812047481537
sdxl_turbo,378453580,0,0.03875619173049927
sdxl_turbo,378453580,1,0.14463144540786743
sdxl_turbo,3944497603,0,0.017712296918034554
sdxl_turbo,3944497603,1,0.08151975274085999
sdxl_turbo,393043864,0,0.05223085358738899
sdxl_turbo,393043864,1,0.14033624529838562
sdxl_turbo,2511798599,0,0.031618766486644745
sdxl_turbo,2511798599,1,0.06187598407268524
sdxl_turbo,241345522,0,0.03283695504069328
sdxl_turbo,241345522,1,0.048136770725250244
sdxl_turbo,5623287052,0,0.09009299427270889
sdxl_turbo,5623287052,1,0.5228112936019897
sdxl_turbo,292198220,0,0.04672496020793915
sdxl_turbo,292198220,1,0.2037075310945511
sdxl_turbo,1483574454,0,0.04742587357759476
sdxl_turbo,1483574454,1,0.07585817575454712
sdxl_turbo,6206278823,0,0.21337716281414032
sdxl_turbo,6206278823,1,0.05921025201678276
sdxl_turbo,2782480767,0,0.05223085358738899
sdxl_turbo,2782480767,1,0.4563795030117035
sdxl_turbo,3701699584,0,0.04054073989391327
sdxl_turbo,3701699584,1,0.22101424634456635
sdxl_turbo,4772885285,0,0.04603390023112297
sdxl_turbo,4772885285,1,0.05108273774385452
sdxl_turbo,4443088094,0,0.0378924235701561
sdxl_turbo,4443088094,1,0.2260993868112564
sdxl_turbo,4672132178,0,0.043365802615880966
sdxl_turbo,4672132178,1,0.12984342873096466
sdxl_turbo,2597958208,0,0.0443485826253891
sdxl_turbo,2597958208,1,0.38966265320777893
sdxl_turbo,7249187716,0,0.04535257816314697
sdxl_turbo,7249187716,1,0.13161905109882355
sdxl_turbo,77740577,0,0.026963500306010246
sdxl_turbo,77740577,1,0.9196425676345825
sdxl_turbo,2307118114,0,0.08819004893302917
sdxl_turbo,2307118114,1,0.16667540371418
sdxl_turbo,2823575468,0,0.04742587357759476
sdxl_turbo,2823575468,1,0.12549345195293427
sdxl_turbo,213583123,0,0.05665242671966553
sdxl_turbo,213583123,1,0.14033624529838562
sdxl_turbo,6333818443,0,0.04569203406572342
sdxl_turbo,6333818443,1,0.07004895806312561
sdxl_turbo,3543294190,0,0.0446808747947216
sdxl_turbo,3543294190,1,0.08694165199995041
sdxl_turbo,3421131122,0,0.05665242671966553
sdxl_turbo,3421131122,1,0.7275885343551636
sdxl_turbo,439916996,0,0.03676946461200714
sdxl_turbo,439916996,1,0.7150261998176575
sdxl_turbo,4828433053,0,0.048136770725250244
sdxl_turbo,4828433053,1,0.8787311315536499
sdxl_turbo,2409312675,0,0.05184547230601311
sdxl_turbo,2409312675,1,0.09877259284257889
sdxl_turbo,4328528475,0,0.025371313095092773
sdxl_turbo,4328528475,1,0.09073548763990402
sdxl_turbo,2922222717,0,0.02779562398791313
sdxl_turbo,2922222717,1,0.4841362237930298
sdxl_turbo,4673314291,0,0.03138043358922005
sdxl_turbo,4673314291,1,0.05146276578307152
sdxl_turbo,2222732183,0,0.03185885772109032
sdxl_turbo,2222732183,1,0.08756384998559952
sdxl_turbo,2877088081,0,0.07751765847206116
sdxl_turbo,2877088081,1,0.14080817997455597
sdxl_turbo,3731739486,0,0.049958523362874985
sdxl_turbo,3731739486,1,0.859663724899292
sdxl_turbo,3944169186,0,0.039048291742801666
sdxl_turbo,3944169186,1,0.04778006672859192
sdxl_turbo,3279228339,0,0.05146276578307152
sdxl_turbo,3279228339,1,0.07211220264434814
sdxl_turbo,46663846,0,0.0443485826253891
sdxl_turbo,46663846,1,0.06853749603033066
sdxl_turbo,466877726,0,0.017309095710515976
sdxl_turbo,466877726,1,0.2587003707885742
sdxl_turbo,6274918824,0,0.03676946461200714
sdxl_turbo,6274918824,1,0.9230391979217529
sdxl_turbo,7212803242,0,0.12168575078248978
sdxl_turbo,7212803242,1,0.17384850978851318
sdxl_turbo,143688205,0,0.09982065856456757
sdxl_turbo,143688205,1,0.05877656117081642
sdxl_turbo,618771382,0,0.07107366621494293
sdxl_turbo,618771382,1,0.34334173798561096
sdxl_turbo,2463394631,0,0.029986508190631866
sdxl_turbo,2463394631,1,0.23370634019374847
sdxl_turbo,1138784872,0,0.05108273774385452
sdxl_turbo,1138784872,1,0.13206614553928375
sdxl_turbo,821599220,0,0.04707418009638786
sdxl_turbo,821599220,1,0.47438767552375793
sdxl_turbo,4716333601,0,0.03594832494854927
sdxl_turbo,4716333601,1,0.07807815819978714
sdxl_turbo,3019776218,0,0.05223085358738899
sdxl_turbo,3019776218,1,0.8991213440895081
sdxl_turbo,2088460083,0,0.02080448903143406
sdxl_turbo,2088460083,1,0.13846179842948914
sdxl_turbo,6225843702,0,0.19436782598495483
sdxl_turbo,6225843702,1,0.7221353054046631
sdxl_turbo,305979887,0,0.043365802615880966
sdxl_turbo,305979887,1,0.24798743426799774
sdxl_turbo,4842876705,0,0.043691057711839676
sdxl_turbo,4842876705,1,0.05707140266895294
sdxl_turbo,2984174290,0,0.04535257816314697
sdxl_turbo,2984174290,1,0.896251380443573
sdxl_turbo,4441980889,0,0.05223085358738899
sdxl_turbo,4441980889,1,0.11318691074848175
sdxl_turbo,509778093,0,0.05541279539465904
sdxl_turbo,509778093,1,0.5586430430412292
sdxl_turbo,4912431886,0,0.03704717382788658
sdxl_turbo,4912431886,1,0.04742587357759476
sdxl_turbo,2955099064,0,0.024237636476755142
sdxl_turbo,2955099064,1,0.8925625681877136
sdxl_turbo,1737441377,0,0.043691057711839676
sdxl_turbo,1737441377,1,0.0753123089671135
sdxl_turbo,3223809913,0,0.053009770810604095
sdxl_turbo,3223809913,1,0.0534033328294754
sdxl_turbo,423782935,0,0.04023794084787369
sdxl_turbo,423782935,1,0.19072401523590088
sdxl_turbo,263233914,0,0.1259227693080902
sdxl_turbo,263233914,1,0.08945459872484207
sdxl_turbo,6420396169,0,0.04742587357759476
sdxl_turbo,6420396169,1,0.06560482829809189
sdxl_turbo,4603099757,0,0.03934250399470329
sdxl_turbo,4603099757,1,0.1772405207157135
sdxl_turbo,2858456847,0,0.03210070729255676
sdxl_turbo,2858456847,1,0.05108273774385452
sdxl_turbo,1453366750,0,0.05223085358738899
sdxl_turbo,1453366750,1,0.9348725080490112
sdxl_turbo,3604391853,0,0.055005282163619995
sdxl_turbo,3604391853,1,0.5324251055717468
sdxl_turbo,2987588136,0,0.028652669861912727
sdxl_turbo,2987588136,1,0.3510885536670685
sdxl_turbo,4400746838,0,0.07807815819978714
sdxl_turbo,4400746838,1,0.9224823713302612
sdxl_turbo,401405215,0,0.04569203406572342
sdxl_turbo,401405215,1,0.14033624529838562
sdxl_turbo,4825458628,0,0.586759626865387
sdxl_turbo,4825458628,1,0.07807815819978714
sdxl_turbo,6059154572,0,0.08945459872484207
sdxl_turbo,6059154572,1,0.5717666149139404
sdxl_turbo,3514184232,0,0.0534033328294754
sdxl_turbo,3514184232,1,0.057918086647987366
sdxl_turbo,4474749623,0,0.031143832951784134
sdxl_turbo,4474749623,1,0.4469774663448334
sdxl_turbo,618797331,0,0.03488088771700859
sdxl_turbo,618797331,1,0.3721628487110138
sdxl_turbo,2622624460,0,0.043042849749326706
sdxl_turbo,2622624460,1,0.06233103945851326
sdxl_turbo,400345058,0,0.9504110217094421
sdxl_turbo,400345058,1,0.10557884722948074
sdxl_turbo,3747007211,0,0.0427221953868866
sdxl_turbo,3747007211,1,0.09534946084022522
sdxl_turbo,3135826945,0,0.19620943069458008
sdxl_turbo,3135826945,1,0.8832359910011292
sdxl_turbo,2466420387,0,0.043691057711839676
sdxl_turbo,2466420387,1,0.13799647986888885
sdxl_turbo,506082695,0,0.05223085358738899
sdxl_turbo,506082695,1,0.8879840970039368
sdxl_turbo,312788070,0,0.046378206461668015
sdxl_turbo,312788070,1,0.053799644112586975
sdxl_turbo,511749704,0,0.04885777831077576
sdxl_turbo,511749704,1,0.07751765847206116
sdxl_turbo,5733760,0,0.05033063143491745
sdxl_turbo,5733760,1,0.09739039838314056
sdxl_turbo,86131617,0,0.0384661927819252
sdxl_turbo,86131617,1,0.859663724899292
sdxl_turbo,6981038793,0,0.11162799596786499
sdxl_turbo,6981038793,1,0.869714617729187
sdxl_turbo,3201517121,0,0.053009770810604095
sdxl_turbo,3201517121,1,0.2802222669124603
sdxl_turbo,97162852,0,0.04922211915254593
sdxl_turbo,97162852,1,0.8991213440895081
sdxl_turbo,3616525288,0,0.1127953976392746
sdxl_turbo,3616525288,1,0.04569203406572342
sdxl_turbo,2373932560,0,0.0427221953868866
sdxl_turbo,2373932560,1,0.07107366621494293
sdxl_turbo,4606967207,0,0.05582313984632492
sdxl_turbo,4606967207,1,0.169956237077713
sdxl_turbo,3019609769,0,0.03594832494854927
sdxl_turbo,3019609769,1,0.9213575720787048
sdxl_turbo,86112875,0,0.034100428223609924
sdxl_turbo,86112875,1,0.3618409335613251
sdxl_turbo,3678098428,0,0.04535257816314697
sdxl_turbo,3678098428,1,0.3069423735141754
sdxl_turbo,439171995,0,0.04569203406572342
sdxl_turbo,439171995,1,0.17838266491889954
sdxl_turbo,4052515931,0,0.05108273774385452
sdxl_turbo,4052515931,1,0.11162799596786499
sdxl_turbo,1775223211,0,0.22884513437747955
sdxl_turbo,1775223211,1,0.07640768587589264
sdxl_turbo,3547000169,0,0.05707140266895294
sdxl_turbo,3547000169,1,0.17384850978851318
sdxl_turbo,20805896,0,0.055005282163619995
sdxl_turbo,20805896,1,0.13568954169750214
sdxl_turbo,3308171165,0,0.04707418009638786
sdxl_turbo,3308171165,1,0.17272931337356567
sdxl_turbo,463978865,0,0.26057755947113037
sdxl_turbo,463978865,1,0.7345005869865417
sdxl_turbo,4831683216,0,0.10594827681779861
sdxl_turbo,4831683216,1,0.05184547230601311
sdxl_turbo,2635938723,0,0.6109178066253662
sdxl_turbo,2635938723,1,0.6749081611633301
sdxl_turbo,3707585013,0,0.0541987270116806
sdxl_turbo,3707585013,1,0.08093671500682831
sdxl_turbo,4080351447,0,0.04778006672859192
sdxl_turbo,4080351447,1,0.08570927381515503
sdxl_turbo,3685373706,0,0.0541987270116806
sdxl_turbo,3685373706,1,0.8998277187347412
sdxl_turbo,3170122039,0,0.046378206461668015
sdxl_turbo,3170122039,1,0.6120778322219849
sdxl_turbo,3482974845,0,0.700894832611084
sdxl_turbo,3482974845,1,0.894789457321167
sdxl_turbo,489134459,0,0.048136770725250244
sdxl_turbo,489134459,1,0.06754669547080994
sdxl_turbo,509987636,0,0.04240383207798004
sdxl_turbo,509987636,1,0.11556088179349899
sdxl_turbo,2822418176,0,0.07423136383295059
sdxl_turbo,2822418176,1,0.05707140266895294
sdxl_turbo,2640869832,0,0.057918086647987366
sdxl_turbo,2640869832,1,0.7201715111732483
sdxl_turbo,5631556013,0,0.030214589089155197
sdxl_turbo,5631556013,1,0.0541987270116806
sdxl_turbo,3143991972,0,0.038178276270627975
sdxl_turbo,3143991972,1,0.03993731737136841
sdxl_turbo,2717110088,0,0.03993731737136841
sdxl_turbo,2717110088,1,0.1650540828704834
sdxl_turbo,4819772045,0,0.0627892017364502
sdxl_turbo,4819772045,1,0.6392857432365417
sdxl_turbo,4801764348,0,0.030675798654556274
sdxl_turbo,4801764348,1,0.1859472095966339
sdxl_turbo,3431671749,0,0.04672496020793915
sdxl_turbo,3431671749,1,0.0943434089422226
sdxl_turbo,3240637051,0,0.06705628335475922
sdxl_turbo,3240637051,1,0.08945459872484207
sdxl_turbo,3643981804,0,0.049958523362874985
sdxl_turbo,3643981804,1,0.5475850105285645
sdxl_turbo,7498713846,0,0.03993731737136841
sdxl_turbo,7498713846,1,0.06954174488782883
sdxl_turbo,5399620276,0,0.06325051933526993
sdxl_turbo,5399620276,1,0.09982065856456757
sdxl_turbo,3262645599,0,0.05665242671966553
sdxl_turbo,3262645599,1,0.11357959359884262
sdxl_turbo,241345770,0,0.029760094359517097
sdxl_turbo,241345770,1,0.04603390023112297
sdxl_turbo,4257619114,0,0.027376487851142883
sdxl_turbo,4257619114,1,0.12252321094274521
sdxl_turbo,4912108775,0,0.034358687698841095
sdxl_turbo,4912108775,1,0.07263670116662979
sdxl_turbo,4024098174,0,0.049958523362874985
sdxl_turbo,4024098174,1,0.9066531658172607
sdxl_turbo,2741051940,0,0.04535257816314697
sdxl_turbo,2741051940,1,0.869714617729187
sdxl_turbo,3880366728,0,0.02615562081336975
sdxl_turbo,3880366728,1,0.08269733935594559
sdxl_turbo,1234206849,0,0.024237636476755142
sdxl_turbo,1234206849,1,0.03138043358922005
sdxl_turbo,1285874746,0,0.05033063143491745
sdxl_turbo,1285874746,1,0.8656789064407349
sdxl_turbo,7330749240,0,0.05665242671966553
sdxl_turbo,7330749240,1,0.07055959850549698
sdxl_turbo,3344040145,0,0.039048291742801666
sdxl_turbo,3344040145,1,0.06052938848733902
sdxl_turbo,3539817989,0,0.01912403665482998
sdxl_turbo,3539817989,1,0.04177388176321983
sdxl_turbo,965444691,0,0.022116590291261673
sdxl_turbo,965444691,1,0.2062537968158722
sdxl_turbo,4797050581,0,0.04922211915254593
sdxl_turbo,4797050581,1,0.2351084053516388
sdxl_turbo,1408958345,0,0.09138210862874985
sdxl_turbo,1408958345,1,0.08945459872484207
sdxl_turbo,3880726770,0,0.034358687698841095
sdxl_turbo,3880726770,1,0.7074047327041626
sdxl_turbo,2382950929,0,0.34775859117507935
sdxl_turbo,2382950929,1,0.9032942056655884
sdxl_turbo,2391442557,0,0.04535257816314697
sdxl_turbo,2391442557,1,0.169956237077713
sdxl_turbo,234374617,0,0.04023794084787369
sdxl_turbo,234374617,1,0.22884513437747955
sdxl_turbo,369047365,0,0.3361130952835083
sdxl_turbo,369047365,1,0.8255897164344788
sdxl_turbo,5870701819,0,0.053799644112586975
sdxl_turbo,5870701819,1,0.10266400873661041
sdxl_turbo,259510411,0,0.05033063143491745
sdxl_turbo,259510411,1,0.7898827195167542
sdxl_turbo,1417941060,0,0.04535257816314697
sdxl_turbo,1417941060,1,0.24944724142551422
sdxl_turbo,1733853950,0,0.04672496020793915
sdxl_turbo,1733853950,1,0.07263670116662979
sdxl_turbo,4966861386,0,0.04569203406572342
sdxl_turbo,4966861386,1,0.1901218295097351
sdxl_turbo,4478063110,0,0.11716748028993607
sdxl_turbo,4478063110,1,0.2869678735733032
sdxl_turbo,473323374,0,0.043365802615880966
sdxl_turbo,473323374,1,0.4491509795188904
sdxl_turbo,2307757311,0,0.043365802615880966
sdxl_turbo,2307757311,1,0.08756384998559952
sdxl_turbo,2705922624,0,0.03875619173049927
sdxl_turbo,2705922624,1,0.31573596596717834
sdxl_turbo,2321865325,0,0.06512755155563354
sdxl_turbo,2321865325,1,0.7759445905685425
sdxl_turbo,4442382200,0,0.03649376705288887
sdxl_turbo,4442382200,1,0.5920770764350891
sdxl_turbo,1961696686,0,0.05108273774385452
sdxl_turbo,1961696686,1,0.5142783522605896
sdxl_turbo,2667242810,0,0.04240383207798004
sdxl_turbo,2667242810,1,0.20946969091892242
sdxl_turbo,4876517154,0,0.046378206461668015
sdxl_turbo,4876517154,1,0.34997695684432983
sdxl_turbo,2641049916,0,0.06142403930425644
sdxl_turbo,2641049916,1,0.1030244305729866
sdxl_turbo,3169184260,0,0.04177388176321983
sdxl_turbo,3169184260,1,0.05749327689409256
sdxl_turbo,3669527584,0,0.04742587357759476
sdxl_turbo,3669527584,1,0.6258955001831055
sdxl_turbo,4677535056,0,0.03185885772109032
sdxl_turbo,4677535056,1,0.08694165199995041
sdxl_turbo,3486831654,0,0.04707418009638786
sdxl_turbo,3486831654,1,0.06187598407268524
sdxl_turbo,4567003374,0,0.04707418009638786
sdxl_turbo,4567003374,1,0.2786492109298706
sdxl_turbo,5430267989,0,0.0427221953868866
sdxl_turbo,5430267989,1,0.7937461733818054
sdxl_turbo,140774394,0,0.03934250399470329
sdxl_turbo,140774394,1,0.17384850978851318
sdxl_turbo,380752558,0,0.04240383207798004
sdxl_turbo,380752558,1,0.2146914154291153
sdxl_turbo,2324804923,0,0.07864238321781158
sdxl_turbo,2324804923,1,0.06804042309522629
sdxl_turbo,434932657,0,0.04672496020793915
sdxl_turbo,434932657,1,0.8484706878662109
sdxl_turbo,6870444330,0,0.053009770810604095
sdxl_turbo,6870444330,1,0.10447731614112854
sdxl_turbo,1089755335,0,0.0541987270116806
sdxl_turbo,1089755335,1,0.05877656117081642
sdxl_turbo,4569926879,0,0.034100428223609924
sdxl_turbo,4569926879,1,0.12043881416320801
sdxl_turbo,2319389144,0,0.04401865229010582
sdxl_turbo,2319389144,1,0.2716379463672638
sdxl_turbo,617782839,0,0.03934250399470329
sdxl_turbo,617782839,1,0.13072869181632996
sdxl_turbo,3298573714,0,0.05184547230601311
sdxl_turbo,3298573714,1,0.0832919329404831
sdxl_turbo,4472750626,0,0.03185885772109032
sdxl_turbo,4472750626,1,0.2881683111190796
sdxl_turbo,4050916276,0,0.30115649104118347
sdxl_turbo,4050916276,1,0.17328819632530212
sdxl_turbo,411678041,0,0.04240383207798004
sdxl_turbo,411678041,1,0.3372035324573517
sdxl_turbo,4633043171,0,0.053009770810604095
sdxl_turbo,4633043171,1,0.9358173608779907
sdxl_turbo,2904714989,0,0.04778006672859192
sdxl_turbo,2904714989,1,0.1196136623620987
sdxl_turbo,3094034946,0,0.03649376705288887
sdxl_turbo,3094034946,1,0.05033063143491745
sdxl_turbo,3745405944,0,0.03258974477648735
sdxl_turbo,3745405944,1,0.532759428024292
sdxl_turbo,5892931627,0,0.0446808747947216
sdxl_turbo,5892931627,1,0.06903792917728424
sdxl_turbo,2641098920,0,0.01971912570297718
sdxl_turbo,2641098920,1,0.5603729486465454
sdxl_turbo,3549614763,0,0.0443485826253891
sdxl_turbo,3549614763,1,0.2575782835483551
sdxl_turbo,1286805224,0,0.0534033328294754
sdxl_turbo,1286805224,1,0.12635333836078644
sdxl_turbo,6152180229,0,0.05223085358738899
sdxl_turbo,6152180229,1,0.45308035612106323
sdxl_turbo,2683823978,0,0.034358687698841095
sdxl_turbo,2683823978,1,0.8464508652687073
sdxl_turbo,2905200744,0,0.0446808747947216
sdxl_turbo,2905200744,1,0.8902942538261414
sdxl_turbo,59303979,0,0.4364118278026581
sdxl_turbo,59303979,1,0.32723814249038696
sdxl_turbo,4838943023,0,0.038178276270627975
sdxl_turbo,4838943023,1,0.08210662752389908
sdxl_turbo,2503250992,0,0.026556573808193207
sdxl_turbo,2503250992,1,0.0333368219435215
sdxl_turbo,2678171436,0,0.04084571823477745
sdxl_turbo,2678171436,1,0.06954174488782883
sdxl_turbo,2047543321,0,0.01784873753786087
sdxl_turbo,2047543321,1,0.07316471636295319
sdxl_turbo,3036894037,0,0.053009770810604095
sdxl_turbo,3036894037,1,0.1427091360092163
sdxl_turbo,221596640,0,0.06008664518594742
sdxl_turbo,221596640,1,0.21337716281414032
sdxl_turbo,2874876837,0,0.04885777831077576
sdxl_turbo,2874876837,1,0.49536144733428955
sdxl_turbo,2298661279,0,0.0792103260755539
sdxl_turbo,2298661279,1,0.5741261839866638
sdxl_turbo,6474645169,0,0.05184547230601311
sdxl_turbo,6474645169,1,0.07477004081010818
sdxl_turbo,3121219649,0,0.04023794084787369
sdxl_turbo,3121219649,1,0.42479968070983887
sdxl_turbo,5456862756,0,0.05033063143491745
sdxl_turbo,5456862756,1,0.10781264305114746
sdxl_turbo,2856524322,0,0.05146276578307152
sdxl_turbo,2856524322,1,0.0844927579164505
sdxl_turbo,4347441967,0,0.043365802615880966
sdxl_turbo,4347441967,1,0.19744445383548737
sdxl_turbo,3745474894,0,0.04177388176321983
sdxl_turbo,3745474894,1,0.0943434089422226
sdxl_turbo,3157745346,0,0.031143832951784134
sdxl_turbo,3157745346,1,0.06097518280148506
sdxl_turbo,4062259729,0,0.04958902671933174
sdxl_turbo,4062259729,1,0.05033063143491745
sdxl_turbo,456299217,0,0.06954174488782883
sdxl_turbo,456299217,1,0.498046875
sdxl_turbo,311619377,0,0.04177388176321983
sdxl_turbo,311619377,1,0.20946969091892242
sdxl_turbo,7940321892,0,0.04569203406572342
sdxl_turbo,7940321892,1,0.09401018917560577
sdxl_turbo,4655361417,0,0.13846179842948914
sdxl_turbo,4655361417,1,0.20882359147071838
sdxl_turbo,2471447879,0,0.04146227240562439
sdxl_turbo,2471447879,1,0.8918110132217407
sdxl_turbo,137444523,0,0.02228618785738945
sdxl_turbo,137444523,1,0.1041124165058136
sdxl_turbo,3332248667,0,0.046378206461668015
sdxl_turbo,3332248667,1,0.29421496391296387
sdxl_turbo,5691210724,0,0.05033063143491745
sdxl_turbo,5691210724,1,0.05223085358738899
sdxl_turbo,1810651611,0,0.043042849749326706
sdxl_turbo,1810651611,1,0.2018132209777832
sdxl_turbo,4734162520,0,0.03649376705288887
sdxl_turbo,4734162520,1,0.21866938471794128
sdxl_turbo,7012109893,0,0.04922211915254593
sdxl_turbo,7012109893,1,0.5169002413749695
sdxl_turbo,7645680482,0,0.04707418009638786
sdxl_turbo,7645680482,1,0.06656918674707413
sdxl_turbo,2127166904,0,0.05223085358738899
sdxl_turbo,2127166904,1,0.08882028609514236
sdxl_turbo,3334866049,0,0.05033063143491745
sdxl_turbo,3334866049,1,0.4323030114173889
sdxl_turbo,3367399,0,0.04240383207798004
sdxl_turbo,3367399,1,0.27009499073028564
sdxl_turbo,3149038044,0,0.034618839621543884
sdxl_turbo,3149038044,1,0.8534248471260071
sdxl_turbo,450688968,0,0.03760863468050957
sdxl_turbo,450688968,1,0.0384661927819252
sdxl_turbo,4401136784,0,0.05146276578307152
sdxl_turbo,4401136784,1,0.05184547230601311
sdxl_turbo,4818675994,0,0.0333368219435215
sdxl_turbo,4818675994,1,0.06560482829809189
sdxl_turbo,345852737,0,0.05108273774385452
sdxl_turbo,345852737,1,0.049958523362874985
sdxl_turbo,5925544950,0,0.03704717382788658
sdxl_turbo,5925544950,1,0.12252321094274521
sdxl_turbo,4183662919,0,0.022977370768785477
sdxl_turbo,4183662919,1,0.05460060387849808
sdxl_turbo,4684005479,0,0.04707418009638786
sdxl_turbo,4684005479,1,0.22000709176063538
sdxl_turbo,253800791,0,0.05070536211133003
sdxl_turbo,253800791,1,0.8991213440895081
sdxl_turbo,8138745455,0,0.05184547230601311
sdxl_turbo,8138745455,1,0.10052487254142761
sdxl_turbo,95795877,0,0.05033063143491745
sdxl_turbo,95795877,1,0.07585817575454712
sdxl_turbo,6381062375,0,0.04240383207798004
sdxl_turbo,6381062375,1,0.17217186093330383
sdxl_turbo,4712636240,0,0.024237636476755142
sdxl_turbo,4712636240,1,0.09268777817487717
sdxl_turbo,3194533056,0,0.04401865229010582
sdxl_turbo,3194533056,1,0.06418264657258987
sdxl_turbo,4668948309,0,0.02779562398791313
sdxl_turbo,4668948309,1,0.0534033328294754
sdxl_turbo,268365231,0,0.030908960849046707
sdxl_turbo,268365231,1,0.10743747651576996
sdxl_turbo,4631131293,0,0.025760561227798462
sdxl_turbo,4631131293,1,0.05460060387849808
sdxl_turbo,1387014885,0,0.025565212592482567
sdxl_turbo,1387014885,1,0.04146227240562439
sdxl_turbo,2952320230,0,0.06804042309522629
sdxl_turbo,2952320230,1,0.10230470448732376
sdxl_turbo,6841943688,0,0.05108273774385452
sdxl_turbo,6841943688,1,0.27747297286987305
sdxl_turbo,4333374998,0,0.04535257816314697
sdxl_turbo,4333374998,1,0.10818894952535629
sdxl_turbo,3468635980,0,0.01332514826208353
sdxl_turbo,3468635980,1,0.0534033328294754
sdxl_turbo,3125628091,0,0.10521053522825241
sdxl_turbo,3125628091,1,0.06804042309522629
sdxl_turbo,534570169,0,0.034618839621543884
sdxl_turbo,534570169,1,0.22202469408512115
sdxl_turbo,4447160600,0,0.04885777831077576
sdxl_turbo,4447160600,1,0.21733751893043518
sdxl_turbo,2209751,0,0.038178276270627975
sdxl_turbo,2209751,1,0.09367799758911133
sdxl_turbo,2723929323,0,0.0541987270116806
sdxl_turbo,2723929323,1,0.06325051933526993
sdxl_turbo,6589292543,0,0.05070536211133003
sdxl_turbo,6589292543,1,0.09138210862874985
sdxl_turbo,3351586010,0,0.0378924235701561
sdxl_turbo,3351586010,1,0.04707418009638786
sdxl_turbo,3241531692,0,0.05877656117081642
sdxl_turbo,3241531692,1,0.15304216742515564
sdxl_turbo,4879951396,0,0.08632348477840424
sdxl_turbo,4879951396,1,0.1276526302099228
sdxl_turbo,3560502528,0,0.048496004194021225
sdxl_turbo,3560502528,1,0.438785195350647
sdxl_turbo,3655074079,0,0.043042849749326706
sdxl_turbo,3655074079,1,0.21535073220729828
sdxl_turbo,4491044489,0,0.20434190332889557
sdxl_turbo,4491044489,1,0.09670579433441162
sdxl_turbo,3105623068,0,0.04742587357759476
sdxl_turbo,3105623068,1,0.06853749603033066
sdxl_turbo,3965771582,0,0.05108273774385452
sdxl_turbo,3965771582,1,0.07807815819978714
sdxl_turbo,6839984356,0,0.13568954169750214
sdxl_turbo,6839984356,1,0.06142403930425644
sdxl_turbo,2103080234,0,0.05033063143491745
sdxl_turbo,2103080234,1,0.8895288705825806
sdxl_turbo,33497646,0,0.6893056035041809
sdxl_turbo,33497646,1,0.7114308476448059
sdxl_turbo,3590753142,0,0.053009770810604095
sdxl_turbo,3590753142,1,0.12549345195293427
sdxl_turbo,3784574313,0,0.04115288704633713
sdxl_turbo,3784574313,1,0.04922211915254593
sdxl_turbo,2728607980,0,0.04742587357759476
sdxl_turbo,2728607980,1,0.1937568634748459
sdxl_turbo,575853856,0,0.07004895806312561
sdxl_turbo,575853856,1,0.19314737617969513
sdxl_turbo,6472693569,0,0.08509904146194458
sdxl_turbo,6472693569,1,0.61555016040802
sdxl_turbo,7117115809,0,0.9161096215248108
sdxl_turbo,7117115809,1,0.06008664518594742
sdxl_turbo,7796487260,0,0.05749327689409256
sdxl_turbo,7796487260,1,0.09268777817487717
sdxl_turbo,3119887967,0,0.053799644112586975
sdxl_turbo,3119887967,1,0.07055959850549698
sdxl_turbo,6925158300,0,0.05223085358738899
sdxl_turbo,6925158300,1,0.06052938848733902
sdxl_turbo,242558556,0,0.802555501461029
sdxl_turbo,242558556,1,0.43884530663490295
sdxl_turbo,3176499620,0,0.04177388176321983
sdxl_turbo,3176499620,1,0.06512755155563354
sdxl_turbo,4851268802,0,0.07211220264434814
sdxl_turbo,4851268802,1,0.20275872945785522
sdxl_turbo,3209564153,0,0.04778006672859192
sdxl_turbo,3209564153,1,0.17384850978851318
sdxl_turbo,3525978606,0,0.04535257816314697
sdxl_turbo,3525978606,1,0.14511536061763763
sdxl_turbo,3274495419,0,0.028870906680822372
sdxl_turbo,3274495419,1,0.15817435085773468
sdxl_turbo,3855173636,0,0.06052938848733902
sdxl_turbo,3855173636,1,0.2247353047132492
sdxl_turbo,2557922709,0,0.053799644112586975
sdxl_turbo,2557922709,1,0.6971967220306396
sdxl_turbo,2991994607,0,0.03258974477648735
sdxl_turbo,2991994607,1,0.07369627058506012
sdxl_turbo,4799951910,0,0.011508150026202202
sdxl_turbo,4799951910,1,0.04023794084787369
sdxl_turbo,4750766294,0,0.04084571823477745
sdxl_turbo,4750766294,1,0.529628336429596
sdxl_turbo,3418462699,0,0.05070536211133003
sdxl_turbo,3418462699,1,0.7322090864181519
sdxl_turbo,3273892996,0,0.03934250399470329
sdxl_turbo,3273892996,1,0.13846179842948914
sdxl_turbo,54242432,0,0.030675798654556274
sdxl_turbo,54242432,1,0.29421496391296387
sdxl_turbo,3189464563,0,0.03875619173049927
sdxl_turbo,3189464563,1,0.32380759716033936
sdxl_turbo,4950889937,0,0.01578456163406372
sdxl_turbo,4950889937,1,0.06754669547080994
sdxl_turbo,2580707208,0,0.04240383207798004
sdxl_turbo,2580707208,1,0.3306873142719269
sdxl_turbo,6053720349,0,0.03488088771700859
sdxl_turbo,6053720349,1,0.4945375919342041
sdxl_turbo,7353914844,0,0.06052938848733902
sdxl_turbo,7353914844,1,0.13799647986888885
sdxl_turbo,4768270751,0,0.04672496020793915
sdxl_turbo,4768270751,1,0.0792103260755539
sdxl_turbo,492587970,0,0.04240383207798004
sdxl_turbo,492587970,1,0.3535397946834564
sdxl_turbo,125635185,0,0.03993731737136841
sdxl_turbo,125635185,1,0.9066531658172607
sdxl_turbo,4876504906,0,0.05749327689409256
sdxl_turbo,4876504906,1,0.2254166156053543
sdxl_turbo,2875823162,0,0.034100428223609924
sdxl_turbo,2875823162,1,0.07211220264434814
sdxl_turbo,4781019036,0,0.029986508190631866
sdxl_turbo,4781019036,1,0.11556088179349899
sdxl_turbo,4749166996,0,0.0541987270116806
sdxl_turbo,4749166996,1,0.18713268637657166
sdxl_turbo,6188266707,0,0.053009770810604095
sdxl_turbo,6188266707,1,0.10052487254142761
sdxl_turbo,314800643,0,0.024237636476755142
sdxl_turbo,314800643,1,0.9019206762313843
sdxl_turbo,8143343377,0,0.05921025201678276
sdxl_turbo,8143343377,1,0.05070536211133003
sdxl_turbo,123997871,0,0.03993731737136841
sdxl_turbo,123997871,1,0.167763352394104
sdxl_turbo,3676460610,0,0.08035746961832047
sdxl_turbo,3676460610,1,0.9092645049095154
sdxl_turbo,201314419,0,0.04707418009638786
sdxl_turbo,201314419,1,0.05834583565592766
sdxl_turbo,252846811,0,0.026556573808193207
sdxl_turbo,252846811,1,0.13939638435840607
sdxl_turbo,4980795412,0,0.048136770725250244
sdxl_turbo,4980795412,1,0.05223085358738899
sdxl_turbo,4410033566,0,0.053009770810604095
sdxl_turbo,4410033566,1,0.05665242671966553
sdxl_turbo,2607097757,0,0.038178276270627975
sdxl_turbo,2607097757,1,0.2560870945453644
sdxl_turbo,2414397449,0,0.08882028609514236
sdxl_turbo,2414397449,1,0.3170032203197479
sdxl_turbo,3399284917,0,0.09877259284257889
sdxl_turbo,3399284917,1,0.18653921782970428
sdxl_turbo,4623000836,0,0.026759283617138863
sdxl_turbo,4623000836,1,0.06142403930425644
sdxl_turbo,154653766,0,0.04778006672859192
sdxl_turbo,154653766,1,0.1063188761472702
sdxl_turbo,3403263046,0,0.04240383207798004
sdxl_turbo,3403263046,1,0.0943434089422226
sdxl_turbo,4586247564,0,0.04401865229010582
sdxl_turbo,4586247564,1,0.09739039838314056
sdxl_turbo,2125626631,0,0.04742587357759476
sdxl_turbo,2125626631,1,0.19253936409950256
sdxl_turbo,1872000955,0,0.034358687698841095
sdxl_turbo,1872000955,1,0.07159119844436646
sdxl_turbo,4801849846,0,0.01065251138061285
sdxl_turbo,4801849846,1,0.05033063143491745
sdxl_turbo,5389294129,0,0.05582313984632492
sdxl_turbo,5389294129,1,0.06233103945851326
sdxl_turbo,3607969989,0,0.04885777831077576
sdxl_turbo,3607969989,1,0.08509904146194458
sdxl_turbo,3540241710,0,0.06705628335475922
sdxl_turbo,3540241710,1,0.0534033328294754
sdxl_turbo,3773298212,0,0.04742587357759476
sdxl_turbo,3773298212,1,0.1772405207157135
sdxl_turbo,5489602545,0,0.05184547230601311
sdxl_turbo,5489602545,1,0.06512755155563354
sdxl_turbo,558338473,0,0.04240383207798004
sdxl_turbo,558338473,1,0.30569732189178467
sdxl_turbo,3619322150,0,0.04054073989391327
sdxl_turbo,3619322150,1,0.44724902510643005
sdxl_turbo,3856155585,0,0.03993731737136841
sdxl_turbo,3856155585,1,0.7205649614334106
sdxl_turbo,101669240,0,0.048496004194021225
sdxl_turbo,101669240,1,0.0627892017364502
sdxl_turbo,3427233064,0,0.04922211915254593
sdxl_turbo,3427233064,1,0.722527027130127
sdxl_turbo,19469520,0,0.0443485826253891
sdxl_turbo,19469520,1,0.15152934193611145
sdxl_turbo,83001714,0,0.038178276270627975
sdxl_turbo,83001714,1,0.08756384998559952
sdxl_turbo,177591612,0,0.02931223064661026
sdxl_turbo,177591612,1,0.06754669547080994
sdxl_turbo,427736337,0,0.01243165135383606
sdxl_turbo,427736337,1,0.21337716281414032
sdxl_turbo,1546632452,0,0.05184547230601311
sdxl_turbo,1546632452,1,0.5546212196350098
sdxl_turbo,4631840705,0,0.03993731737136841
sdxl_turbo,4631840705,1,0.1030244305729866
sdxl_turbo,2757803246,0,0.4929509162902832
sdxl_turbo,2757803246,1,0.6039317846298218
sdxl_turbo,6927848734,0,0.03541072458028793
sdxl_turbo,6927848734,1,0.3132096529006958
sdxl_turbo,3362080042,0,0.04672496020793915
sdxl_turbo,3362080042,1,0.04922211915254593
sdxl_turbo,4940658755,0,0.04885777831077576
sdxl_turbo,4940658755,1,0.04958902671933174
sdxl_turbo,4903293024,0,0.04569203406572342
sdxl_turbo,4903293024,1,0.1490352898836136
sdxl_turbo,4016499639,0,0.03963884338736534
sdxl_turbo,4016499639,1,0.8080672025680542
sdxl_turbo,3809758561,0,0.04672496020793915
sdxl_turbo,3809758561,1,0.05834583565592766
sdxl_turbo,4736841029,0,0.048136770725250244
sdxl_turbo,4736841029,1,0.3225260078907013
sdxl_turbo,2284894733,0,0.03704717382788658
sdxl_turbo,2284894733,1,0.24944724142551422
sdxl_turbo,2378356400,0,0.06560482829809189
sdxl_turbo,2378356400,1,0.1196136623620987
sdxl_turbo,541063419,0,0.0427221953868866
sdxl_turbo,541063419,1,0.3132096529006958
sdxl_turbo,4948865477,0,0.03760863468050957
sdxl_turbo,4948865477,1,0.4139508903026581
sdxl_turbo,3327761688,0,0.023870835080742836
sdxl_turbo,3327761688,1,0.09009299427270889
sdxl_turbo,637245791,0,0.03934250399470329
sdxl_turbo,637245791,1,0.12721827626228333
sdxl_turbo,2230363312,0,0.02909075655043125
sdxl_turbo,2230363312,1,0.7879312038421631
sdxl_turbo,2973269132,0,0.05223085358738899
sdxl_turbo,2973269132,1,0.10669060051441193
sdxl_turbo,2551602773,0,0.043042849749326706
sdxl_turbo,2551602773,1,0.07107366621494293
sdxl_turbo,732671252,0,0.05921025201678276
sdxl_turbo,732671252,1,0.11596070975065231
sdxl_turbo,3219606,0,0.015072628855705261
sdxl_turbo,3219606,1,0.18535663187503815
sdxl_turbo,905355838,0,0.027169233188033104
sdxl_turbo,905355838,1,0.04569203406572342
sdxl_turbo,4632869465,0,0.04778006672859192
sdxl_turbo,4632869465,1,0.3510885536670685
sdxl_turbo,281658181,0,0.05921025201678276
sdxl_turbo,281658181,1,0.11008787900209427
sdxl_turbo,3124455694,0,0.04535257816314697
sdxl_turbo,3124455694,1,0.08945459872484207
sdxl_turbo,3416339125,0,0.052618954330682755
sdxl_turbo,3416339125,1,0.8539127111434937
sdxl_turbo,2518853257,0,0.03676946461200714
sdxl_turbo,2518853257,1,0.12549345195293427
sdxl_turbo,5732777684,0,0.03594832494854927
sdxl_turbo,5732777684,1,0.32788345217704773
sdxl_turbo,1777816180,0,0.04922211915254593
sdxl_turbo,1777816180,1,0.16885696351528168
sdxl_turbo,5384132543,0,0.13072869181632996
sdxl_turbo,5384132543,1,0.12294380366802216
sdxl_turbo,2446830166,0,0.03934250399470329
sdxl_turbo,2446830166,1,0.06903792917728424
sdxl_turbo,288038357,0,0.024798160418868065
sdxl_turbo,288038357,1,0.18126320838928223
sdxl_turbo,6647904677,0,0.05108273774385452
sdxl_turbo,6647904677,1,0.4101654887199402
sdxl_turbo,620595746,0,0.05033063143491745
sdxl_turbo,620595746,1,0.9314625263214111
sdxl_turbo,1423997242,0,0.034358687698841095
sdxl_turbo,1423997242,1,0.5401962995529175
sdxl_turbo,4941418090,0,0.053009770810604095
sdxl_turbo,4941418090,1,0.06233103945851326
sdxl_turbo,3909552008,0,0.04084571823477745
sdxl_turbo,3909552008,1,0.917302668094635
sdxl_turbo,1505686764,0,0.03649376705288887
sdxl_turbo,1505686764,1,0.2778647243976593
sdxl_turbo,4770745669,0,0.0541987270116806
sdxl_turbo,4770745669,1,0.05184547230601311
sdxl_turbo,2752084369,0,0.037326883524656296
sdxl_turbo,2752084369,1,0.33090347051620483
sdxl_turbo,3466635681,0,0.15765489637851715
sdxl_turbo,3466635681,1,0.10706345736980438
sdxl_turbo,4152957260,0,0.18952108919620514
sdxl_turbo,4152957260,1,0.07696083933115005
sdxl_turbo,4977528001,0,0.04778006672859192
sdxl_turbo,4977528001,1,0.244723841547966
sdxl_turbo,2167644298,0,0.04672496020793915
sdxl_turbo,2167644298,1,0.2018132209777832
sdxl_turbo,6191516871,0,0.0443485826253891
sdxl_turbo,6191516871,1,0.16238002479076385
sdxl_turbo,4569102627,0,0.0384661927819252
sdxl_turbo,4569102627,1,0.7045668363571167
sdxl_turbo,72010346,0,0.0120537793263793
sdxl_turbo,72010346,1,0.8976953029632568
sdxl_turbo,4444686770,0,0.07107366621494293
sdxl_turbo,4444686770,1,0.6645402908325195
sdxl_turbo,3302986588,0,0.05223085358738899
sdxl_turbo,3302986588,1,0.21967211365699768
sdxl_turbo,4915658588,0,0.04535257816314697
sdxl_turbo,4915658588,1,0.09334687888622284
sdxl_turbo,5988551357,0,0.02843603491783142
sdxl_turbo,5988551357,1,0.07004895806312561
sdxl_turbo,230486268,0,0.04885777831077576
sdxl_turbo,230486268,1,0.09947021305561066
sdxl_turbo,3050606344,0,0.04742587357759476
sdxl_turbo,3050606344,1,0.19253936409950256
sdxl_turbo,3449846784,0,0.2075357437133789
sdxl_turbo,3449846784,1,0.05623634159564972
sdxl_turbo,4570151256,0,0.0753123089671135
sdxl_turbo,4570151256,1,0.08035746961832047
sdxl_turbo,3043510721,0,0.02615562081336975
sdxl_turbo,3043510721,1,0.04958902671933174
sdxl_turbo,4895355979,0,0.08570927381515503
sdxl_turbo,4895355979,1,0.2546016275882721
sdxl_turbo,390369,0,0.05033063143491745
sdxl_turbo,390369,1,0.15765489637851715
sdxl_turbo,3390808408,0,0.05146276578307152
sdxl_turbo,3390808408,1,0.053009770810604095
sdxl_turbo,3523559027,0,0.06371499598026276
sdxl_turbo,3523559027,1,0.057918086647987366
sdxl_turbo,2980901328,0,0.048496004194021225
sdxl_turbo,2980901328,1,0.048496004194021225
sdxl_turbo,582788646,0,0.05184547230601311
sdxl_turbo,582788646,1,0.06008664518594742
sdxl_turbo,4490635744,0,0.027169233188033104
sdxl_turbo,4490635744,1,0.07864238321781158
sdxl_turbo,3636936656,0,0.12984342873096466
sdxl_turbo,3636936656,1,0.2030746340751648
sdxl_turbo,6186146093,0,0.05184547230601311
sdxl_turbo,6186146093,1,0.09203286468982697
sdxl_turbo,345284642,0,0.04084571823477745
sdxl_turbo,345284642,1,0.5520567893981934
sdxl_turbo,3620764461,0,0.03875619173049927
sdxl_turbo,3620764461,1,0.1629120409488678
sdxl_turbo,141841337,0,0.014728613197803497
sdxl_turbo,141841337,1,0.1540575623512268
sdxl_turbo,4712411908,0,0.049958523362874985
sdxl_turbo,4712411908,1,0.06608537584543228
sdxl_turbo,4803926618,0,0.04603390023112297
sdxl_turbo,4803926618,1,0.6446726322174072
sdxl_turbo,1625306051,0,0.0443485826253891
sdxl_turbo,1625306051,1,0.18184365332126617
sdxl_turbo,2515822745,0,0.04054073989391327
sdxl_turbo,2515822745,1,0.05877656117081642
sdxl_turbo,4328538175,0,0.029535336419939995
sdxl_turbo,4328538175,1,0.44987595081329346
sdxl_turbo,2202059975,0,0.04023794084787369
sdxl_turbo,2202059975,1,0.06187598407268524
sdxl_turbo,4316585644,0,0.048496004194021225
sdxl_turbo,4316585644,1,0.19682620465755463
sdxl_turbo,499165634,0,0.05541279539465904
sdxl_turbo,499165634,1,0.8134608268737793
sdxl_turbo,4734146340,0,0.024053553119301796
sdxl_turbo,4734146340,1,0.9278878569602966
sdxl_turbo,1160441615,0,0.05223085358738899
sdxl_turbo,1160441615,1,0.07211220264434814
sdxl_turbo,6958079140,0,0.04054073989391327
sdxl_turbo,6958079140,1,0.07211220264434814
sdxl_turbo,3562606482,0,0.02280263602733612
sdxl_turbo,3562606482,1,0.09773432463407516
sdxl_turbo,23016347,0,0.027585284784436226
sdxl_turbo,23016347,1,0.425724595785141
sdxl_turbo,6194677011,0,0.05033063143491745
sdxl_turbo,6194677011,1,0.07978201657533646
sdxl_turbo,6774537791,0,0.02843603491783142
sdxl_turbo,6774537791,1,0.06418264657258987
sdxl_turbo,2577972703,0,0.04146227240562439
sdxl_turbo,2577972703,1,0.38803809881210327
sdxl_turbo,3221036999,0,0.05623634159564972
sdxl_turbo,3221036999,1,0.08945459872484207
sdxl_turbo,2797188545,0,0.04535257816314697
sdxl_turbo,2797188545,1,0.6462370157241821
sdxl_turbo,1181708011,0,0.03934250399470329
sdxl_turbo,1181708011,1,0.8803863525390625
sdxl_turbo,2978040423,0,0.06754669547080994
sdxl_turbo,2978040423,1,0.36342093348503113
sdxl_turbo,3249597269,0,0.04742587357759476
sdxl_turbo,3249597269,1,0.480265349149704
sdxl_turbo,1066831905,0,0.02178117260336876
sdxl_turbo,1066831905,1,0.05033063143491745
sdxl_turbo,2844202978,0,0.0378924235701561
sdxl_turbo,2844202978,1,0.11357959359884262
sdxl_turbo,2363540508,0,0.0384661927819252
sdxl_turbo,2363540508,1,0.6453434824943542
sdxl_turbo,3353400143,0,0.05749327689409256
sdxl_turbo,3353400143,1,0.11201596260070801
sdxl_turbo,3362592729,0,0.04177388176321983
sdxl_turbo,3362592729,1,0.0534033328294754
sdxl_turbo,91875542,0,0.03875619173049927
sdxl_turbo,91875542,1,0.08694165199995041
sdxl_turbo,2507831979,0,0.018264278769493103
sdxl_turbo,2507831979,1,0.27708160877227783
sdxl_turbo,2841909138,0,0.04177388176321983
sdxl_turbo,2841909138,1,0.5771378874778748
sdxl_turbo,462383841,0,0.05582313984632492
sdxl_turbo,462383841,1,0.16132023930549622
sdxl_turbo,4448279884,0,0.05108273774385452
sdxl_turbo,4448279884,1,0.28656840324401855
sdxl_turbo,3081330705,0,0.0443485826253891
sdxl_turbo,3081330705,1,0.053009770810604095
sdxl_turbo,4900761380,0,0.05184547230601311
sdxl_turbo,4900761380,1,0.05582313984632492
sdxl_turbo,5925539370,0,0.04603390023112297
sdxl_turbo,5925539370,1,0.10230470448732376
sdxl_turbo,1288909046,0,0.03760863468050957
sdxl_turbo,1288909046,1,0.11124120652675629
sdxl_turbo,437549483,0,0.1650540828704834
sdxl_turbo,437549483,1,0.8019358515739441
sdxl_turbo,520913429,0,0.04603390023112297
sdxl_turbo,520913429,1,0.06560482829809189
sdxl_turbo,3732728142,0,0.07696083933115005
sdxl_turbo,3732728142,1,0.26971012353897095
sdxl_turbo,1235455146,0,0.0446808747947216
sdxl_turbo,1235455146,1,0.7213507294654846
sdxl_turbo,3186527735,0,0.031143832951784134
sdxl_turbo,3186527735,1,0.1127953976392746
sdxl_turbo,3567604049,0,0.09670579433441162
sdxl_turbo,3567604049,1,0.22884513437747955
sdxl_turbo,78058719,0,0.01578456163406372
sdxl_turbo,78058719,1,0.08945459872484207
sdxl_turbo,1235099089,0,0.05223085358738899
sdxl_turbo,1235099089,1,0.8656789064407349
sdxl_turbo,4584266249,0,0.07159119844436646
sdxl_turbo,4584266249,1,0.11636176705360413
sdxl_turbo,4751932433,0,0.04401865229010582
sdxl_turbo,4751932433,1,0.09367799758911133
sdxl_turbo,3529333786,0,0.03963884338736534
sdxl_turbo,3529333786,1,0.09301680326461792
sdxl_turbo,3640329164,0,0.057918086647987366
sdxl_turbo,3640329164,1,0.2030746340751648
sdxl_turbo,2396746868,0,0.2465333491563797
sdxl_turbo,2396746868,1,0.6566582322120667
sdxl_turbo,411008311,0,0.04054073989391327
sdxl_turbo,411008311,1,0.8469578623771667
sdxl_turbo,2800990525,0,0.04707418009638786
sdxl_turbo,2800990525,1,0.2206781655550003
sdxl_turbo,3522495606,0,0.03210070729255676
sdxl_turbo,3522495606,1,0.601593554019928
sdxl_turbo,4803984649,0,0.0443485826253891
sdxl_turbo,4803984649,1,0.04569203406572342
sdxl_turbo,3376741717,0,0.03934250399470329
sdxl_turbo,3376741717,1,0.0446808747947216
sdxl_turbo,3246724744,0,0.06512755155563354
sdxl_turbo,3246724744,1,0.11124120652675629
sdxl_turbo,3243866702,0,0.05184547230601311
sdxl_turbo,3243866702,1,0.8895288705825806
sdxl_turbo,2903617548,0,0.03622005879878998
sdxl_turbo,2903617548,1,0.0534033328294754
sdxl_turbo,7711598144,0,0.048496004194021225
sdxl_turbo,7711598144,1,0.19072401523590088
sdxl_turbo,2305437797,0,0.04535257816314697
sdxl_turbo,2305437797,1,0.21337716281414032
sdxl_turbo,91251257,0,0.026556573808193207
sdxl_turbo,91251257,1,0.8766343593597412
sdxl_turbo,514165525,0,0.04778006672859192
sdxl_turbo,514165525,1,0.2759094536304474
sdxl_turbo,3708748633,0,0.021125193685293198
sdxl_turbo,3708748633,1,0.2011847198009491
sdxl_turbo,6315352509,0,0.05623634159564972
sdxl_turbo,6315352509,1,0.36817848682403564
sdxl_turbo,3728015645,0,0.859663724899292
sdxl_turbo,3728015645,1,0.7512834072113037
sdxl_turbo,1378557186,0,0.04146227240562439
sdxl_turbo,1378557186,1,0.8955226540565491
sdxl_turbo,4719086173,0,0.06052938848733902
sdxl_turbo,4719086173,1,0.3411433696746826
sdxl_turbo,4893369019,0,0.04501553252339363
sdxl_turbo,4893369019,1,0.917302668094635
sdxl_turbo,65845718,0,0.11357959359884262
sdxl_turbo,65845718,1,0.08151975274085999
sdxl_turbo,2537819002,0,0.0427221953868866
sdxl_turbo,2537819002,1,0.09138210862874985
sdxl_turbo,1112334131,0,0.022457055747509003
sdxl_turbo,1112334131,1,0.07864238321781158
sdxl_turbo,697582336,0,0.04177388176321983
sdxl_turbo,697582336,1,0.2114168256521225
sdxl_turbo,2602279427,0,0.03358950465917587
sdxl_turbo,2602279427,1,0.9284088015556335
sdxl_turbo,4365035558,0,0.2613309323787689
sdxl_turbo,4365035558,1,0.8563323616981506
sdxl_turbo,524360969,0,0.043042849749326706
sdxl_turbo,524360969,1,0.9219217896461487
sdxl_turbo,4944644486,0,0.14033624529838562
sdxl_turbo,4944644486,1,0.14953137934207916
sdxl_turbo,4320494335,0,0.02779562398791313
sdxl_turbo,4320494335,1,0.04707418009638786
sdxl_turbo,2596474836,0,0.04146227240562439
sdxl_turbo,2596474836,1,0.10743747651576996
sdxl_turbo,8173029395,0,0.048136770725250244
sdxl_turbo,8173029395,1,0.24436300992965698
sdxl_turbo,2691641332,0,0.043042849749326706
sdxl_turbo,2691641332,1,0.08093671500682831
sdxl_turbo,6987411804,0,0.034358687698841095
sdxl_turbo,6987411804,1,0.05877656117081642
sdxl_turbo,2637510448,0,0.043691057711839676
sdxl_turbo,2637510448,1,0.08632348477840424
sdxl_turbo,2871691966,0,0.04922211915254593
sdxl_turbo,2871691966,1,0.21667379140853882
sdxl_turbo,3194034449,0,0.04885777831077576
sdxl_turbo,3194034449,1,0.09009299427270889
sdxl_turbo,512309690,0,0.021287351846694946
sdxl_turbo,512309690,1,0.1037486270070076
sdxl_turbo,1606988704,0,0.09009299427270889
sdxl_turbo,1606988704,1,0.24364244937896729
sdxl_turbo,2278490028,0,0.03934250399470329
sdxl_turbo,2278490028,1,0.07640768587589264
sdxl_turbo,84509831,0,0.03258974477648735
sdxl_turbo,84509831,1,0.9477691650390625
sdxl_turbo,3562816250,0,0.06608537584543228
sdxl_turbo,3562816250,1,0.06233103945851326
sdxl_turbo,2834752476,0,0.13072869181632996
sdxl_turbo,2834752476,1,0.7386690378189087
sdxl_turbo,687513087,0,0.07585817575454712
sdxl_turbo,687513087,1,0.7446563243865967
sdxl_turbo,3724946689,0,0.11357959359884262
sdxl_turbo,3724946689,1,0.11436852067708969
sdxl_turbo,5009687058,0,0.03875619173049927
sdxl_turbo,5009687058,1,0.08151975274085999
sdxl_turbo,7173939318,0,0.028007520362734795
sdxl_turbo,7173939318,1,0.9437636137008667
sdxl_turbo,3307563498,0,0.04707418009638786
sdxl_turbo,3307563498,1,0.5454067587852478
sdxl_turbo,3316725440,0,0.052618954330682755
sdxl_turbo,3316725440,1,0.17217186093330383
sdxl_turbo,2671602981,0,0.06903792917728424
sdxl_turbo,2671602981,1,0.19620943069458008
sdxl_turbo,6728801573,0,0.05223085358738899
sdxl_turbo,6728801573,1,0.77390056848526
sdxl_turbo,378336163,0,0.3727335035800934
sdxl_turbo,378336163,1,0.8895288705825806
sdxl_turbo,319870744,0,0.04501553252339363
sdxl_turbo,319870744,1,0.07751765847206116
sdxl_turbo,299303069,0,0.042087726294994354
sdxl_turbo,299303069,1,0.053799644112586975
sdxl_turbo,479545053,0,0.04177388176321983
sdxl_turbo,479545053,1,0.21700549125671387
sdxl_turbo,2504056718,0,0.03622005879878998
sdxl_turbo,2504056718,1,0.12294380366802216
sdxl_turbo,141203926,0,0.05184547230601311
sdxl_turbo,141203926,1,0.2575782835483551
sdxl_turbo,415604639,0,0.0378924235701561
sdxl_turbo,415604639,1,0.41111084818840027
sdxl_turbo,421153376,0,0.04958902671933174
sdxl_turbo,421153376,1,0.8423450589179993
sdxl_turbo,745880539,0,0.07107366621494293
sdxl_turbo,745880539,1,0.34224170446395874
sdxl_turbo,3231749680,0,0.02822098508477211
sdxl_turbo,3231749680,1,0.05707140266895294
sdxl_turbo,2666234771,0,0.05623634159564972
sdxl_turbo,2666234771,1,0.06954174488782883
sdxl_turbo,3079917032,0,0.03676946461200714
sdxl_turbo,3079917032,1,0.48197194933891296
sdxl_turbo,3773323977,0,0.034618839621543884
sdxl_turbo,3773323977,1,0.06705628335475922
sdxl_turbo,4971580248,0,0.03963884338736534
sdxl_turbo,4971580248,1,0.07211220264434814
sdxl_turbo,6680789117,0,0.0541987270116806
sdxl_turbo,6680789117,1,0.06903792917728424
sdxl_turbo,208025491,0,0.0446808747947216
sdxl_turbo,208025491,1,0.14175599813461304
sdxl_turbo,4912808658,0,0.03649376705288887
sdxl_turbo,4912808658,1,0.03541072458028793
sdxl_turbo,3504379205,0,0.043365802615880966
sdxl_turbo,3504379205,1,0.1766716092824936
sdxl_turbo,172097783,0,0.04707418009638786
sdxl_turbo,172097783,1,0.0844927579164505
sdxl_turbo,3355683198,0,0.39140594005584717
sdxl_turbo,3355683198,1,0.09203286468982697
sdxl_turbo,2909982588,0,0.04535257816314697
sdxl_turbo,2909982588,1,0.19072401523590088
sdxl_turbo,1406296515,0,0.9339146018028259
sdxl_turbo,1406296515,1,0.8895288705825806
sdxl_turbo,3163281186,0,0.4367421269416809
sdxl_turbo,3163281186,1,0.9019206762313843
sdxl_turbo,444051472,0,0.05749327689409256
sdxl_turbo,444051472,1,0.0753123089671135
sdxl_turbo,4523218758,0,0.026556573808193207
sdxl_turbo,4523218758,1,0.05460060387849808
sdxl_turbo,3368569524,0,0.032344330102205276
sdxl_turbo,3368569524,1,0.10017222166061401
sdxl_turbo,2391509645,0,0.06954174488782883
sdxl_turbo,2391509645,1,0.8031737804412842
sdxl_turbo,3041642723,0,0.03308597952127457
sdxl_turbo,3041642723,1,0.07423136383295059
sdxl_turbo,3469609037,0,0.05070536211133003
sdxl_turbo,3469609037,1,0.048136770725250244
sdxl_turbo,1157215900,0,0.030444350093603134
sdxl_turbo,1157215900,1,0.28101083636283875
sdxl_turbo,536537638,0,0.024798160418868065
sdxl_turbo,536537638,1,0.08269733935594559
sdxl_turbo,69830857,0,0.023330768570303917
sdxl_turbo,69830857,1,0.3849121630191803
sdxl_turbo,4594224630,0,0.04177388176321983
sdxl_turbo,4594224630,1,0.15974101424217224
sdxl_turbo,4560100704,0,0.0443485826253891
sdxl_turbo,4560100704,1,0.06903792917728424
sdxl_turbo,4948403203,0,0.14511536061763763
sdxl_turbo,4948403203,1,0.22644132375717163
sdxl_turbo,2441313372,0,0.03875619173049927
sdxl_turbo,2441313372,1,0.06754669547080994
sdxl_turbo,3325960085,0,0.03875619173049927
sdxl_turbo,3325960085,1,0.06608537584543228
sdxl_turbo,2317271,0,0.048496004194021225
sdxl_turbo,2317271,1,0.8000679016113281
sdxl_turbo,3640348910,0,0.05460060387849808
sdxl_turbo,3640348910,1,0.8940516710281372
sdxl_turbo,536495604,0,0.03993731737136841
sdxl_turbo,536495604,1,0.04177388176321983
sdxl_turbo,122301379,0,0.03567855432629585
sdxl_turbo,122301379,1,0.09947021305561066
sdxl_turbo,1011572216,0,0.04401865229010582
sdxl_turbo,1011572216,1,0.0960254967212677
sdxl_turbo,1580159719,0,0.017309095710515976
sdxl_turbo,1580159719,1,0.06187598407268524
sdxl_turbo,4451504790,0,0.029760094359517097
sdxl_turbo,4451504790,1,0.11636176705360413
sdxl_turbo,3809063851,0,0.022457055747509003
sdxl_turbo,3809063851,1,0.0832919329404831
sdxl_turbo,3667781063,0,0.017442483454942703
sdxl_turbo,3667781063,1,0.06853749603033066
sdxl_turbo,4751250311,0,0.05070536211133003
sdxl_turbo,4751250311,1,0.15456733107566833
sdxl_turbo,3311724634,0,0.04603390023112297
sdxl_turbo,3311724634,1,0.08570927381515503
sdxl_turbo,4494075018,0,0.05070536211133003
sdxl_turbo,4494075018,1,0.8940516710281372
sdxl_turbo,3259229498,0,0.053799644112586975
sdxl_turbo,3259229498,1,0.12294380366802216
sdxl_turbo,2993049054,0,0.030908960849046707
sdxl_turbo,2993049054,1,0.09138210862874985
sdxl_turbo,2629784415,0,0.48249006271362305
sdxl_turbo,2629784415,1,0.053009770810604095
sdxl_turbo,2731298834,0,0.049958523362874985
sdxl_turbo,2731298834,1,0.4948732256889343
sdxl_turbo,4118638516,0,0.0443485826253891
sdxl_turbo,4118638516,1,0.06512755155563354
sdxl_turbo,3827176890,0,0.06705628335475922
sdxl_turbo,3827176890,1,0.6329566240310669
sdxl_turbo,4180952377,0,0.032344330102205276
sdxl_turbo,4180952377,1,0.8449215292930603
sdxl_turbo,5614715384,0,0.053009770810604095
sdxl_turbo,5614715384,1,0.1766716092824936
sdxl_turbo,2147866213,0,0.05070536211133003
sdxl_turbo,2147866213,1,0.06142403930425644
sdxl_turbo,4825488431,0,0.05582313984632492
sdxl_turbo,4825488431,1,0.1859472095966339
sdxl_turbo,4857776520,0,0.029535336419939995
sdxl_turbo,4857776520,1,0.6951311230659485
sdxl_turbo,4920617810,0,0.0427221953868866
sdxl_turbo,4920617810,1,0.12463856488466263
sdxl_turbo,7129695767,0,0.06418264657258987
sdxl_turbo,7129695767,1,0.7004852294921875
sdxl_turbo,3399944164,0,0.3199707269668579
sdxl_turbo,3399944164,1,0.2587003707885742
sdxl_turbo,3726551176,0,0.04603390023112297
sdxl_turbo,3726551176,1,0.20497773587703705
sdxl_turbo,1196886054,0,0.04177388176321983
sdxl_turbo,1196886054,1,0.8895288705825806
sdxl_turbo,2579460386,0,0.042087726294994354
sdxl_turbo,2579460386,1,0.06804042309522629
sdxl_turbo,4899635195,0,0.048136770725250244
sdxl_turbo,4899635195,1,0.8407825827598572
sdxl_turbo,7430272380,0,0.0960254967212677
sdxl_turbo,7430272380,1,0.09401018917560577
sdxl_turbo,2265106886,0,0.04922211915254593
sdxl_turbo,2265106886,1,0.18952108919620514
sdxl_turbo,5513727638,0,0.0541987270116806
sdxl_turbo,5513727638,1,0.10087861120700836
sdxl_turbo,2682194299,0,0.04084571823477745
sdxl_turbo,2682194299,1,0.8333246111869812
sdxl_turbo,2837804631,0,0.03649376705288887
sdxl_turbo,2837804631,1,0.05877656117081642
sdxl_turbo,4480270643,0,0.043691057711839676
sdxl_turbo,4480270643,1,0.03934250399470329
sdxl_turbo,6156276992,0,0.04501553252339363
sdxl_turbo,6156276992,1,0.06187598407268524
sdxl_turbo,4555935886,0,0.05223085358738899
sdxl_turbo,4555935886,1,0.40239211916923523
sdxl_turbo,3609952704,0,0.02822098508477211
sdxl_turbo,3609952704,1,0.34488460421562195
sdxl_turbo,263494261,0,0.037326883524656296
sdxl_turbo,263494261,1,0.05707140266895294
sdxl_turbo,3451290730,0,0.03934250399470329
sdxl_turbo,3451290730,1,0.06325051933526993
sdxl_turbo,549520317,0,0.08509904146194458
sdxl_turbo,549520317,1,0.12896330654621124
sdxl_turbo,4514987995,0,0.04535257816314697
sdxl_turbo,4514987995,1,0.9304582476615906
sdxl_turbo,7252718418,0,0.05108273774385452
sdxl_turbo,7252718418,1,0.10158944129943848
sdxl_turbo,288025239,0,0.0534033328294754
sdxl_turbo,288025239,1,0.5003662109375
sdxl_turbo,76466808,0,0.0838903859257698
sdxl_turbo,76466808,1,0.13568954169750214
sdxl_turbo,2900905937,0,0.026556573808193207
sdxl_turbo,2900905937,1,0.11676400899887085
sdxl_turbo,2313551145,0,0.048136770725250244
sdxl_turbo,2313551145,1,0.0960254967212677
sdxl_turbo,524036004,0,0.10781264305114746
sdxl_turbo,524036004,1,0.07263670116662979
sdxl_turbo,3772446893,0,0.04146227240562439
sdxl_turbo,3772446893,1,0.3235938251018524
sdxl_turbo,3094629328,0,0.034618839621543884
sdxl_turbo,3094629328,1,0.06371499598026276
sdxl_turbo,3139160252,0,0.053009770810604095
sdxl_turbo,3139160252,1,0.10230470448732376
sdxl_turbo,118854260,0,0.07004895806312561
sdxl_turbo,118854260,1,0.35220178961753845
sdxl_turbo,2448393373,0,0.042087726294994354
sdxl_turbo,2448393373,1,0.06656918674707413
sdxl_turbo,4222067827,0,0.0534033328294754
sdxl_turbo,4222067827,1,0.9178933501243591
sdxl_turbo,449352117,0,0.04240383207798004
sdxl_turbo,449352117,1,0.09807932376861572
sdxl_turbo,2735558076,0,0.028652669861912727
sdxl_turbo,2735558076,1,0.08509904146194458
sdxl_turbo,4858175898,0,0.03993731737136841
sdxl_turbo,4858175898,1,0.16026602685451508
sdxl_turbo,4442319130,0,0.0378924235701561
sdxl_turbo,4442319130,1,0.08509904146194458
sdxl_turbo,2954929479,0,0.04401865229010582
sdxl_turbo,2954929479,1,0.43572142720222473
sdxl_turbo,16158623,0,0.0384661927819252
sdxl_turbo,16158623,1,0.06560482829809189
sdxl_turbo,5501340599,0,0.04707418009638786
sdxl_turbo,5501340599,1,0.10669060051441193
sdxl_turbo,1015118661,0,0.028007520362734795
sdxl_turbo,1015118661,1,0.055005282163619995
z_image_turbo,1016887272,0,0.05033063143491745
z_image_turbo,1016887272,1,0.1772405207157135
z_image_turbo,7162685234,0,0.7745833992958069
z_image_turbo,7162685234,1,0.8864204287528992
z_image_turbo,3000017878,0,0.05834583565592766
z_image_turbo,3000017878,1,0.12210386246442795
z_image_turbo,4971484184,0,0.05921025201678276
z_image_turbo,4971484184,1,0.16238002479076385
z_image_turbo,92679312,0,0.07864238321781158
z_image_turbo,92679312,1,0.8311430811882019
z_image_turbo,2853682342,0,0.0534033328294754
z_image_turbo,2853682342,1,0.1755380630493164
z_image_turbo,5131842202,0,0.049958523362874985
z_image_turbo,5131842202,1,0.8397339582443237
z_image_turbo,4859170265,0,0.05146276578307152
z_image_turbo,4859170265,1,0.22575780749320984
z_image_turbo,2612125121,0,0.02822098508477211
z_image_turbo,2612125121,1,0.15662017464637756
z_image_turbo,3134644844,0,0.03384403511881828
z_image_turbo,3134644844,1,0.20817893743515015
z_image_turbo,316298162,0,0.027585284784436226
z_image_turbo,316298162,1,0.08632348477840424
z_image_turbo,3601843201,0,0.0534033328294754
z_image_turbo,3601843201,1,0.26473838090896606
z_image_turbo,5086989679,0,0.12252321094274521
z_image_turbo,5086989679,1,0.16184942424297333
z_image_turbo,1246863003,0,0.02843603491783142
z_image_turbo,1246863003,1,0.21272224187850952
z_image_turbo,2193001254,0,0.200557678937912
z_image_turbo,2193001254,1,0.6417592167854309
z_image_turbo,4283472819,0,0.04401865229010582
z_image_turbo,4283472819,1,0.41253015398979187
z_image_turbo,1117972841,0,0.14706452190876007
z_image_turbo,1117972841,1,0.8092759251594543
z_image_turbo,48614561,0,0.05108273774385452
z_image_turbo,48614561,1,0.3966522812843323
z_image_turbo,6232601127,0,0.025371313095092773
z_image_turbo,6232601127,1,0.41786524653434753
z_image_turbo,4439654945,0,0.03963884338736534
z_image_turbo,4439654945,1,0.9588471055030823
z_image_turbo,269898428,0,0.023330768570303917
z_image_turbo,269898428,1,0.879974365234375
z_image_turbo,2113592981,0,0.04146227240562439
z_image_turbo,2113592981,1,0.06371499598026276
z_image_turbo,1542970158,0,0.020645931363105774
z_image_turbo,1542970158,1,0.09073548763990402
z_image_turbo,4743795506,0,0.03488088771700859
z_image_turbo,4743795506,1,0.3036285638809204
z_image_turbo,1313961775,0,0.052618954330682755
z_image_turbo,1313961775,1,0.08509904146194458
z_image_turbo,4005756399,0,0.027376487851142883
z_image_turbo,4005756399,1,0.12378869205713272
z_image_turbo,4844409798,0,0.048496004194021225
z_image_turbo,4844409798,1,0.780662477016449
z_image_turbo,4970590451,0,0.048136770725250244
z_image_turbo,4970590451,1,0.6104534864425659
z_image_turbo,2536995789,0,0.01640303246676922
z_image_turbo,2536995789,1,0.04922211915254593
z_image_turbo,2230134548,0,0.03488088771700859
z_image_turbo,2230134548,1,0.24617071449756622
z_image_turbo,1295719054,0,0.04672496020793915
z_image_turbo,1295719054,1,0.16026602685451508
z_image_turbo,407815946,0,0.07159119844436646
z_image_turbo,407815946,1,0.24871662259101868
z_image_turbo,4726677489,0,0.046378206461668015
z_image_turbo,4726677489,1,0.09367799758911133
z_image_turbo,2431723485,0,0.05541279539465904
z_image_turbo,2431723485,1,0.500732421875
z_image_turbo,4686568156,0,0.030908960849046707
z_image_turbo,4686568156,1,0.2140335589647293
z_image_turbo,688926797,0,0.03308597952127457
z_image_turbo,688926797,1,0.802555501461029
z_image_turbo,3245460937,0,0.053009770810604095
z_image_turbo,3245460937,1,0.9213575720787048
z_image_turbo,4759710534,0,0.06325051933526993
z_image_turbo,4759710534,1,0.6976089477539062
z_image_turbo,6338704,0,0.013955710455775261
z_image_turbo,6338704,1,0.12421300262212753
z_image_turbo,2723024306,0,0.038178276270627975
z_image_turbo,2723024306,1,0.3718206584453583
z_image_turbo,23473996,0,0.027169233188033104
z_image_turbo,23473996,1,0.06853749603033066
z_image_turbo,2831215155,0,0.07159119844436646
z_image_turbo,2831215155,1,0.2590751051902771
z_image_turbo,4682929932,0,0.057918086647987366
z_image_turbo,4682929932,1,0.1949802190065384
z_image_turbo,2736263351,0,0.024053553119301796
z_image_turbo,2736263351,1,0.08694165199995041
z_image_turbo,4376363559,0,0.05665242671966553
z_image_turbo,4376363559,1,0.3645513355731964
z_image_turbo,4937441878,0,0.018124720081686974
z_image_turbo,4937441878,1,0.11920291930437088
z_image_turbo,6386880789,0,0.04707418009638786
z_image_turbo,6386880789,1,0.361390084028244
z_image_turbo,3698607223,0,0.05665242671966553
z_image_turbo,3698607223,1,0.16398024559020996
z_image_turbo,3134341610,0,0.06097518280148506
z_image_turbo,3134341610,1,0.1196136623620987
z_image_turbo,11551286,0,0.048136770725250244
z_image_turbo,11551286,1,0.8991213440895081
z_image_turbo,214166720,0,0.03704717382788658
z_image_turbo,214166720,1,0.7527403235435486
z_image_turbo,3179223972,0,0.0427221953868866
z_image_turbo,3179223972,1,0.36296921968460083
z_image_turbo,4540165999,0,0.04569203406572342
z_image_turbo,4540165999,1,0.6489114165306091
z_image_turbo,3217187564,0,0.04885777831077576
z_image_turbo,3217187564,1,0.2422056347131729
z_image_turbo,1097710887,0,0.05033063143491745
z_image_turbo,1097710887,1,0.8606036305427551
z_image_turbo,5138003138,0,0.0534033328294754
z_image_turbo,5138003138,1,0.5265558362007141
z_image_turbo,2743465453,0,0.03704717382788658
z_image_turbo,2743465453,1,0.9196425676345825
z_image_turbo,4650780114,0,0.03676946461200714
z_image_turbo,4650780114,1,0.26626187562942505
z_image_turbo,3518443604,0,0.03283695504069328
z_image_turbo,3518443604,1,0.13296423852443695
z_image_turbo,55438559,0,0.02931223064661026
z_image_turbo,55438559,1,0.523907482624054
z_image_turbo,3381788544,0,0.034100428223609924
z_image_turbo,3381788544,1,0.5501240491867065
z_image_turbo,3584603849,0,0.04958902671933174
z_image_turbo,3584603849,1,0.8116759657859802
z_image_turbo,2790909995,0,0.13117322325706482
z_image_turbo,2790909995,1,0.09739039838314056
z_image_turbo,777288299,0,0.053799644112586975
z_image_turbo,777288299,1,0.07211220264434814
z_image_turbo,16396205,0,0.028007520362734795
z_image_turbo,16396205,1,0.2609540820121765
z_image_turbo,3774986130,0,0.04922211915254593
z_image_turbo,3774986130,1,0.07055959850549698
z_image_turbo,4979293130,0,0.04115288704633713
z_image_turbo,4979293130,1,0.8824278712272644
z_image_turbo,553918837,0,0.04146227240562439
z_image_turbo,553918837,1,0.6796041131019592
z_image_turbo,4507048434,0,0.05184547230601311
z_image_turbo,4507048434,1,0.4303268790245056
z_image_turbo,2970183443,0,0.0427221953868866
z_image_turbo,2970183443,1,0.11797802150249481
z_image_turbo,2645724661,0,0.05070536211133003
z_image_turbo,2645724661,1,0.9046505093574524
z_image_turbo,4274214534,0,0.04084571823477745
z_image_turbo,4274214534,1,0.45305007696151733
z_image_turbo,322563288,0,0.04535257816314697
z_image_turbo,322563288,1,0.09073548763990402
z_image_turbo,144571886,0,0.05070536211133003
z_image_turbo,144571886,1,0.13296423852443695
z_image_turbo,405615014,0,0.030675798654556274
z_image_turbo,405615014,1,0.07864238321781158
z_image_turbo,4848645410,0,0.048136770725250244
z_image_turbo,4848645410,1,0.3363310396671295
z_image_turbo,4563177695,0,0.05582313984632492
z_image_turbo,4563177695,1,0.15817435085773468
z_image_turbo,86120682,0,0.0446808747947216
z_image_turbo,86120682,1,0.17328819632530212
z_image_turbo,4623878206,0,0.02161533385515213
z_image_turbo,4623878206,1,0.1561049073934555
z_image_turbo,392467282,0,0.053009770810604095
z_image_turbo,392467282,1,0.27708160877227783
z_image_turbo,3310851569,0,0.03308597952127457
z_image_turbo,3310851569,1,0.15869519114494324
z_image_turbo,3415178926,0,0.06512755155563354
z_image_turbo,3415178926,1,0.5929023027420044
z_image_turbo,5123000955,0,0.28378137946128845
z_image_turbo,5123000955,1,0.06903792917728424
z_image_turbo,2517489722,0,0.04885777831077576
z_image_turbo,2517489722,1,0.07107366621494293
z_image_turbo,410422753,0,0.04742587357759476
z_image_turbo,410422753,1,0.4466153681278229
z_image_turbo,4716376540,0,0.03514484688639641
z_image_turbo,4716376540,1,0.723700225353241
z_image_turbo,2229108152,0,0.038178276270627975
z_image_turbo,2229108152,1,0.7217432260513306
z_image_turbo,4558580445,0,0.04401865229010582
z_image_turbo,4558580445,1,0.07369627058506012
z_image_turbo,4964794183,0,0.04535257816314697
z_image_turbo,4964794183,1,0.19868534803390503
z_image_turbo,2705101739,0,0.0443485826253891
z_image_turbo,2705101739,1,0.3598138988018036
z_image_turbo,4692725862,0,0.08570927381515503
z_image_turbo,4692725862,1,0.08269733935594559
z_image_turbo,4752721674,0,0.04569203406572342
z_image_turbo,4752721674,1,0.13117322325706482
z_image_turbo,3516087269,0,0.049958523362874985
z_image_turbo,3516087269,1,0.13477592170238495
z_image_turbo,4465093007,0,0.028007520362734795
z_image_turbo,4465093007,1,0.12421300262212753
z_image_turbo,3019667009,0,0.02615562081336975
z_image_turbo,3019667009,1,0.10706345736980438
z_image_turbo,4565084634,0,0.03138043358922005
z_image_turbo,4565084634,1,0.1540575623512268
z_image_turbo,4550700462,0,0.04501553252339363
z_image_turbo,4550700462,1,0.7655933499336243
z_image_turbo,3365783912,0,0.034618839621543884
z_image_turbo,3365783912,1,0.09704755991697311
z_image_turbo,3501457496,0,0.04023794084787369
z_image_turbo,3501457496,1,0.12294380366802216
z_image_turbo,241109594,0,0.05033063143491745
z_image_turbo,241109594,1,0.07640768587589264
z_image_turbo,2123838998,0,0.05033063143491745
z_image_turbo,2123838998,1,0.11516223102807999
z_image_turbo,218225539,0,0.04054073989391327
z_image_turbo,218225539,1,0.09534946084022522
z_image_turbo,2608623292,0,0.2240554690361023
z_image_turbo,2608623292,1,0.1650540828704834
z_image_turbo,5662260935,0,0.05707140266895294
z_image_turbo,5662260935,1,0.7193835973739624
z_image_turbo,3396251819,0,0.05921025201678276
z_image_turbo,3396251819,1,0.869714617729187
z_image_turbo,7472814756,0,0.06656918674707413
z_image_turbo,7472814756,1,0.26549944281578064
z_image_turbo,227689211,0,0.03622005879878998
z_image_turbo,227689211,1,0.6544531583786011
z_image_turbo,2394003437,0,0.02909075655043125
z_image_turbo,2394003437,1,0.31341975927352905
z_image_turbo,4074473431,0,0.043365802615880966
z_image_turbo,4074473431,1,0.3036285638809204
z_image_turbo,370445133,0,0.0446808747947216
z_image_turbo,370445133,1,0.8255897164344788
z_image_turbo,5526795355,0,0.14463144540786743
z_image_turbo,5526795355,1,0.19253936409950256
z_image_turbo,2768972186,0,0.04958902671933174
z_image_turbo,2768972186,1,0.1525365114212036
z_image_turbo,16630920,0,0.05707140266895294
z_image_turbo,16630920,1,0.5533544421195984
z_image_turbo,3560081723,0,0.11476478725671768
z_image_turbo,3560081723,1,0.18653921782970428
z_image_turbo,2881378816,0,0.019870713353157043
z_image_turbo,2881378816,1,0.05749327689409256
z_image_turbo,4695471709,0,0.04603390023112297
z_image_turbo,4695471709,1,0.08632348477840424
z_image_turbo,551315867,0,0.06097518280148506
z_image_turbo,551315867,1,0.11008787900209427
z_image_turbo,2657844508,0,0.05146276578307152
z_image_turbo,2657844508,1,0.38029855489730835
z_image_turbo,39024981,0,0.01428193412721157
z_image_turbo,39024981,1,0.41483959555625916
z_image_turbo,3114944484,0,0.024423090741038322
z_image_turbo,3114944484,1,0.2677909731864929
z_image_turbo,4770473055,0,0.048496004194021225
z_image_turbo,4770473055,1,0.07864238321781158
z_image_turbo,4764087782,0,0.043042849749326706
z_image_turbo,4764087782,1,0.7367795705795288
z_image_turbo,6693881913,0,0.032344330102205276
z_image_turbo,6693881913,1,0.40756916999816895
z_image_turbo,7235990180,0,0.0541987270116806
z_image_turbo,7235990180,1,0.167763352394104
z_image_turbo,6084817815,0,0.048136770725250244
z_image_turbo,6084817815,1,0.43035683035850525
z_image_turbo,2229177914,0,0.053799644112586975
z_image_turbo,2229177914,1,0.11008787900209427
z_image_turbo,2113996953,0,0.024798160418868065
z_image_turbo,2113996953,1,0.05146276578307152
z_image_turbo,4878415659,0,0.06008664518594742
z_image_turbo,4878415659,1,0.09807932376861572
z_image_turbo,2313598755,0,0.020023440942168236
z_image_turbo,2313598755,1,0.18010665476322174
z_image_turbo,3169276423,0,0.049958523362874985
z_image_turbo,3169276423,1,0.4004562497138977
z_image_turbo,3805877081,0,0.06097518280148506
z_image_turbo,3805877081,1,0.2062537968158722
z_image_turbo,7784556300,0,0.08151975274085999
z_image_turbo,7784556300,1,0.1650540828704834
z_image_turbo,1303727066,0,0.05623634159564972
z_image_turbo,1303727066,1,0.9053223133087158
z_image_turbo,3247052319,0,0.07585817575454712
z_image_turbo,3247052319,1,0.9005298018455505
z_image_turbo,2949337912,0,0.0427221953868866
z_image_turbo,2949337912,1,0.169956237077713
z_image_turbo,2324581814,0,0.02460992895066738
z_image_turbo,2324581814,1,0.9469902515411377
z_image_turbo,7046014201,0,0.03649376705288887
z_image_turbo,7046014201,1,0.16344544291496277
z_image_turbo,4494095559,0,0.053799644112586975
z_image_turbo,4494095559,1,0.11516223102807999
z_image_turbo,3199895624,0,0.029986508190631866
z_image_turbo,3199895624,1,0.08509904146194458
z_image_turbo,3126753745,0,0.031143832951784134
z_image_turbo,3126753745,1,0.3411433696746826
z_image_turbo,269440642,0,0.0446808747947216
z_image_turbo,269440642,1,0.24798743426799774
z_image_turbo,3676788491,0,0.03649376705288887
z_image_turbo,3676788491,1,0.08570927381515503
z_image_turbo,5009047021,0,0.0541987270116806
z_image_turbo,5009047021,1,0.0844927579164505
z_image_turbo,3072074170,0,0.03993731737136841
z_image_turbo,3072074170,1,0.13117322325706482
z_image_turbo,2852982055,0,0.04501553252339363
z_image_turbo,2852982055,1,0.07864238321781158
z_image_turbo,460326010,0,0.0541987270116806
z_image_turbo,460326010,1,0.896251380443573
z_image_turbo,3090398639,0,0.09203286468982697
z_image_turbo,3090398639,1,0.4194101393222809
z_image_turbo,3707283973,0,0.05108273774385452
z_image_turbo,3707283973,1,0.16940587759017944
z_image_turbo,4090827772,0,0.0443485826253891
z_image_turbo,4090827772,1,0.9224823713302612
z_image_turbo,5194023863,0,0.04885777831077576
z_image_turbo,5194023863,1,0.07055959850549698
z_image_turbo,116409198,0,0.04569203406572342
z_image_turbo,116409198,1,0.16398024559020996
z_image_turbo,81125088,0,0.05541279539465904
z_image_turbo,81125088,1,0.5028076171875
z_image_turbo,3634400263,0,0.04569203406572342
z_image_turbo,3634400263,1,0.8812065720558167
z_image_turbo,4893545292,0,0.053009770810604095
z_image_turbo,4893545292,1,0.5745141506195068
z_image_turbo,5171155099,0,0.049958523362874985
z_image_turbo,5171155099,1,0.08756384998559952
z_image_turbo,2725441885,0,0.04501553252339363
z_image_turbo,2725441885,1,0.33437207341194153
z_image_turbo,5062422406,0,0.034618839621543884
z_image_turbo,5062422406,1,0.1650540828704834
z_image_turbo,4978901111,0,0.05665242671966553
z_image_turbo,4978901111,1,0.6976089477539062
z_image_turbo,2327240505,0,0.034618839621543884
z_image_turbo,2327240505,1,0.8757869601249695
z_image_turbo,280840823,0,0.02145073190331459
z_image_turbo,280840823,1,0.16451644897460938
z_image_turbo,491987177,0,0.05184547230601311
z_image_turbo,491987177,1,0.10706345736980438
z_image_turbo,2889113059,0,0.038178276270627975
z_image_turbo,2889113059,1,0.1550784707069397
z_image_turbo,519228867,0,0.1127953976392746
z_image_turbo,519228867,1,0.9202179908752441
z_image_turbo,4455065396,0,0.028870906680822372
z_image_turbo,4455065396,1,0.8104788661003113
z_image_turbo,2437392162,0,0.2267836183309555
z_image_turbo,2437392162,1,0.13477592170238495
z_image_turbo,7990849887,0,0.03384403511881828
z_image_turbo,7990849887,1,0.1540575623512268
z_image_turbo,4918525947,0,0.04958902671933174
z_image_turbo,4918525947,1,0.10706345736980438
z_image_turbo,2384401298,0,0.043042849749326706
z_image_turbo,2384401298,1,0.1710611879825592
z_image_turbo,451547131,0,0.030675798654556274
z_image_turbo,451547131,1,0.057918086647987366
z_image_turbo,2174648405,0,0.15152934193611145
z_image_turbo,2174648405,1,0.07423136383295059
z_image_turbo,6828750292,0,0.025565212592482567
z_image_turbo,6828750292,1,0.09947021305561066
z_image_turbo,101262930,0,0.04778006672859192
z_image_turbo,101262930,1,0.18653921782970428
z_image_turbo,3183330562,0,0.04115288704633713
z_image_turbo,3183330562,1,0.24256429076194763
z_image_turbo,4459033855,0,0.05460060387849808
z_image_turbo,4459033855,1,0.21535073220729828
z_image_turbo,3297272270,0,0.04922211915254593
z_image_turbo,3297272270,1,0.1949802190065384
z_image_turbo,146019208,0,0.04146227240562439
z_image_turbo,146019208,1,0.12463856488466263
z_image_turbo,4511879942,0,0.05460060387849808
z_image_turbo,4511879942,1,0.2330075204372406
z_image_turbo,3422458549,0,0.15052762627601624
z_image_turbo,3422458549,1,0.2845759987831116
z_image_turbo,2543589122,0,0.08093671500682831
z_image_turbo,2543589122,1,0.06560482829809189
z_image_turbo,44619131,0,0.04054073989391327
z_image_turbo,44619131,1,0.5123265981674194
z_image_turbo,20702864,0,0.052618954330682755
z_image_turbo,20702864,1,0.10706345736980438
z_image_turbo,2971478694,0,0.11716748028993607
z_image_turbo,2971478694,1,0.08882028609514236
z_image_turbo,5220880759,0,0.048136770725250244
z_image_turbo,5220880759,1,0.20882359147071838
z_image_turbo,2549946671,0,0.03567855432629585
z_image_turbo,2549946671,1,0.9289263486862183
z_image_turbo,5896386113,0,0.055005282163619995
z_image_turbo,5896386113,1,0.4364118278026581
z_image_turbo,4917931600,0,0.03760863468050957
z_image_turbo,4917931600,1,0.11476478725671768
z_image_turbo,160566014,0,0.043042849749326706
z_image_turbo,160566014,1,0.6813028454780579
z_image_turbo,2997939824,0,0.04535257816314697
z_image_turbo,2997939824,1,0.2230384349822998
z_image_turbo,2646540383,0,0.06560482829809189
z_image_turbo,2646540383,1,0.24077460169792175
z_image_turbo,3553056438,0,0.03704717382788658
z_image_turbo,3553056438,1,0.5341265201568604
z_image_turbo,7081584189,0,0.0832919329404831
z_image_turbo,7081584189,1,0.5248817801475525
z_image_turbo,707941195,0,0.13706977665424347
z_image_turbo,707941195,1,0.21800270676612854
z_image_turbo,3120921482,0,0.04742587357759476
z_image_turbo,3120921482,1,0.6872103214263916
z_image_turbo,4715269800,0,0.043691057711839676
z_image_turbo,4715269800,1,0.14953137934207916
z_image_turbo,484280924,0,0.04115288704633713
z_image_turbo,484280924,1,0.6417592167854309
z_image_turbo,1554713437,0,0.04707418009638786
z_image_turbo,1554713437,1,0.18952108919620514
z_image_turbo,4689487867,0,0.03963884338736534
z_image_turbo,4689487867,1,0.25312182307243347
z_image_turbo,313385842,0,0.05070536211133003
z_image_turbo,313385842,1,0.21667379140853882
z_image_turbo,74635420,0,0.0427221953868866
z_image_turbo,74635420,1,0.08819004893302917
z_image_turbo,2638177115,0,0.04778006672859192
z_image_turbo,2638177115,1,0.47268345952033997
z_image_turbo,3218861747,0,0.04023794084787369
z_image_turbo,3218861747,1,0.11201596260070801
z_image_turbo,2842439618,0,0.0446808747947216
z_image_turbo,2842439618,1,0.20497773587703705
z_image_turbo,4830307454,0,0.05707140266895294
z_image_turbo,4830307454,1,0.5969031453132629
z_image_turbo,837919879,0,0.039048291742801666
z_image_turbo,837919879,1,0.3486451506614685
z_image_turbo,503357436,0,0.048136770725250244
z_image_turbo,503357436,1,0.6210813522338867
z_image_turbo,4549641134,0,0.05223085358738899
z_image_turbo,4549641134,1,0.30445513129234314
z_image_turbo,4145119743,0,0.02460992895066738
z_image_turbo,4145119743,1,0.3178495764732361
z_image_turbo,455714074,0,0.02178117260336876
z_image_turbo,455714074,1,0.19436782598495483
z_image_turbo,6848277313,0,0.0541987270116806
z_image_turbo,6848277313,1,0.17328819632530212
z_image_turbo,1329832826,0,0.04501553252339363
z_image_turbo,1329832826,1,0.511228621006012
z_image_turbo,3667788497,0,0.07640768587589264
z_image_turbo,3667788497,1,0.15713685750961304
z_image_turbo,4851524954,0,0.048136770725250244
z_image_turbo,4851524954,1,0.0534033328294754
z_image_turbo,6066650935,0,0.12678517401218414
z_image_turbo,6066650935,1,0.641983687877655
z_image_turbo,289639811,0,0.019419347867369652
z_image_turbo,289639811,1,0.05834583565592766
z_image_turbo,4791485167,0,0.05146276578307152
z_image_turbo,4791485167,1,0.3690876066684723
z_image_turbo,3738685861,0,0.03514484688639641
z_image_turbo,3738685861,1,0.11047115176916122
z_image_turbo,1558753996,0,0.04401865229010582
z_image_turbo,1558753996,1,0.2267836183309555
z_image_turbo,4433634883,0,0.04054073989391327
z_image_turbo,4433634883,1,0.414958119392395
z_image_turbo,516360813,0,0.053799644112586975
z_image_turbo,516360813,1,0.07107366621494293
z_image_turbo,4486484038,0,0.06097518280148506
z_image_turbo,4486484038,1,0.1212688684463501
z_image_turbo,3508522093,0,0.03760863468050957
z_image_turbo,3508522093,1,0.07978201657533646
z_image_turbo,151215569,0,0.02080448903143406
z_image_turbo,151215569,1,0.0844927579164505
z_image_turbo,2618322793,0,0.08269733935594559
z_image_turbo,2618322793,1,0.23581159114837646
z_image_turbo,4817804359,0,0.025371313095092773
z_image_turbo,4817804359,1,0.22953520715236664
z_image_turbo,2747436384,0,0.0446808747947216
z_image_turbo,2747436384,1,0.10052487254142761
z_image_turbo,4812155149,0,0.048136770725250244
z_image_turbo,4812155149,1,0.0541987270116806
z_image_turbo,28041138,0,0.048496004194021225
z_image_turbo,28041138,1,0.2483518272638321
z_image_turbo,3307667255,0,0.6601723432540894
z_image_turbo,3307667255,1,0.10266400873661041
z_image_turbo,2536957963,0,0.034100428223609924
z_image_turbo,2536957963,1,0.13939638435840607
z_image_turbo,430964917,0,0.029986508190631866
z_image_turbo,430964917,1,0.1431877166032791
z_image_turbo,2279432034,0,0.043042849749326706
z_image_turbo,2279432034,1,0.16940587759017944
z_image_turbo,4614358086,0,0.03760863468050957
z_image_turbo,4614358086,1,0.12168575078248978
z_image_turbo,3515451715,0,0.05108273774385452
z_image_turbo,3515451715,1,0.6984323263168335
z_image_turbo,4975536758,0,0.053799644112586975
z_image_turbo,4975536758,1,0.917302668094635
z_image_turbo,3085590738,0,0.049958523362874985
z_image_turbo,3085590738,1,0.6701767444610596
z_image_turbo,7772052674,0,0.05146276578307152
z_image_turbo,7772052674,1,0.23970511555671692
z_image_turbo,6847401646,0,0.0541987270116806
z_image_turbo,6847401646,1,0.30074557662010193
z_image_turbo,3640870001,0,0.048496004194021225
z_image_turbo,3640870001,1,0.3225260078907013
z_image_turbo,2908493594,0,0.030908960849046707
z_image_turbo,2908493594,1,0.4455295503139496
z_image_turbo,45334151,0,0.043042849749326706
z_image_turbo,45334151,1,0.7057850360870361
z_image_turbo,135444196,0,0.0792103260755539
z_image_turbo,135444196,1,0.07369627058506012
z_image_turbo,3700322513,0,0.04778006672859192
z_image_turbo,3700322513,1,0.5700920224189758
z_image_turbo,7746984692,0,0.048136770725250244
z_image_turbo,7746984692,1,0.13660839200019836
z_image_turbo,3727740053,0,0.04401865229010582
z_image_turbo,3727740053,1,0.1196136623620987
z_image_turbo,6160193920,0,0.1212688684463501
z_image_turbo,6160193920,1,0.5582065582275391
z_image_turbo,1196746186,0,0.0844927579164505
z_image_turbo,1196746186,1,0.7534666657447815
z_image_turbo,2654943319,0,0.038178276270627975
z_image_turbo,2654943319,1,0.6909762620925903
z_image_turbo,3815318559,0,0.06853749603033066
z_image_turbo,3815318559,1,0.32745322585105896
z_image_turbo,4935046155,0,0.042087726294994354
z_image_turbo,4935046155,1,0.1250653862953186
z_image_turbo,2527411111,0,0.014392335899174213
z_image_turbo,2527411111,1,0.06656918674707413
z_image_turbo,428979011,0,0.030675798654556274
z_image_turbo,428979011,1,0.39326852560043335
z_image_turbo,2255266906,0,0.04240383207798004
z_image_turbo,2255266906,1,0.32917603850364685
z_image_turbo,3559693175,0,0.049958523362874985
z_image_turbo,3559693175,1,0.1772405207157135
z_image_turbo,3320411267,0,0.053009770810604095
z_image_turbo,3320411267,1,0.5772570967674255
z_image_turbo,3475111806,0,0.03384403511881828
z_image_turbo,3475111806,1,0.63680499792099
z_image_turbo,6952893010,0,0.07055959850549698
z_image_turbo,6952893010,1,0.9190633296966553
z_image_turbo,3595412126,0,0.043042849749326706
z_image_turbo,3595412126,1,0.3191213607788086
z_image_turbo,3599780784,0,0.05108273774385452
z_image_turbo,3599780784,1,0.24689634144306183
z_image_turbo,3024022266,0,0.07211220264434814
z_image_turbo,3024022266,1,0.04958902671933174
z_image_turbo,1444710198,0,0.049958523362874985
z_image_turbo,1444710198,1,0.8683809638023376
z_image_turbo,4936302238,0,0.08269733935594559
z_image_turbo,4936302238,1,0.34356194734573364
z_image_turbo,4287633714,0,0.04054073989391327
z_image_turbo,4287633714,1,0.23757591843605042
z_image_turbo,7616312438,0,0.03210070729255676
z_image_turbo,7616312438,1,0.12984342873096466
z_image_turbo,4480923732,0,0.08819004893302917
z_image_turbo,4480923732,1,0.1250653862953186
z_image_turbo,4890932738,0,0.05877656117081642
z_image_turbo,4890932738,1,0.2247353047132492
z_image_turbo,3996889070,0,0.06512755155563354
z_image_turbo,3996889070,1,0.09982065856456757
z_image_turbo,253924161,0,0.028652669861912727
z_image_turbo,253924161,1,0.5306621789932251
z_image_turbo,4838106858,0,0.0832919329404831
z_image_turbo,4838106858,1,0.2351084053516388
z_image_turbo,3329207492,0,0.049958523362874985
z_image_turbo,3329207492,1,0.749454140663147
z_image_turbo,2058124718,0,0.04569203406572342
z_image_turbo,2058124718,1,0.8745065331459045
z_image_turbo,2532047708,0,0.053799644112586975
z_image_turbo,2532047708,1,0.25091278553009033
z_image_turbo,4690278994,0,0.06608537584543228
z_image_turbo,4690278994,1,0.2802222669124603
z_image_turbo,1806580620,0,0.06465348601341248
z_image_turbo,1806580620,1,0.7325918078422546
z_image_turbo,358355700,0,0.034358687698841095
z_image_turbo,358355700,1,0.25945019721984863
z_image_turbo,3449114979,0,0.03934250399470329
z_image_turbo,3449114979,1,0.942081868648529
z_image_turbo,104285082,0,0.09138210862874985
z_image_turbo,104285082,1,0.1063188761472702
z_image_turbo,2763090857,0,0.05070536211133003
z_image_turbo,2763090857,1,0.6926419734954834
z_image_turbo,3168327945,0,0.03760863468050957
z_image_turbo,3168327945,1,0.9224823713302612
z_image_turbo,3455019076,0,0.04569203406572342
z_image_turbo,3455019076,1,0.6406359076499939
z_image_turbo,4676792744,0,0.04023794084787369
z_image_turbo,4676792744,1,0.2693256139755249
z_image_turbo,2589156742,0,0.030908960849046707
z_image_turbo,2589156742,1,0.26549944281578064
z_image_turbo,530170010,0,0.037326883524656296
z_image_turbo,530170010,1,0.23370634019374847
z_image_turbo,3373544964,0,0.03993731737136841
z_image_turbo,3373544964,1,0.8438951373100281
z_image_turbo,4821810079,0,0.0446808747947216
z_image_turbo,4821810079,1,0.29098084568977356
z_image_turbo,2293149170,0,0.03185885772109032
z_image_turbo,2293149170,1,0.21967211365699768
z_image_turbo,4368362518,0,0.09807932376861572
z_image_turbo,4368362518,1,0.07978201657533646
z_image_turbo,4925573161,0,0.04569203406572342
z_image_turbo,4925573161,1,0.6127732396125793
z_image_turbo,2834103050,0,0.0443485826253891
z_image_turbo,2834103050,1,0.13341520726680756
z_image_turbo,2923086298,0,0.05146276578307152
z_image_turbo,2923086298,1,0.6260098814964294
z_image_turbo,2468906010,0,0.05108273774385452
z_image_turbo,2468906010,1,0.14511536061763763
z_image_turbo,160541986,0,0.02822098508477211
z_image_turbo,160541986,1,0.5944335460662842
z_image_turbo,2404959574,0,0.03934250399470329
z_image_turbo,2404959574,1,0.896975576877594
z_image_turbo,3494151850,0,0.8844391107559204
z_image_turbo,3494151850,1,0.2762998342514038
z_image_turbo,2537002791,0,0.06325051933526993
z_image_turbo,2537002791,1,0.4448963701725006
z_image_turbo,3354474353,0,0.053009770810604095
z_image_turbo,3354474353,1,0.21866938471794128
z_image_turbo,517942470,0,0.031618766486644745
z_image_turbo,517942470,1,0.46721023321151733
z_image_turbo,3461041826,0,0.048496004194021225
z_image_turbo,3461041826,1,0.7718434929847717
z_image_turbo,2763601657,0,0.02779562398791313
z_image_turbo,2763601657,1,0.1540575623512268
z_image_turbo,6314475602,0,0.10158944129943848
z_image_turbo,6314475602,1,0.167763352394104
z_image_turbo,2249682069,0,0.0384661927819252
z_image_turbo,2249682069,1,0.9184802770614624
z_image_turbo,4694894610,0,0.037326883524656296
z_image_turbo,4694894610,1,0.1196136623620987
z_image_turbo,3771613841,0,0.042087726294994354
z_image_turbo,3771613841,1,0.06954174488782883
z_image_turbo,4791513183,0,0.05070536211133003
z_image_turbo,4791513183,1,0.25201570987701416
z_image_turbo,498404951,0,0.09842541813850403
z_image_turbo,498404951,1,0.04922211915254593
z_image_turbo,3799708677,0,0.22202469408512115
z_image_turbo,3799708677,1,0.2516477108001709
z_image_turbo,4973611817,0,0.025760561227798462
z_image_turbo,4973611817,1,0.406744122505188
z_image_turbo,3027397797,0,0.04115288704633713
z_image_turbo,3027397797,1,0.8895288705825806
z_image_turbo,3539960792,0,0.0333368219435215
z_image_turbo,3539960792,1,0.22815649211406708
z_image_turbo,1424775129,0,0.052618954330682755
z_image_turbo,1424775129,1,0.5712584257125854
z_image_turbo,3635194562,0,0.08882028609514236
z_image_turbo,3635194562,1,0.7013041377067566
z_image_turbo,8034139464,0,0.06512755155563354
z_image_turbo,8034139464,1,0.2454465627670288
z_image_turbo,2393971707,0,0.04922211915254593
z_image_turbo,2393971707,1,0.16451644897460938
z_image_turbo,2474776724,0,0.038178276270627975
z_image_turbo,2474776724,1,0.5626271367073059
z_image_turbo,2910885196,0,0.04922211915254593
z_image_turbo,2910885196,1,0.5616656541824341
z_image_turbo,5199439325,0,0.05623634159564972
z_image_turbo,5199439325,1,0.15662017464637756
z_image_turbo,2786245676,0,0.9284088015556335
z_image_turbo,2786245676,1,0.914290726184845
z_image_turbo,7610186624,0,0.0446808747947216
z_image_turbo,7610186624,1,0.09704755991697311
z_image_turbo,8038092309,0,0.029986508190631866
z_image_turbo,8038092309,1,0.5591697096824646
z_image_turbo,2123995873,0,0.030444350093603134
z_image_turbo,2123995873,1,0.05033063143491745
z_image_turbo,852427632,0,0.039048291742801666
z_image_turbo,852427632,1,0.1795305609703064
z_image_turbo,4885036157,0,0.046378206461668015
z_image_turbo,4885036157,1,0.18359363079071045
z_image_turbo,6632464405,0,0.05108273774385452
z_image_turbo,6632464405,1,0.08756384998559952
z_image_turbo,3522989916,0,0.038178276270627975
z_image_turbo,3522989916,1,0.09334687888622284
z_image_turbo,5901845159,0,0.04742587357759476
z_image_turbo,5901845159,1,0.1475551873445511
z_image_turbo,4326893429,0,0.05921025201678276
z_image_turbo,4326893429,1,0.5936092734336853
z_image_turbo,2584487952,0,0.0427221953868866
z_image_turbo,2584487952,1,0.2881683111190796
z_image_turbo,2335428699,0,0.0443485826253891
z_image_turbo,2335428699,1,0.13939638435840607
z_image_turbo,3416050480,0,0.896975576877594
z_image_turbo,3416050480,1,0.8558511734008789
z_image_turbo,3597715122,0,0.04603390023112297
z_image_turbo,3597715122,1,0.1561049073934555
z_image_turbo,128395402,0,0.08882028609514236
z_image_turbo,128395402,1,0.2557152211666107
z_image_turbo,2507182524,0,0.04742587357759476
z_image_turbo,2507182524,1,0.11516223102807999
z_image_turbo,2860432302,0,0.046378206461668015
z_image_turbo,2860432302,1,0.23757591843605042
z_image_turbo,3046312861,0,0.007460643537342548
z_image_turbo,3046312861,1,0.09009299427270889
z_image_turbo,5661511556,0,0.049958523362874985
z_image_turbo,5661511556,1,0.39350154995918274
z_image_turbo,3357416302,0,0.05033063143491745
z_image_turbo,3357416302,1,0.13341520726680756
z_image_turbo,6043589490,0,0.04535257816314697
z_image_turbo,6043589490,1,0.875361442565918
z_image_turbo,2822265828,0,0.03649376705288887
z_image_turbo,2822265828,1,0.23265865445137024
z_image_turbo,2254913901,0,0.08882028609514236
z_image_turbo,2254913901,1,0.06804042309522629
z_image_turbo,170405864,0,0.04240383207798004
z_image_turbo,170405864,1,0.07423136383295059
z_image_turbo,2256447557,0,0.05541279539465904
z_image_turbo,2256447557,1,0.07978201657533646
z_image_turbo,2422482455,0,0.0427221953868866
z_image_turbo,2422482455,1,0.15304216742515564
z_image_turbo,6870585516,0,0.048496004194021225
z_image_turbo,6870585516,1,0.1919327974319458
z_image_turbo,2219805467,0,0.6597340106964111
z_image_turbo,2219805467,1,0.8349459171295166
z_image_turbo,3456579559,0,0.05070536211133003
z_image_turbo,3456579559,1,0.40262696146965027
z_image_turbo,427936315,0,0.03138043358922005
z_image_turbo,427936315,1,0.2254166156053543
z_image_turbo,2741990005,0,0.12984342873096466
z_image_turbo,2741990005,1,0.8509646654129028
z_image_turbo,4704083135,0,0.04958902671933174
z_image_turbo,4704083135,1,0.8872045874595642
z_image_turbo,7738368186,0,0.06754669547080994
z_image_turbo,7738368186,1,0.6247515082359314
z_image_turbo,2922807898,0,0.06371499598026276
z_image_turbo,2922807898,1,0.19072401523590088
z_image_turbo,21514026,0,0.02080448903143406
z_image_turbo,21514026,1,0.2575782835483551
z_image_turbo,118939364,0,0.048496004194021225
z_image_turbo,118939364,1,0.9005298018455505
z_image_turbo,74759622,0,0.04885777831077576
z_image_turbo,74759622,1,0.83601975440979
z_image_turbo,4071750215,0,0.07055959850549698
z_image_turbo,4071750215,1,0.09807932376861572
z_image_turbo,3893510114,0,0.042087726294994354
z_image_turbo,3893510114,1,0.2677909731864929
z_image_turbo,3477315700,0,0.22135069966316223
z_image_turbo,3477315700,1,0.9213575720787048
z_image_turbo,4857558207,0,0.04958902671933174
z_image_turbo,4857558207,1,0.8629302382469177
z_image_turbo,137444466,0,0.01798621006309986
z_image_turbo,137444466,1,0.17895591259002686
z_image_turbo,3819214047,0,0.06142403930425644
z_image_turbo,3819214047,1,0.5350073575973511
z_image_turbo,5504963988,0,0.0541987270116806
z_image_turbo,5504963988,1,0.29665428400039673
z_image_turbo,470887785,0,0.02161533385515213
z_image_turbo,470887785,1,0.10818894952535629
z_image_turbo,4397606831,0,0.0541987270116806
z_image_turbo,4397606831,1,0.1766716092824936
z_image_turbo,3272847211,0,0.043365802615880966
z_image_turbo,3272847211,1,0.2751297354698181
z_image_turbo,3691394196,0,0.0384661927819252
z_image_turbo,3691394196,1,0.25423115491867065
z_image_turbo,62057380,0,0.0534033328294754
z_image_turbo,62057380,1,0.20561504364013672
z_image_turbo,191592626,0,0.053799644112586975
z_image_turbo,191592626,1,0.5178452134132385
z_image_turbo,3761067976,0,0.055005282163619995
z_image_turbo,3761067976,1,0.43344178795814514
z_image_turbo,3084472304,0,0.04501553252339363
z_image_turbo,3084472304,1,0.05582313984632492
z_image_turbo,4606522320,0,0.05749327689409256
z_image_turbo,4606522320,1,0.22746935486793518
z_image_turbo,4361156028,0,0.04885777831077576
z_image_turbo,4361156028,1,0.10087861120700836
z_image_turbo,2324963565,0,0.04535257816314697
z_image_turbo,2324963565,1,0.45674291253089905
z_image_turbo,1389264266,0,0.030908960849046707
z_image_turbo,1389264266,1,0.023689471185207367
z_image_turbo,129662899,0,0.027169233188033104
z_image_turbo,129662899,1,0.917302668094635
z_image_turbo,3326249355,0,0.04707418009638786
z_image_turbo,3326249355,1,0.8783142566680908
z_image_turbo,2176874361,0,0.0627892017364502
z_image_turbo,2176874361,1,0.22815649211406708
z_image_turbo,247189554,0,0.11716748028993607
z_image_turbo,247189554,1,0.9473810195922852
z_image_turbo,241347243,0,0.06233103945851326
z_image_turbo,241347243,1,0.41561025381088257
z_image_turbo,3347798761,0,0.5393471717834473
z_image_turbo,3347798761,1,0.2037075310945511
z_image_turbo,4974263771,0,0.03541072458028793
z_image_turbo,4974263771,1,0.08570927381515503
z_image_turbo,97138973,0,0.026355354115366936
z_image_turbo,97138973,1,0.09203286468982697
z_image_turbo,2281054343,0,0.02595735713839531
z_image_turbo,2281054343,1,0.15817435085773468
z_image_turbo,3063544435,0,0.06142403930425644
z_image_turbo,3063544435,1,0.5143240690231323
z_image_turbo,4631804601,0,0.04023794084787369
z_image_turbo,4631804601,1,0.2568320035934448
z_image_turbo,123101580,0,0.02498779445886612
z_image_turbo,123101580,1,0.05223085358738899
z_image_turbo,4775763666,0,0.014615669846534729
z_image_turbo,4775763666,1,0.43287235498428345
z_image_turbo,1012150929,0,0.04177388176321983
z_image_turbo,1012150929,1,0.40297931432724
z_image_turbo,4787867133,0,0.03384403511881828
z_image_turbo,4787867133,1,0.5895982384681702
z_image_turbo,2806632713,0,0.04778006672859192
z_image_turbo,2806632713,1,0.4785897731781006
z_image_turbo,287212060,0,0.01615283451974392
z_image_turbo,287212060,1,0.09739039838314056
z_image_turbo,2723785828,0,0.030908960849046707
z_image_turbo,2723785828,1,0.200557678937912
z_image_turbo,6869365418,0,0.04958902671933174
z_image_turbo,6869365418,1,0.1937568634748459
z_image_turbo,269361490,0,0.02909075655043125
z_image_turbo,269361490,1,0.07477004081010818
z_image_turbo,2701892321,0,0.02931223064661026
z_image_turbo,2701892321,1,0.11047115176916122
z_image_turbo,1330645772,0,0.034358687698841095
z_image_turbo,1330645772,1,0.2889702320098877
z_image_turbo,179778822,0,0.043365802615880966
z_image_turbo,179778822,1,0.06903792917728424
z_image_turbo,3955157194,0,0.055005282163619995
z_image_turbo,3955157194,1,0.07864238321781158
z_image_turbo,2540884723,0,0.030908960849046707
z_image_turbo,2540884723,1,0.7386690378189087
z_image_turbo,388837010,0,0.022116590291261673
z_image_turbo,388837010,1,0.5273165106773376
z_image_turbo,4852819911,0,0.0384661927819252
z_image_turbo,4852819911,1,0.06233103945851326
z_image_turbo,3256274183,0,0.04672496020793915
z_image_turbo,3256274183,1,0.3069423735141754
z_image_turbo,3549006919,0,0.055005282163619995
z_image_turbo,3549006919,1,0.15921740233898163
z_image_turbo,2527628435,0,0.04672496020793915
z_image_turbo,2527628435,1,0.08509904146194458
z_image_turbo,7003919692,0,0.06954174488782883
z_image_turbo,7003919692,1,0.2806163728237152
z_image_turbo,4967261262,0,0.05623634159564972
z_image_turbo,4967261262,1,0.19132769107818604
z_image_turbo,5196783191,0,0.05582313984632492
z_image_turbo,5196783191,1,0.1465752124786377
z_image_turbo,5428390334,0,0.05964694544672966
z_image_turbo,5428390334,1,0.9324532747268677
z_image_turbo,3595080592,0,0.04885777831077576
z_image_turbo,3595080592,1,0.2458084672689438
z_image_turbo,6218244928,0,0.05707140266895294
z_image_turbo,6218244928,1,0.7134315967559814
z_image_turbo,1260816604,0,0.0446808747947216
z_image_turbo,1260816604,1,0.1352320909500122
z_image_turbo,2501548593,0,0.11318691074848175
z_image_turbo,2501548593,1,0.318909227848053
z_image_turbo,3063054647,0,0.05184547230601311
z_image_turbo,3063054647,1,0.2140335589647293
z_image_turbo,4791975111,0,0.043691057711839676
z_image_turbo,4791975111,1,0.22101424634456635
z_image_turbo,1053116826,0,0.05146276578307152
z_image_turbo,1053116826,1,0.18126320838928223
z_image_turbo,6901412,0,0.03622005879878998
z_image_turbo,6901412,1,0.571647047996521
z_image_turbo,2700788458,0,0.03138043358922005
z_image_turbo,2700788458,1,0.5837966799736023
z_image_turbo,378453580,0,0.03875619173049927
z_image_turbo,378453580,1,0.17217186093330383
z_image_turbo,3944497603,0,0.017712296918034554
z_image_turbo,3944497603,1,0.5042723417282104
z_image_turbo,393043864,0,0.05223085358738899
z_image_turbo,393043864,1,0.28616926074028015
z_image_turbo,2511798599,0,0.031618766486644745
z_image_turbo,2511798599,1,0.048496004194021225
z_image_turbo,241345522,0,0.03283695504069328
z_image_turbo,241345522,1,0.18359363079071045
z_image_turbo,5623287052,0,0.09009299427270889
z_image_turbo,5623287052,1,0.8233283758163452
z_image_turbo,292198220,0,0.04672496020793915
z_image_turbo,292198220,1,0.3106943964958191
z_image_turbo,1483574454,0,0.04742587357759476
z_image_turbo,1483574454,1,0.4195290505886078
z_image_turbo,6206278823,0,0.21337716281414032
z_image_turbo,6206278823,1,0.16885696351528168
z_image_turbo,2782480767,0,0.05223085358738899
z_image_turbo,2782480767,1,0.0541987270116806
z_image_turbo,3701699584,0,0.04054073989391327
z_image_turbo,3701699584,1,0.2995148301124573
z_image_turbo,4772885285,0,0.04603390023112297
z_image_turbo,4772885285,1,0.17497345805168152
z_image_turbo,4443088094,0,0.0378924235701561
z_image_turbo,4443088094,1,0.1555909812450409
z_image_turbo,4672132178,0,0.043365802615880966
z_image_turbo,4672132178,1,0.21733751893043518
z_image_turbo,2597958208,0,0.0443485826253891
z_image_turbo,2597958208,1,0.7541915774345398
z_image_turbo,7249187716,0,0.04535257816314697
z_image_turbo,7249187716,1,0.169956237077713
z_image_turbo,77740577,0,0.026963500306010246
z_image_turbo,77740577,1,0.2747403681278229
z_image_turbo,2307118114,0,0.08819004893302917
z_image_turbo,2307118114,1,0.5318173170089722
z_image_turbo,2823575468,0,0.04742587357759476
z_image_turbo,2823575468,1,0.9149009585380554
z_image_turbo,213583123,0,0.05665242671966553
z_image_turbo,213583123,1,0.2929997444152832
z_image_turbo,6333818443,0,0.04569203406572342
z_image_turbo,6333818443,1,0.8984104990959167
z_image_turbo,3543294190,0,0.0446808747947216
z_image_turbo,3543294190,1,0.347537100315094
z_image_turbo,3421131122,0,0.05665242671966553
z_image_turbo,3421131122,1,0.9086179733276367
z_image_turbo,439916996,0,0.03676946461200714
z_image_turbo,439916996,1,0.1901218295097351
z_image_turbo,4828433053,0,0.048136770725250244
z_image_turbo,4828433053,1,0.28537195920944214
z_image_turbo,2409312675,0,0.05184547230601311
z_image_turbo,2409312675,1,0.9324532747268677
z_image_turbo,4328528475,0,0.025371313095092773
z_image_turbo,4328528475,1,0.16238002479076385
z_image_turbo,2922222717,0,0.02779562398791313
z_image_turbo,2922222717,1,0.2693256139755249
z_image_turbo,4673314291,0,0.03138043358922005
z_image_turbo,4673314291,1,0.22746935486793518
z_image_turbo,2222732183,0,0.03185885772109032
z_image_turbo,2222732183,1,0.31153160333633423
z_image_turbo,2877088081,0,0.07751765847206116
z_image_turbo,2877088081,1,0.1108555942773819
z_image_turbo,3731739486,0,0.049958523362874985
z_image_turbo,3731739486,1,0.05877656117081642
z_image_turbo,3944169186,0,0.039048291742801666
z_image_turbo,3944169186,1,0.8543993234634399
z_image_turbo,3279228339,0,0.05146276578307152
z_image_turbo,3279228339,1,0.469033807516098
z_image_turbo,46663846,0,0.0443485826253891
z_image_turbo,46663846,1,0.5945512652397156
z_image_turbo,466877726,0,0.017309095710515976
z_image_turbo,466877726,1,0.15052762627601624
z_image_turbo,6274918824,0,0.03676946461200714
z_image_turbo,6274918824,1,0.06853749603033066
z_image_turbo,7212803242,0,0.12168575078248978
z_image_turbo,7212803242,1,0.17384850978851318
z_image_turbo,143688205,0,0.09982065856456757
z_image_turbo,143688205,1,0.0991208553314209
z_image_turbo,618771382,0,0.07107366621494293
z_image_turbo,618771382,1,0.7676898241043091
z_image_turbo,2463394631,0,0.029986508190631866
z_image_turbo,2463394631,1,0.9263036847114563
z_image_turbo,1138784872,0,0.05108273774385452
z_image_turbo,1138784872,1,0.14511536061763763
z_image_turbo,821599220,0,0.04707418009638786
z_image_turbo,821599220,1,0.22270014882087708
z_image_turbo,4716333601,0,0.03594832494854927
z_image_turbo,4716333601,1,0.6005398035049438
z_image_turbo,3019776218,0,0.05223085358738899
z_image_turbo,3019776218,1,0.7490872144699097
z_image_turbo,2088460083,0,0.02080448903143406
z_image_turbo,2088460083,1,0.06142403930425644
z_image_turbo,6225843702,0,0.19436782598495483
z_image_turbo,6225843702,1,0.7859664559364319
z_image_turbo,305979887,0,0.043365802615880966
z_image_turbo,305979887,1,0.11436852067708969
z_image_turbo,4842876705,0,0.043691057711839676
z_image_turbo,4842876705,1,0.08093671500682831
z_image_turbo,2984174290,0,0.04535257816314697
z_image_turbo,2984174290,1,0.1127953976392746
z_image_turbo,4441980889,0,0.05223085358738899
z_image_turbo,4441980889,1,0.1980641782283783
z_image_turbo,509778093,0,0.05541279539465904
z_image_turbo,509778093,1,0.05582313984632492
z_image_turbo,4912431886,0,0.03704717382788658
z_image_turbo,4912431886,1,0.04885777831077576
z_image_turbo,2955099064,0,0.024237636476755142
z_image_turbo,2955099064,1,0.04569203406572342
z_image_turbo,1737441377,0,0.043691057711839676
z_image_turbo,1737441377,1,0.05460060387849808
z_image_turbo,3223809913,0,0.053009770810604095
z_image_turbo,3223809913,1,0.1030244305729866
z_image_turbo,423782935,0,0.04023794084787369
z_image_turbo,423782935,1,0.32766830921173096
z_image_turbo,263233914,0,0.1259227693080902
z_image_turbo,263233914,1,0.7122321724891663
z_image_turbo,6420396169,0,0.04742587357759476
z_image_turbo,6420396169,1,0.45317113399505615
z_image_turbo,4603099757,0,0.03934250399470329
z_image_turbo,4603099757,1,0.6092917323112488
z_image_turbo,2858456847,0,0.03210070729255676
z_image_turbo,2858456847,1,0.2254166156053543
z_image_turbo,1453366750,0,0.05223085358738899
z_image_turbo,1453366750,1,0.8665847778320312
z_image_turbo,3604391853,0,0.055005282163619995
z_image_turbo,3604391853,1,0.10521053522825241
z_image_turbo,2987588136,0,0.028652669861912727
z_image_turbo,2987588136,1,0.1259227693080902
z_image_turbo,4400746838,0,0.07807815819978714
z_image_turbo,4400746838,1,0.5689248442649841
z_image_turbo,401405215,0,0.04569203406572342
z_image_turbo,401405215,1,0.13072869181632996
z_image_turbo,4825458628,0,0.586759626865387
z_image_turbo,4825458628,1,0.8840392827987671
z_image_turbo,6059154572,0,0.08945459872484207
z_image_turbo,6059154572,1,0.5288984179496765
z_image_turbo,3514184232,0,0.0534033328294754
z_image_turbo,3514184232,1,0.46471938490867615
z_image_turbo,4474749623,0,0.031143832951784134
z_image_turbo,4474749623,1,0.0753123089671135
z_image_turbo,618797331,0,0.03488088771700859
z_image_turbo,618797331,1,0.749454140663147
z_image_turbo,2622624460,0,0.043042849749326706
z_image_turbo,2622624460,1,0.8392075896263123
z_image_turbo,400345058,0,0.9504110217094421
z_image_turbo,400345058,1,0.10818894952535629
z_image_turbo,3747007211,0,0.0427221953868866
z_image_turbo,3747007211,1,0.06656918674707413
z_image_turbo,3135826945,0,0.19620943069458008
z_image_turbo,3135826945,1,0.3841032385826111
z_image_turbo,2466420387,0,0.043691057711839676
z_image_turbo,2466420387,1,0.7041600942611694
z_image_turbo,506082695,0,0.05223085358738899
z_image_turbo,506082695,1,0.34665191173553467
z_image_turbo,312788070,0,0.046378206461668015
z_image_turbo,312788070,1,0.15662017464637756
z_image_turbo,511749704,0,0.04885777831077576
z_image_turbo,511749704,1,0.6453434824943542
z_image_turbo,5733760,0,0.05033063143491745
z_image_turbo,5733760,1,0.5930202007293701
z_image_turbo,86131617,0,0.0384661927819252
z_image_turbo,86131617,1,0.40239211916923523
z_image_turbo,6981038793,0,0.11162799596786499
z_image_turbo,6981038793,1,0.18713268637657166
z_image_turbo,3201517121,0,0.053009770810604095
z_image_turbo,3201517121,1,0.87103670835495
z_image_turbo,97162852,0,0.04922211915254593
z_image_turbo,97162852,1,0.10158944129943848
z_image_turbo,3616525288,0,0.1127953976392746
z_image_turbo,3616525288,1,0.32338011264801025
z_image_turbo,2373932560,0,0.0427221953868866
z_image_turbo,2373932560,1,0.15152934193611145
z_image_turbo,4606967207,0,0.05582313984632492
z_image_turbo,4606967207,1,0.09534946084022522
z_image_turbo,3019609769,0,0.03594832494854927
z_image_turbo,3019609769,1,0.06705628335475922
z_image_turbo,86112875,0,0.034100428223609924
z_image_turbo,86112875,1,0.16667540371418
z_image_turbo,3678098428,0,0.04535257816314697
z_image_turbo,3678098428,1,0.22746935486793518
z_image_turbo,439171995,0,0.04569203406572342
z_image_turbo,439171995,1,0.46332284808158875
z_image_turbo,4052515931,0,0.05108273774385452
z_image_turbo,4052515931,1,0.230919748544693
z_image_turbo,1775223211,0,0.22884513437747955
z_image_turbo,1775223211,1,0.09670579433441162
z_image_turbo,3547000169,0,0.05707140266895294
z_image_turbo,3547000169,1,0.6162432432174683
z_image_turbo,20805896,0,0.055005282163619995
z_image_turbo,20805896,1,0.42465054988861084
z_image_turbo,3308171165,0,0.04707418009638786
z_image_turbo,3308171165,1,0.40380191802978516
z_image_turbo,463978865,0,0.26057755947113037
z_image_turbo,463978865,1,0.19072401523590088
z_image_turbo,4831683216,0,0.10594827681779861
z_image_turbo,4831683216,1,0.4902355968952179
z_image_turbo,2635938723,0,0.6109178066253662
z_image_turbo,2635938723,1,0.9367494583129883
z_image_turbo,3707585013,0,0.0541987270116806
z_image_turbo,3707585013,1,0.04742587357759476
z_image_turbo,4080351447,0,0.04778006672859192
z_image_turbo,4080351447,1,0.3444434404373169
z_image_turbo,3685373706,0,0.0541987270116806
z_image_turbo,3685373706,1,0.507323682308197
z_image_turbo,3170122039,0,0.046378206461668015
z_image_turbo,3170122039,1,0.8221890926361084
z_image_turbo,3482974845,0,0.700894832611084
z_image_turbo,3482974845,1,0.8840392827987671
z_image_turbo,489134459,0,0.048136770725250244
z_image_turbo,489134459,1,0.24871662259101868
z_image_turbo,509987636,0,0.04240383207798004
z_image_turbo,509987636,1,0.8193157911300659
z_image_turbo,2822418176,0,0.07423136383295059
z_image_turbo,2822418176,1,0.5554351806640625
z_image_turbo,2640869832,0,0.057918086647987366
z_image_turbo,2640869832,1,0.07640768587589264
z_image_turbo,5631556013,0,0.030214589089155197
z_image_turbo,5631556013,1,0.7898827195167542
z_image_turbo,3143991972,0,0.038178276270627975
z_image_turbo,3143991972,1,0.3253061771392822
z_image_turbo,2717110088,0,0.03993731737136841
z_image_turbo,2717110088,1,0.4792599678039551
z_image_turbo,4819772045,0,0.0627892017364502
z_image_turbo,4819772045,1,0.09138210862874985
z_image_turbo,4801764348,0,0.030675798654556274
z_image_turbo,4801764348,1,0.4055075943470001
z_image_turbo,3431671749,0,0.04672496020793915
z_image_turbo,3431671749,1,0.837619960308075
z_image_turbo,3240637051,0,0.06705628335475922
z_image_turbo,3240637051,1,0.10894504189491272
z_image_turbo,3643981804,0,0.049958523362874985
z_image_turbo,3643981804,1,0.5376483201980591
z_image_turbo,7498713846,0,0.03993731737136841
z_image_turbo,7498713846,1,0.07640768587589264
z_image_turbo,5399620276,0,0.06325051933526993
z_image_turbo,5399620276,1,0.16559311747550964
z_image_turbo,3262645599,0,0.05665242671966553
z_image_turbo,3262645599,1,0.14511536061763763
z_image_turbo,241345770,0,0.029760094359517097
z_image_turbo,241345770,1,0.13296423852443695
z_image_turbo,4257619114,0,0.027376487851142883
z_image_turbo,4257619114,1,0.4006321132183075
z_image_turbo,4912108775,0,0.034358687698841095
z_image_turbo,4912108775,1,0.11757213622331619
z_image_turbo,4024098174,0,0.049958523362874985
z_image_turbo,4024098174,1,0.32124701142311096
z_image_turbo,2741051940,0,0.04535257816314697
z_image_turbo,2741051940,1,0.1919327974319458
z_image_turbo,3880366728,0,0.02615562081336975
z_image_turbo,3880366728,1,0.44770175218582153
z_image_turbo,1234206849,0,0.024237636476755142
z_image_turbo,1234206849,1,0.21011725068092346
z_image_turbo,1285874746,0,0.05033063143491745
z_image_turbo,1285874746,1,0.5042723417282104
z_image_turbo,7330749240,0,0.05665242671966553
z_image_turbo,7330749240,1,0.10594827681779861
z_image_turbo,3344040145,0,0.039048291742801666
z_image_turbo,3344040145,1,0.1755380630493164
z_image_turbo,3539817989,0,0.01912403665482998
z_image_turbo,3539817989,1,0.019568676128983498
z_image_turbo,965444691,0,0.022116590291261673
z_image_turbo,965444691,1,0.5952573418617249
z_image_turbo,4797050581,0,0.04922211915254593
z_image_turbo,4797050581,1,0.4892594516277313
z_image_turbo,1408958345,0,0.09138210862874985
z_image_turbo,1408958345,1,0.15662017464637756
z_image_turbo,3880726770,0,0.034358687698841095
z_image_turbo,3880726770,1,0.09467770159244537
z_image_turbo,2382950929,0,0.34775859117507935
z_image_turbo,2382950929,1,0.21272224187850952
z_image_turbo,2391442557,0,0.04535257816314697
z_image_turbo,2391442557,1,0.19314737617969513
z_image_turbo,234374617,0,0.04023794084787369
z_image_turbo,234374617,1,0.17217186093330383
z_image_turbo,369047365,0,0.3361130952835083
z_image_turbo,369047365,1,0.09401018917560577
z_image_turbo,5870701819,0,0.053799644112586975
z_image_turbo,5870701819,1,0.48584359884262085
z_image_turbo,259510411,0,0.05033063143491745
z_image_turbo,259510411,1,0.731442391872406
z_image_turbo,1417941060,0,0.04535257816314697
z_image_turbo,1417941060,1,0.9449946880340576
z_image_turbo,1733853950,0,0.04672496020793915
z_image_turbo,1733853950,1,0.6167050004005432
z_image_turbo,4966861386,0,0.04569203406572342
z_image_turbo,4966861386,1,0.19744445383548737
z_image_turbo,4478063110,0,0.11716748028993607
z_image_turbo,4478063110,1,0.45072200894355774
z_image_turbo,473323374,0,0.043365802615880966
z_image_turbo,473323374,1,0.8670357465744019
z_image_turbo,2307757311,0,0.043365802615880966
z_image_turbo,2307757311,1,0.9026095867156982
z_image_turbo,2705922624,0,0.03875619173049927
z_image_turbo,2705922624,1,0.09842541813850403
z_image_turbo,2321865325,0,0.06512755155563354
z_image_turbo,2321865325,1,0.3396085798740387
z_image_turbo,4442382200,0,0.03649376705288887
z_image_turbo,4442382200,1,0.12896330654621124
z_image_turbo,1961696686,0,0.05108273774385452
z_image_turbo,1961696686,1,0.8816148638725281
z_image_turbo,2667242810,0,0.04240383207798004
z_image_turbo,2667242810,1,0.6701767444610596
z_image_turbo,4876517154,0,0.046378206461668015
z_image_turbo,4876517154,1,0.4158622622489929
z_image_turbo,2641049916,0,0.06142403930425644
z_image_turbo,2641049916,1,0.3508661091327667
z_image_turbo,3169184260,0,0.04177388176321983
z_image_turbo,3169184260,1,0.2254166156053543
z_image_turbo,3669527584,0,0.04742587357759476
z_image_turbo,3669527584,1,0.8423450589179993
z_image_turbo,4677535056,0,0.03185885772109032
z_image_turbo,4677535056,1,0.1490352898836136
z_image_turbo,3486831654,0,0.04707418009638786
z_image_turbo,3486831654,1,0.3910570442676544
z_image_turbo,4567003374,0,0.04707418009638786
z_image_turbo,4567003374,1,0.2833845913410187
z_image_turbo,5430267989,0,0.0427221953868866
z_image_turbo,5430267989,1,0.17497345805168152
z_image_turbo,140774394,0,0.03934250399470329
z_image_turbo,140774394,1,0.13206614553928375
z_image_turbo,380752558,0,0.04240383207798004
z_image_turbo,380752558,1,0.1980641782283783
z_image_turbo,2324804923,0,0.07864238321781158
z_image_turbo,2324804923,1,0.10706345736980438
z_image_turbo,434932657,0,0.04672496020793915
z_image_turbo,434932657,1,0.1540575623512268
z_image_turbo,6870444330,0,0.053009770810604095
z_image_turbo,6870444330,1,0.3172147274017334
z_image_turbo,1089755335,0,0.0541987270116806
z_image_turbo,1089755335,1,0.08509904146194458
z_image_turbo,4569926879,0,0.034100428223609924
z_image_turbo,4569926879,1,0.2240554690361023
z_image_turbo,2319389144,0,0.04401865229010582
z_image_turbo,2319389144,1,0.08882028609514236
z_image_turbo,617782839,0,0.03934250399470329
z_image_turbo,617782839,1,0.46174484491348267
z_image_turbo,3298573714,0,0.05184547230601311
z_image_turbo,3298573714,1,0.07055959850549698
z_image_turbo,4472750626,0,0.03185885772109032
z_image_turbo,4472750626,1,0.07807815819978714
z_image_turbo,4050916276,0,0.30115649104118347
z_image_turbo,4050916276,1,0.11240507662296295
z_image_turbo,411678041,0,0.04240383207798004
z_image_turbo,411678041,1,0.10706345736980438
z_image_turbo,4633043171,0,0.053009770810604095
z_image_turbo,4633043171,1,0.14175599813461304
z_image_turbo,2904714989,0,0.04778006672859192
z_image_turbo,2904714989,1,0.3250918984413147
z_image_turbo,3094034946,0,0.03649376705288887
z_image_turbo,3094034946,1,0.0541987270116806
z_image_turbo,3745405944,0,0.03258974477648735
z_image_turbo,3745405944,1,0.2913839817047119
z_image_turbo,5892931627,0,0.0446808747947216
z_image_turbo,5892931627,1,0.1550784707069397
z_image_turbo,2641098920,0,0.01971912570297718
z_image_turbo,2641098920,1,0.2689414322376251
z_image_turbo,3549614763,0,0.0443485826253891
z_image_turbo,3549614763,1,0.15662017464637756
z_image_turbo,1286805224,0,0.0534033328294754
z_image_turbo,1286805224,1,0.8872045874595642
z_image_turbo,6152180229,0,0.05223085358738899
z_image_turbo,6152180229,1,0.13846179842948914
z_image_turbo,2683823978,0,0.034358687698841095
z_image_turbo,2683823978,1,0.9130582809448242
z_image_turbo,2905200744,0,0.0446808747947216
z_image_turbo,2905200744,1,0.8940516710281372
z_image_turbo,59303979,0,0.4364118278026581
z_image_turbo,59303979,1,0.9324532747268677
z_image_turbo,4838943023,0,0.038178276270627975
z_image_turbo,4838943023,1,0.7772998809814453
z_image_turbo,2503250992,0,0.026556573808193207
z_image_turbo,2503250992,1,0.33829569816589355
z_image_turbo,2678171436,0,0.04084571823477745
z_image_turbo,2678171436,1,0.8210441470146179
z_image_turbo,2047543321,0,0.01784873753786087
z_image_turbo,2047543321,1,0.9124361872673035
z_image_turbo,3036894037,0,0.053009770810604095
z_image_turbo,3036894037,1,0.06608537584543228
z_image_turbo,221596640,0,0.06008664518594742
z_image_turbo,221596640,1,0.25945019721984863
z_image_turbo,2874876837,0,0.04885777831077576
z_image_turbo,2874876837,1,0.6601723432540894
z_image_turbo,2298661279,0,0.0792103260755539
z_image_turbo,2298661279,1,0.23475733399391174
z_image_turbo,6474645169,0,0.05184547230601311
z_image_turbo,6474645169,1,0.23370634019374847
z_image_turbo,3121219649,0,0.04023794084787369
z_image_turbo,3121219649,1,0.07864238321781158
z_image_turbo,5456862756,0,0.05033063143491745
z_image_turbo,5456862756,1,0.9268352389335632
z_image_turbo,2856524322,0,0.05146276578307152
z_image_turbo,2856524322,1,0.4561977982521057
z_image_turbo,4347441967,0,0.043365802615880966
z_image_turbo,4347441967,1,0.6025294065475464
z_image_turbo,3745474894,0,0.04177388176321983
z_image_turbo,3745474894,1,0.4680611491203308
z_image_turbo,3157745346,0,0.031143832951784134
z_image_turbo,3157745346,1,0.435931533575058
z_image_turbo,4062259729,0,0.04958902671933174
z_image_turbo,4062259729,1,0.48328259587287903
z_image_turbo,456299217,0,0.06954174488782883
z_image_turbo,456299217,1,0.22000709176063538
z_image_turbo,311619377,0,0.04177388176321983
z_image_turbo,311619377,1,0.4133439362049103
z_image_turbo,7940321892,0,0.04569203406572342
z_image_turbo,7940321892,1,0.13660839200019836
z_image_turbo,4655361417,0,0.13846179842948914
z_image_turbo,4655361417,1,0.09670579433441162
z_image_turbo,2471447879,0,0.04146227240562439
z_image_turbo,2471447879,1,0.21866938471794128
z_image_turbo,137444523,0,0.02228618785738945
z_image_turbo,137444523,1,0.2766905426979065
z_image_turbo,3332248667,0,0.046378206461668015
z_image_turbo,3332248667,1,0.3227394223213196
z_image_turbo,5691210724,0,0.05033063143491745
z_image_turbo,5691210724,1,0.07263670116662979
z_image_turbo,1810651611,0,0.043042849749326706
z_image_turbo,1810651611,1,0.46368709206581116
z_image_turbo,4734162520,0,0.03649376705288887
z_image_turbo,4734162520,1,0.5363736152648926
z_image_turbo,7012109893,0,0.04922211915254593
z_image_turbo,7012109893,1,0.10158944129943848
z_image_turbo,7645680482,0,0.04707418009638786
z_image_turbo,7645680482,1,0.29057809710502625
z_image_turbo,2127166904,0,0.05223085358738899
z_image_turbo,2127166904,1,0.5046385526657104
z_image_turbo,3334866049,0,0.05033063143491745
z_image_turbo,3334866049,1,0.13072869181632996
z_image_turbo,3367399,0,0.04240383207798004
z_image_turbo,3367399,1,0.4846239984035492
z_image_turbo,3149038044,0,0.034618839621543884
z_image_turbo,3149038044,1,0.16398024559020996
z_image_turbo,450688968,0,0.03760863468050957
z_image_turbo,450688968,1,0.04707418009638786
z_image_turbo,4401136784,0,0.05146276578307152
z_image_turbo,4401136784,1,0.2254166156053543
z_image_turbo,4818675994,0,0.0333368219435215
z_image_turbo,4818675994,1,0.1325145661830902
z_image_turbo,345852737,0,0.05108273774385452
z_image_turbo,345852737,1,0.8643104434013367
z_image_turbo,5925544950,0,0.03704717382788658
z_image_turbo,5925544950,1,0.1030244305729866
z_image_turbo,4183662919,0,0.022977370768785477
z_image_turbo,4183662919,1,0.49609383940696716
z_image_turbo,4684005479,0,0.04707418009638786
z_image_turbo,4684005479,1,0.21933749318122864
z_image_turbo,253800791,0,0.05070536211133003
z_image_turbo,253800791,1,0.7620701193809509
z_image_turbo,8138745455,0,0.05184547230601311
z_image_turbo,8138745455,1,0.1830088496208191
z_image_turbo,95795877,0,0.05033063143491745
z_image_turbo,95795877,1,0.2743513584136963
z_image_turbo,6381062375,0,0.04240383207798004
z_image_turbo,6381062375,1,0.16398024559020996
z_image_turbo,4712636240,0,0.024237636476755142
z_image_turbo,4712636240,1,0.2751297354698181
z_image_turbo,3194533056,0,0.04401865229010582
z_image_turbo,3194533056,1,0.1830088496208191
z_image_turbo,4668948309,0,0.02779562398791313
z_image_turbo,4668948309,1,0.06052938848733902
z_image_turbo,268365231,0,0.030908960849046707
z_image_turbo,268365231,1,0.5316957235336304
z_image_turbo,4631131293,0,0.025760561227798462
z_image_turbo,4631131293,1,0.268557608127594
z_image_turbo,1387014885,0,0.025565212592482567
z_image_turbo,1387014885,1,0.05921025201678276
z_image_turbo,2952320230,0,0.06804042309522629
z_image_turbo,2952320230,1,0.1063188761472702
z_image_turbo,6841943688,0,0.05108273774385452
z_image_turbo,6841943688,1,0.6963714361190796
z_image_turbo,4333374998,0,0.04535257816314697
z_image_turbo,4333374998,1,0.47828513383865356
z_image_turbo,3468635980,0,0.01332514826208353
z_image_turbo,3468635980,1,0.10087861120700836
z_image_turbo,3125628091,0,0.10521053522825241
z_image_turbo,3125628091,1,0.45604634284973145
z_image_turbo,534570169,0,0.034618839621543884
z_image_turbo,534570169,1,0.11047115176916122
z_image_turbo,4447160600,0,0.04885777831077576
z_image_turbo,4447160600,1,0.09203286468982697
z_image_turbo,2209751,0,0.038178276270627975
z_image_turbo,2209751,1,0.14463144540786743
z_image_turbo,2723929323,0,0.0541987270116806
z_image_turbo,2723929323,1,0.3925696611404419
z_image_turbo,6589292543,0,0.05070536211133003
z_image_turbo,6589292543,1,0.11636176705360413
z_image_turbo,3351586010,0,0.0378924235701561
z_image_turbo,3351586010,1,0.9019206762313843
z_image_turbo,3241531692,0,0.05877656117081642
z_image_turbo,3241531692,1,0.7683857679367065
z_image_turbo,4879951396,0,0.08632348477840424
z_image_turbo,4879951396,1,0.8824278712272644
z_image_turbo,3560502528,0,0.048496004194021225
z_image_turbo,3560502528,1,0.16559311747550964
z_image_turbo,3655074079,0,0.043042849749326706
z_image_turbo,3655074079,1,0.19993211328983307
z_image_turbo,4491044489,0,0.20434190332889557
z_image_turbo,4491044489,1,0.06608537584543228
z_image_turbo,3105623068,0,0.04742587357759476
z_image_turbo,3105623068,1,0.28656840324401855
z_image_turbo,3965771582,0,0.05108273774385452
z_image_turbo,3965771582,1,0.10447731614112854
z_image_turbo,6839984356,0,0.13568954169750214
z_image_turbo,6839984356,1,0.8134608268737793
z_image_turbo,2103080234,0,0.05033063143491745
z_image_turbo,2103080234,1,0.0838903859257698
z_image_turbo,33497646,0,0.6893056035041809
z_image_turbo,33497646,1,0.6469064354896545
z_image_turbo,3590753142,0,0.053009770810604095
z_image_turbo,3590753142,1,0.12043881416320801
z_image_turbo,3784574313,0,0.04115288704633713
z_image_turbo,3784574313,1,0.45063135027885437
z_image_turbo,2728607980,0,0.04742587357759476
z_image_turbo,2728607980,1,0.2075357437133789
z_image_turbo,575853856,0,0.07004895806312561
z_image_turbo,575853856,1,0.3470943868160248
z_image_turbo,6472693569,0,0.08509904146194458
z_image_turbo,6472693569,1,0.4390256702899933
z_image_turbo,7117115809,0,0.9161096215248108
z_image_turbo,7117115809,1,0.7260372638702393
z_image_turbo,7796487260,0,0.05749327689409256
z_image_turbo,7796487260,1,0.907967209815979
z_image_turbo,3119887967,0,0.053799644112586975
z_image_turbo,3119887967,1,0.5929023027420044
z_image_turbo,6925158300,0,0.05223085358738899
z_image_turbo,6925158300,1,0.11318691074848175
z_image_turbo,242558556,0,0.802555501461029
z_image_turbo,242558556,1,0.8887587189674377
z_image_turbo,3176499620,0,0.04177388176321983
z_image_turbo,3176499620,1,0.5478269457817078
z_image_turbo,4851268802,0,0.07211220264434814
z_image_turbo,4851268802,1,0.08570927381515503
z_image_turbo,3209564153,0,0.04778006672859192
z_image_turbo,3209564153,1,0.9032942056655884
z_image_turbo,3525978606,0,0.04535257816314697
z_image_turbo,3525978606,1,0.28616926074028015
z_image_turbo,3274495419,0,0.028870906680822372
z_image_turbo,3274495419,1,0.6893056035041809
z_image_turbo,3855173636,0,0.06052938848733902
z_image_turbo,3855173636,1,0.740174412727356
z_image_turbo,2557922709,0,0.053799644112586975
z_image_turbo,2557922709,1,0.574185848236084
z_image_turbo,2991994607,0,0.03258974477648735
z_image_turbo,2991994607,1,0.09773432463407516
z_image_turbo,4799951910,0,0.011508150026202202
z_image_turbo,4799951910,1,0.0541987270116806
z_image_turbo,4750766294,0,0.04084571823477745
z_image_turbo,4750766294,1,0.8278281688690186
z_image_turbo,3418462699,0,0.05070536211133003
z_image_turbo,3418462699,1,0.28776782751083374
z_image_turbo,3273892996,0,0.03934250399470329
z_image_turbo,3273892996,1,0.44074004888534546
z_image_turbo,54242432,0,0.030675798654556274
z_image_turbo,54242432,1,0.24184733629226685
z_image_turbo,3189464563,0,0.03875619173049927
z_image_turbo,3189464563,1,0.5270731449127197
z_image_turbo,4950889937,0,0.01578456163406372
z_image_turbo,4950889937,1,0.1233656108379364
z_image_turbo,2580707208,0,0.04240383207798004
z_image_turbo,2580707208,1,0.4735355079174042
z_image_turbo,6053720349,0,0.03488088771700859
z_image_turbo,6053720349,1,0.9019206762313843
z_image_turbo,7353914844,0,0.06052938848733902
z_image_turbo,7353914844,1,0.4456954002380371
z_image_turbo,4768270751,0,0.04672496020793915
z_image_turbo,4768270751,1,0.09842541813850403
z_image_turbo,492587970,0,0.04240383207798004
z_image_turbo,492587970,1,0.8940516710281372
z_image_turbo,125635185,0,0.03993731737136841
z_image_turbo,125635185,1,0.7918210625648499
z_image_turbo,4876504906,0,0.05749327689409256
z_image_turbo,4876504906,1,0.07585817575454712
z_image_turbo,2875823162,0,0.034100428223609924
z_image_turbo,2875823162,1,0.07316471636295319
z_image_turbo,4781019036,0,0.029986508190631866
z_image_turbo,4781019036,1,0.1949802190065384
z_image_turbo,4749166996,0,0.0541987270116806
z_image_turbo,4749166996,1,0.8692712783813477
z_image_turbo,6188266707,0,0.053009770810604095
z_image_turbo,6188266707,1,0.2575782835483551
z_image_turbo,314800643,0,0.024237636476755142
z_image_turbo,314800643,1,0.23335674405097961
z_image_turbo,8143343377,0,0.05921025201678276
z_image_turbo,8143343377,1,0.06903792917728424
z_image_turbo,123997871,0,0.03993731737136841
z_image_turbo,123997871,1,0.031143832951784134
z_image_turbo,3676460610,0,0.08035746961832047
z_image_turbo,3676460610,1,0.13206614553928375
z_image_turbo,201314419,0,0.04707418009638786
z_image_turbo,201314419,1,0.14463144540786743
z_image_turbo,252846811,0,0.026556573808193207
z_image_turbo,252846811,1,0.09138210862874985
z_image_turbo,4980795412,0,0.048136770725250244
z_image_turbo,4980795412,1,0.10894504189491272
z_image_turbo,4410033566,0,0.053009770810604095
z_image_turbo,4410033566,1,0.40922078490257263
z_image_turbo,2607097757,0,0.038178276270627975
z_image_turbo,2607097757,1,0.709019124507904
z_image_turbo,2414397449,0,0.08882028609514236
z_image_turbo,2414397449,1,0.057918086647987366
z_image_turbo,3399284917,0,0.09877259284257889
z_image_turbo,3399284917,1,0.46186619997024536
z_image_turbo,4623000836,0,0.026759283617138863
z_image_turbo,4623000836,1,0.11124120652675629
z_image_turbo,154653766,0,0.04778006672859192
z_image_turbo,154653766,1,0.5134245157241821
z_image_turbo,3403263046,0,0.04240383207798004
z_image_turbo,3403263046,1,0.0753123089671135
z_image_turbo,4586247564,0,0.04401865229010582
z_image_turbo,4586247564,1,0.7520125508308411
z_image_turbo,2125626631,0,0.04742587357759476
z_image_turbo,2125626631,1,0.0534033328294754
z_image_turbo,1872000955,0,0.034358687698841095
z_image_turbo,1872000955,1,0.13660839200019836
z_image_turbo,4801849846,0,0.01065251138061285
z_image_turbo,4801849846,1,0.14414885640144348
z_image_turbo,5389294129,0,0.05582313984632492
z_image_turbo,5389294129,1,0.36274343729019165
z_image_turbo,3607969989,0,0.04885777831077576
z_image_turbo,3607969989,1,0.5384978652000427
z_image_turbo,3540241710,0,0.06705628335475922
z_image_turbo,3540241710,1,0.3699977397918701
z_image_turbo,3773298212,0,0.04742587357759476
z_image_turbo,3773298212,1,0.2628418505191803
z_image_turbo,5489602545,0,0.05184547230601311
z_image_turbo,5489602545,1,0.3255205750465393
z_image_turbo,558338473,0,0.04240383207798004
z_image_turbo,558338473,1,0.14511536061763763
z_image_turbo,3619322150,0,0.04054073989391327
z_image_turbo,3619322150,1,0.9358173608779907
z_image_turbo,3856155585,0,0.03993731737136841
z_image_turbo,3856155585,1,0.24148939549922943
z_image_turbo,101669240,0,0.048496004194021225
z_image_turbo,101669240,1,0.21933749318122864
z_image_turbo,3427233064,0,0.04922211915254593
z_image_turbo,3427233064,1,0.7981867790222168
z_image_turbo,19469520,0,0.0443485826253891
z_image_turbo,19469520,1,0.8305941224098206
z_image_turbo,83001714,0,0.038178276270627975
z_image_turbo,83001714,1,0.16132023930549622
z_image_turbo,177591612,0,0.02931223064661026
z_image_turbo,177591612,1,0.15002882480621338
z_image_turbo,427736337,0,0.01243165135383606
z_image_turbo,427736337,1,0.09982065856456757
z_image_turbo,1546632452,0,0.05184547230601311
z_image_turbo,1546632452,1,0.4314344525337219
z_image_turbo,4631840705,0,0.03993731737136841
z_image_turbo,4631840705,1,0.10521053522825241
z_image_turbo,2757803246,0,0.4929509162902832
z_image_turbo,2757803246,1,0.07211220264434814
z_image_turbo,6927848734,0,0.03541072458028793
z_image_turbo,6927848734,1,0.3446640074253082
z_image_turbo,3362080042,0,0.04672496020793915
z_image_turbo,3362080042,1,0.23970511555671692
z_image_turbo,4940658755,0,0.04885777831077576
z_image_turbo,4940658755,1,0.0844927579164505
z_image_turbo,4903293024,0,0.04569203406572342
z_image_turbo,4903293024,1,0.38989493250846863
z_image_turbo,4016499639,0,0.03963884338736534
z_image_turbo,4016499639,1,0.10017222166061401
z_image_turbo,3809758561,0,0.04672496020793915
z_image_turbo,3809758561,1,0.167763352394104
z_image_turbo,4736841029,0,0.048136770725250244
z_image_turbo,4736841029,1,0.896975576877594
z_image_turbo,2284894733,0,0.03704717382788658
z_image_turbo,2284894733,1,0.5284117460250854
z_image_turbo,2378356400,0,0.06560482829809189
z_image_turbo,2378356400,1,0.05582313984632492
z_image_turbo,541063419,0,0.0427221953868866
z_image_turbo,541063419,1,0.08210662752389908
z_image_turbo,4948865477,0,0.03760863468050957
z_image_turbo,4948865477,1,0.10706345736980438
z_image_turbo,3327761688,0,0.023870835080742836
z_image_turbo,3327761688,1,0.05877656117081642
z_image_turbo,637245791,0,0.03934250399470329
z_image_turbo,637245791,1,0.8349459171295166
z_image_turbo,2230363312,0,0.02909075655043125
z_image_turbo,2230363312,1,0.11716748028993607
z_image_turbo,2973269132,0,0.05223085358738899
z_image_turbo,2973269132,1,0.8925625681877136
z_image_turbo,2551602773,0,0.043042849749326706
z_image_turbo,2551602773,1,0.09842541813850403
z_image_turbo,732671252,0,0.05921025201678276
z_image_turbo,732671252,1,0.3711366057395935
z_image_turbo,3219606,0,0.015072628855705261
z_image_turbo,3219606,1,0.10052487254142761
z_image_turbo,905355838,0,0.027169233188033104
z_image_turbo,905355838,1,0.0838903859257698
z_image_turbo,4632869465,0,0.04778006672859192
z_image_turbo,4632869465,1,0.36161547899246216
z_image_turbo,281658181,0,0.05921025201678276
z_image_turbo,281658181,1,0.7769615650177002
z_image_turbo,3124455694,0,0.04535257816314697
z_image_turbo,3124455694,1,0.0534033328294754
z_image_turbo,3416339125,0,0.052618954330682755
z_image_turbo,3416339125,1,0.5190337300300598
z_image_turbo,2518853257,0,0.03676946461200714
z_image_turbo,2518853257,1,0.19436782598495483
z_image_turbo,5732777684,0,0.03594832494854927
z_image_turbo,5732777684,1,0.1490352898836136
z_image_turbo,1777816180,0,0.04922211915254593
z_image_turbo,1777816180,1,0.8836382031440735
z_image_turbo,5384132543,0,0.13072869181632996
z_image_turbo,5384132543,1,0.9099069833755493
z_image_turbo,2446830166,0,0.03934250399470329
z_image_turbo,2446830166,1,0.23792991042137146
z_image_turbo,288038357,0,0.024798160418868065
z_image_turbo,288038357,1,0.08819004893302917
z_image_turbo,6647904677,0,0.05108273774385452
z_image_turbo,6647904677,1,0.3459886312484741
z_image_turbo,620595746,0,0.05033063143491745
z_image_turbo,620595746,1,0.6041653752326965
z_image_turbo,1423997242,0,0.034358687698841095
z_image_turbo,1423997242,1,0.32466351985931396
z_image_turbo,4941418090,0,0.053009770810604095
z_image_turbo,4941418090,1,0.77390056848526
z_image_turbo,3909552008,0,0.04084571823477745
z_image_turbo,3909552008,1,0.1037486270070076
z_image_turbo,1505686764,0,0.03649376705288887
z_image_turbo,1505686764,1,0.1475551873445511
z_image_turbo,4770745669,0,0.0541987270116806
z_image_turbo,4770745669,1,0.8840392827987671
z_image_turbo,2752084369,0,0.037326883524656296
z_image_turbo,2752084369,1,0.3827180564403534
z_image_turbo,3466635681,0,0.15765489637851715
z_image_turbo,3466635681,1,0.837619960308075
z_image_turbo,4152957260,0,0.18952108919620514
z_image_turbo,4152957260,1,0.2114168256521225
z_image_turbo,4977528001,0,0.04778006672859192
z_image_turbo,4977528001,1,0.8333246111869812
z_image_turbo,2167644298,0,0.04672496020793915
z_image_turbo,2167644298,1,0.30115649104118347
z_image_turbo,6191516871,0,0.0443485826253891
z_image_turbo,6191516871,1,0.30611202120780945
z_image_turbo,4569102627,0,0.0384661927819252
z_image_turbo,4569102627,1,0.7037531137466431
z_image_turbo,72010346,0,0.0120537793263793
z_image_turbo,72010346,1,0.9319595694541931
z_image_turbo,4444686770,0,0.07107366621494293
z_image_turbo,4444686770,1,0.14223188161849976
z_image_turbo,3302986588,0,0.05223085358738899
z_image_turbo,3302986588,1,0.1772405207157135
z_image_turbo,4915658588,0,0.04535257816314697
z_image_turbo,4915658588,1,0.34312161803245544
z_image_turbo,5988551357,0,0.02843603491783142
z_image_turbo,5988551357,1,0.07751765847206116
z_image_turbo,230486268,0,0.04885777831077576
z_image_turbo,230486268,1,0.8791467547416687
z_image_turbo,3050606344,0,0.04742587357759476
z_image_turbo,3050606344,1,0.7950222492218018
z_image_turbo,3449846784,0,0.2075357437133789
z_image_turbo,3449846784,1,0.18010665476322174
z_image_turbo,4570151256,0,0.0753123089671135
z_image_turbo,4570151256,1,0.16667540371418
z_image_turbo,3043510721,0,0.02615562081336975
z_image_turbo,3043510721,1,0.13799647986888885
z_image_turbo,4895355979,0,0.08570927381515503
z_image_turbo,4895355979,1,0.1772405207157135
z_image_turbo,390369,0,0.05033063143491745
z_image_turbo,390369,1,0.055005282163619995
z_image_turbo,3390808408,0,0.05146276578307152
z_image_turbo,3390808408,1,0.053799644112586975
z_image_turbo,3523559027,0,0.06371499598026276
z_image_turbo,3523559027,1,0.11516223102807999
z_image_turbo,2980901328,0,0.048496004194021225
z_image_turbo,2980901328,1,0.16184942424297333
z_image_turbo,582788646,0,0.05184547230601311
z_image_turbo,582788646,1,0.8925625681877136
z_image_turbo,4490635744,0,0.027169233188033104
z_image_turbo,4490635744,1,0.13939638435840607
z_image_turbo,3636936656,0,0.12984342873096466
z_image_turbo,3636936656,1,0.16398024559020996
z_image_turbo,6186146093,0,0.05184547230601311
z_image_turbo,6186146093,1,0.447581022977829
z_image_turbo,345284642,0,0.04084571823477745
z_image_turbo,345284642,1,0.14706452190876007
z_image_turbo,3620764461,0,0.03875619173049927
z_image_turbo,3620764461,1,0.4574093520641327
z_image_turbo,141841337,0,0.014728613197803497
z_image_turbo,141841337,1,0.8591918349266052
z_image_turbo,4712411908,0,0.049958523362874985
z_image_turbo,4712411908,1,0.104843370616436
z_image_turbo,4803926618,0,0.04603390023112297
z_image_turbo,4803926618,1,0.14608724415302277
z_image_turbo,1625306051,0,0.0443485826253891
z_image_turbo,1625306051,1,0.7975568175315857
z_image_turbo,2515822745,0,0.04054073989391327
z_image_turbo,2515822745,1,0.27318641543388367
z_image_turbo,4328538175,0,0.029535336419939995
z_image_turbo,4328538175,1,0.36545664072036743
z_image_turbo,2202059975,0,0.04023794084787369
z_image_turbo,2202059975,1,0.13892842829227448
z_image_turbo,4316585644,0,0.048496004194021225
z_image_turbo,4316585644,1,0.31153160333633423
z_image_turbo,499165634,0,0.05541279539465904
z_image_turbo,499165634,1,0.6206215620040894
z_image_turbo,4734146340,0,0.024053553119301796
z_image_turbo,4734146340,1,0.33742183446884155
z_image_turbo,1160441615,0,0.05223085358738899
z_image_turbo,1160441615,1,0.15765489637851715
z_image_turbo,6958079140,0,0.04054073989391327
z_image_turbo,6958079140,1,0.9381240010261536
z_image_turbo,3562606482,0,0.02280263602733612
z_image_turbo,3562606482,1,0.12984342873096466
z_image_turbo,23016347,0,0.027585284784436226
z_image_turbo,23016347,1,0.12852513790130615
z_image_turbo,6194677011,0,0.05033063143491745
z_image_turbo,6194677011,1,0.9394705891609192
z_image_turbo,6774537791,0,0.02843603491783142
z_image_turbo,6774537791,1,0.049958523362874985
z_image_turbo,2577972703,0,0.04146227240562439
z_image_turbo,2577972703,1,0.9149009585380554
z_image_turbo,3221036999,0,0.05623634159564972
z_image_turbo,3221036999,1,0.2590751051902771
z_image_turbo,2797188545,0,0.04535257816314697
z_image_turbo,2797188545,1,0.8828325867652893
z_image_turbo,1181708011,0,0.03934250399470329
z_image_turbo,1181708011,1,0.4262021780014038
z_image_turbo,2978040423,0,0.06754669547080994
z_image_turbo,2978040423,1,0.83601975440979
z_image_turbo,3249597269,0,0.04742587357759476
z_image_turbo,3249597269,1,0.8294920325279236
z_image_turbo,1066831905,0,0.02178117260336876
z_image_turbo,1066831905,1,0.03258974477648735
z_image_turbo,2844202978,0,0.0378924235701561
z_image_turbo,2844202978,1,0.09704755991697311
z_image_turbo,2363540508,0,0.0384661927819252
z_image_turbo,2363540508,1,0.541166365146637
z_image_turbo,3353400143,0,0.05749327689409256
z_image_turbo,3353400143,1,0.25275272130966187
z_image_turbo,3362592729,0,0.04177388176321983
z_image_turbo,3362592729,1,0.15765489637851715
z_image_turbo,91875542,0,0.03875619173049927
z_image_turbo,91875542,1,0.37834423780441284
z_image_turbo,2507831979,0,0.018264278769493103
z_image_turbo,2507831979,1,0.7918210625648499
z_image_turbo,2841909138,0,0.04177388176321983
z_image_turbo,2841909138,1,0.5398930907249451
z_image_turbo,462383841,0,0.05582313984632492
z_image_turbo,462383841,1,0.9005298018455505
z_image_turbo,4448279884,0,0.05108273774385452
z_image_turbo,4448279884,1,0.23265865445137024
z_image_turbo,3081330705,0,0.0443485826253891
z_image_turbo,3081330705,1,0.31489264965057373
z_image_turbo,4900761380,0,0.05184547230601311
z_image_turbo,4900761380,1,0.2018132209777832
z_image_turbo,5925539370,0,0.04603390023112297
z_image_turbo,5925539370,1,0.1030244305729866
z_image_turbo,1288909046,0,0.03760863468050957
z_image_turbo,1288909046,1,0.07107366621494293
z_image_turbo,437549483,0,0.1650540828704834
z_image_turbo,437549483,1,0.6185500621795654
z_image_turbo,520913429,0,0.04603390023112297
z_image_turbo,520913429,1,0.5644286274909973
z_image_turbo,3732728142,0,0.07696083933115005
z_image_turbo,3732728142,1,0.6184347867965698
z_image_turbo,1235455146,0,0.0446808747947216
z_image_turbo,1235455146,1,0.19620943069458008
z_image_turbo,3186527735,0,0.031143832951784134
z_image_turbo,3186527735,1,0.41270768642425537
z_image_turbo,3567604049,0,0.09670579433441162
z_image_turbo,3567604049,1,0.16940587759017944
z_image_turbo,78058719,0,0.01578456163406372
z_image_turbo,78058719,1,0.18713268637657166
z_image_turbo,1235099089,0,0.05223085358738899
z_image_turbo,1235099089,1,0.31552502512931824
z_image_turbo,4584266249,0,0.07159119844436646
z_image_turbo,4584266249,1,0.5098863840103149
z_image_turbo,4751932433,0,0.04401865229010582
z_image_turbo,4751932433,1,0.169956237077713
z_image_turbo,3529333786,0,0.03963884338736534
z_image_turbo,3529333786,1,0.44773194193840027
z_image_turbo,3640329164,0,0.057918086647987366
z_image_turbo,3640329164,1,0.12043881416320801
z_image_turbo,2396746868,0,0.2465333491563797
z_image_turbo,2396746868,1,0.8534248471260071
z_image_turbo,411008311,0,0.04054073989391327
z_image_turbo,411008311,1,0.4059196412563324
z_image_turbo,2800990525,0,0.04707418009638786
z_image_turbo,2800990525,1,0.3517563045024872
z_image_turbo,3522495606,0,0.03210070729255676
z_image_turbo,3522495606,1,0.10123348236083984
z_image_turbo,4803984649,0,0.0443485826253891
z_image_turbo,4803984649,1,0.2146914154291153
z_image_turbo,3376741717,0,0.03934250399470329
z_image_turbo,3376741717,1,0.09501304477453232
z_image_turbo,3246724744,0,0.06512755155563354
z_image_turbo,3246724744,1,0.9026095867156982
z_image_turbo,3243866702,0,0.05184547230601311
z_image_turbo,3243866702,1,0.6034645438194275
z_image_turbo,2903617548,0,0.03622005879878998
z_image_turbo,2903617548,1,0.2901756167411804
z_image_turbo,7711598144,0,0.048496004194021225
z_image_turbo,7711598144,1,0.36342093348503113
z_image_turbo,2305437797,0,0.04535257816314697
z_image_turbo,2305437797,1,0.04958902671933174
z_image_turbo,91251257,0,0.026556573808193207
z_image_turbo,91251257,1,0.1535491794347763
z_image_turbo,514165525,0,0.04778006672859192
z_image_turbo,514165525,1,0.06187598407268524
z_image_turbo,3708748633,0,0.021125193685293198
z_image_turbo,3708748633,1,0.5437265038490295
z_image_turbo,6315352509,0,0.05623634159564972
z_image_turbo,6315352509,1,0.48852741718292236
z_image_turbo,3728015645,0,0.859663724899292
z_image_turbo,3728015645,1,0.41324031352996826
z_image_turbo,1378557186,0,0.04146227240562439
z_image_turbo,1378557186,1,0.18952108919620514
z_image_turbo,4719086173,0,0.06052938848733902
z_image_turbo,4719086173,1,0.35420966148376465
z_image_turbo,4893369019,0,0.04501553252339363
z_image_turbo,4893369019,1,0.6146253347396851
z_image_turbo,65845718,0,0.11357959359884262
z_image_turbo,65845718,1,0.14033624529838562
z_image_turbo,2537819002,0,0.0427221953868866
z_image_turbo,2537819002,1,0.04672496020793915
z_image_turbo,1112334131,0,0.022457055747509003
z_image_turbo,1112334131,1,0.7943849563598633
z_image_turbo,697582336,0,0.04177388176321983
z_image_turbo,697582336,1,0.04401865229010582
z_image_turbo,2602279427,0,0.03358950465917587
z_image_turbo,2602279427,1,0.19559407234191895
z_image_turbo,4365035558,0,0.2613309323787689
z_image_turbo,4365035558,1,0.8413047790527344
z_image_turbo,524360969,0,0.043042849749326706
z_image_turbo,524360969,1,0.5048826336860657
z_image_turbo,4944644486,0,0.14033624529838562
z_image_turbo,4944644486,1,0.24725967645645142
z_image_turbo,4320494335,0,0.02779562398791313
z_image_turbo,4320494335,1,0.40450742840766907
z_image_turbo,2596474836,0,0.04146227240562439
z_image_turbo,2596474836,1,0.05582313984632492
z_image_turbo,8173029395,0,0.048136770725250244
z_image_turbo,8173029395,1,0.1949802190065384
z_image_turbo,2691641332,0,0.043042849749326706
z_image_turbo,2691641332,1,0.8852352499961853
z_image_turbo,6987411804,0,0.034358687698841095
z_image_turbo,6987411804,1,0.0792103260755539
z_image_turbo,2637510448,0,0.043691057711839676
z_image_turbo,2637510448,1,0.8647679686546326
z_image_turbo,2871691966,0,0.04922211915254593
z_image_turbo,2871691966,1,0.1030244305729866
z_image_turbo,3194034449,0,0.04885777831077576
z_image_turbo,3194034449,1,0.6783269047737122
z_image_turbo,512309690,0,0.021287351846694946
z_image_turbo,512309690,1,0.22202469408512115
z_image_turbo,1606988704,0,0.09009299427270889
z_image_turbo,1606988704,1,0.3127896785736084
z_image_turbo,2278490028,0,0.03934250399470329
z_image_turbo,2278490028,1,0.07316471636295319
z_image_turbo,84509831,0,0.03258974477648735
z_image_turbo,84509831,1,0.9099069833755493
z_image_turbo,3562816250,0,0.06608537584543228
z_image_turbo,3562816250,1,0.6934729218482971
z_image_turbo,2834752476,0,0.13072869181632996
z_image_turbo,2834752476,1,0.08882028609514236
z_image_turbo,687513087,0,0.07585817575454712
z_image_turbo,687513087,1,0.10706345736980438
z_image_turbo,3724946689,0,0.11357959359884262
z_image_turbo,3724946689,1,0.16885696351528168
z_image_turbo,5009687058,0,0.03875619173049927
z_image_turbo,5009687058,1,0.3265935182571411
z_image_turbo,7173939318,0,0.028007520362734795
z_image_turbo,7173939318,1,0.1200256273150444
z_image_turbo,3307563498,0,0.04707418009638786
z_image_turbo,3307563498,1,0.8679338097572327
z_image_turbo,3316725440,0,0.052618954330682755
z_image_turbo,3316725440,1,0.9425067901611328
z_image_turbo,2671602981,0,0.06903792917728424
z_image_turbo,2671602981,1,0.7122321724891663
z_image_turbo,6728801573,0,0.05223085358738899
z_image_turbo,6728801573,1,0.8872045874595642
z_image_turbo,378336163,0,0.3727335035800934
z_image_turbo,378336163,1,0.4551834762096405
z_image_turbo,319870744,0,0.04501553252339363
z_image_turbo,319870744,1,0.9105454087257385
z_image_turbo,299303069,0,0.042087726294994354
z_image_turbo,299303069,1,0.646460235118866
z_image_turbo,479545053,0,0.04177388176321983
z_image_turbo,479545053,1,0.16026602685451508
z_image_turbo,2504056718,0,0.03622005879878998
z_image_turbo,2504056718,1,0.28537195920944214
z_image_turbo,141203926,0,0.05184547230601311
z_image_turbo,141203926,1,0.10017222166061401
z_image_turbo,415604639,0,0.0378924235701561
z_image_turbo,415604639,1,0.07316471636295319
z_image_turbo,421153376,0,0.04958902671933174
z_image_turbo,421153376,1,0.048136770725250244
z_image_turbo,745880539,0,0.07107366621494293
z_image_turbo,745880539,1,0.04672496020793915
z_image_turbo,3231749680,0,0.02822098508477211
z_image_turbo,3231749680,1,0.4124709963798523
z_image_turbo,2666234771,0,0.05623634159564972
z_image_turbo,2666234771,1,0.09009299427270889
z_image_turbo,3079917032,0,0.03676946461200714
z_image_turbo,3079917032,1,0.14706452190876007
z_image_turbo,3773323977,0,0.034618839621543884
z_image_turbo,3773323977,1,0.22953520715236664
z_image_turbo,4971580248,0,0.03963884338736534
z_image_turbo,4971580248,1,0.07807815819978714
z_image_turbo,6680789117,0,0.0541987270116806
z_image_turbo,6680789117,1,0.590779185295105
z_image_turbo,208025491,0,0.0446808747947216
z_image_turbo,208025491,1,0.8591918349266052
z_image_turbo,4912808658,0,0.03649376705288887
z_image_turbo,4912808658,1,0.06705628335475922
z_image_turbo,3504379205,0,0.043365802615880966
z_image_turbo,3504379205,1,0.7620701193809509
z_image_turbo,172097783,0,0.04707418009638786
z_image_turbo,172097783,1,0.29098084568977356
z_image_turbo,3355683198,0,0.39140594005584717
z_image_turbo,3355683198,1,0.6254380941390991
z_image_turbo,2909982588,0,0.04535257816314697
z_image_turbo,2909982588,1,0.09401018917560577
z_image_turbo,1406296515,0,0.9339146018028259
z_image_turbo,1406296515,1,0.1650540828704834
z_image_turbo,3163281186,0,0.4367421269416809
z_image_turbo,3163281186,1,0.17497345805168152
z_image_turbo,444051472,0,0.05749327689409256
z_image_turbo,444051472,1,0.17497345805168152
z_image_turbo,4523218758,0,0.026556573808193207
z_image_turbo,4523218758,1,0.1540575623512268
z_image_turbo,3368569524,0,0.032344330102205276
z_image_turbo,3368569524,1,0.18359363079071045
z_image_turbo,2391509645,0,0.06954174488782883
z_image_turbo,2391509645,1,0.15304216742515564
z_image_turbo,3041642723,0,0.03308597952127457
z_image_turbo,3041642723,1,0.05665242671966553
z_image_turbo,3469609037,0,0.05070536211133003
z_image_turbo,3469609037,1,0.6787529587745667
z_image_turbo,1157215900,0,0.030444350093603134
z_image_turbo,1157215900,1,0.11879339814186096
z_image_turbo,536537638,0,0.024798160418868065
z_image_turbo,536537638,1,0.12808823585510254
z_image_turbo,69830857,0,0.023330768570303917
z_image_turbo,69830857,1,0.8514594435691833
z_image_turbo,4594224630,0,0.04177388176321983
z_image_turbo,4594224630,1,0.20497773587703705
z_image_turbo,4560100704,0,0.0443485826253891
z_image_turbo,4560100704,1,0.11008787900209427
z_image_turbo,4948403203,0,0.14511536061763763
z_image_turbo,4948403203,1,0.8940516710281372
z_image_turbo,2441313372,0,0.03875619173049927
z_image_turbo,2441313372,1,0.39082449674606323
z_image_turbo,3325960085,0,0.03875619173049927
z_image_turbo,3325960085,1,0.22371606528759003
z_image_turbo,2317271,0,0.048496004194021225
z_image_turbo,2317271,1,0.424710214138031
z_image_turbo,3640348910,0,0.05460060387849808
z_image_turbo,3640348910,1,0.35042139887809753
z_image_turbo,536495604,0,0.03993731737136841
z_image_turbo,536495604,1,0.23792991042137146
z_image_turbo,122301379,0,0.03567855432629585
z_image_turbo,122301379,1,0.17217186093330383
z_image_turbo,1011572216,0,0.04401865229010582
z_image_turbo,1011572216,1,0.4929203987121582
z_image_turbo,1580159719,0,0.017309095710515976
z_image_turbo,1580159719,1,0.17384850978851318
z_image_turbo,4451504790,0,0.029760094359517097
z_image_turbo,4451504790,1,0.23475733399391174
z_image_turbo,3809063851,0,0.022457055747509003
z_image_turbo,3809063851,1,0.18535663187503815
z_image_turbo,3667781063,0,0.017442483454942703
z_image_turbo,3667781063,1,0.07751765847206116
z_image_turbo,4751250311,0,0.05070536211133003
z_image_turbo,4751250311,1,0.15304216742515564
z_image_turbo,3311724634,0,0.04603390023112297
z_image_turbo,3311724634,1,0.12421300262212753
z_image_turbo,4494075018,0,0.05070536211133003
z_image_turbo,4494075018,1,0.08819004893302917
z_image_turbo,3259229498,0,0.053799644112586975
z_image_turbo,3259229498,1,0.3752484917640686
z_image_turbo,2993049054,0,0.030908960849046707
z_image_turbo,2993049054,1,0.5381338000297546
z_image_turbo,2629784415,0,0.48249006271362305
z_image_turbo,2629784415,1,0.3446640074253082
z_image_turbo,2731298834,0,0.049958523362874985
z_image_turbo,2731298834,1,0.05877656117081642
z_image_turbo,4118638516,0,0.0443485826253891
z_image_turbo,4118638516,1,0.10932482779026031
z_image_turbo,3827176890,0,0.06705628335475922
z_image_turbo,3827176890,1,0.7690802216529846
z_image_turbo,4180952377,0,0.032344330102205276
z_image_turbo,4180952377,1,0.24617071449756622
z_image_turbo,5614715384,0,0.053009770810604095
z_image_turbo,5614715384,1,0.6671476364135742
z_image_turbo,2147866213,0,0.05070536211133003
z_image_turbo,2147866213,1,0.7648916244506836
z_image_turbo,4825488431,0,0.05582313984632492
z_image_turbo,4825488431,1,0.9268352389335632
z_image_turbo,4857776520,0,0.029535336419939995
z_image_turbo,4857776520,1,0.17050801217556
z_image_turbo,4920617810,0,0.0427221953868866
z_image_turbo,4920617810,1,0.10818894952535629
z_image_turbo,7129695767,0,0.06418264657258987
z_image_turbo,7129695767,1,0.08945459872484207
z_image_turbo,3399944164,0,0.3199707269668579
z_image_turbo,3399944164,1,0.8991213440895081
z_image_turbo,3726551176,0,0.04603390023112297
z_image_turbo,3726551176,1,0.10087861120700836
z_image_turbo,1196886054,0,0.04177388176321983
z_image_turbo,1196886054,1,0.29380956292152405
z_image_turbo,2579460386,0,0.042087726294994354
z_image_turbo,2579460386,1,0.04672496020793915
z_image_turbo,4899635195,0,0.048136770725250244
z_image_turbo,4899635195,1,0.5763035416603088
z_image_turbo,7430272380,0,0.0960254967212677
z_image_turbo,7430272380,1,0.8991213440895081
z_image_turbo,2265106886,0,0.04922211915254593
z_image_turbo,2265106886,1,0.16344544291496277
z_image_turbo,5513727638,0,0.0541987270116806
z_image_turbo,5513727638,1,0.9136765599250793
z_image_turbo,2682194299,0,0.04084571823477745
z_image_turbo,2682194299,1,0.6744794249534607
z_image_turbo,2837804631,0,0.03649376705288887
z_image_turbo,2837804631,1,0.8610715270042419
z_image_turbo,4480270643,0,0.043691057711839676
z_image_turbo,4480270643,1,0.07263670116662979
z_image_turbo,6156276992,0,0.04501553252339363
z_image_turbo,6156276992,1,0.45265692472457886
z_image_turbo,4555935886,0,0.05223085358738899
z_image_turbo,4555935886,1,0.16026602685451508
z_image_turbo,3609952704,0,0.02822098508477211
z_image_turbo,3609952704,1,0.851952850818634
z_image_turbo,263494261,0,0.037326883524656296
z_image_turbo,263494261,1,0.16079244017601013
z_image_turbo,3451290730,0,0.03934250399470329
z_image_turbo,3451290730,1,0.5358271598815918
z_image_turbo,549520317,0,0.08509904146194458
z_image_turbo,549520317,1,0.5508489608764648
z_image_turbo,4514987995,0,0.04535257816314697
z_image_turbo,4514987995,1,0.9039745330810547
z_image_turbo,7252718418,0,0.05108273774385452
z_image_turbo,7252718418,1,0.430865615606308
z_image_turbo,288025239,0,0.0534033328294754
z_image_turbo,288025239,1,0.27904197573661804
z_image_turbo,76466808,0,0.0838903859257698
z_image_turbo,76466808,1,0.23899394273757935
z_image_turbo,2900905937,0,0.026556573808193207
z_image_turbo,2900905937,1,0.07316471636295319
z_image_turbo,2313551145,0,0.048136770725250244
z_image_turbo,2313551145,1,0.50244140625
z_image_turbo,524036004,0,0.10781264305114746
z_image_turbo,524036004,1,0.09235979616641998
z_image_turbo,3772446893,0,0.04146227240562439
z_image_turbo,3772446893,1,0.5178756713867188
z_image_turbo,3094629328,0,0.034618839621543884
z_image_turbo,3094629328,1,0.20434190332889557
z_image_turbo,3139160252,0,0.053009770810604095
z_image_turbo,3139160252,1,0.8991213440895081
z_image_turbo,118854260,0,0.07004895806312561
z_image_turbo,118854260,1,0.41899406909942627
z_image_turbo,2448393373,0,0.042087726294994354
z_image_turbo,2448393373,1,0.11476478725671768
z_image_turbo,4222067827,0,0.0534033328294754
z_image_turbo,4222067827,1,0.2120688110589981
z_image_turbo,449352117,0,0.04240383207798004
z_image_turbo,449352117,1,0.5987815260887146
z_image_turbo,2735558076,0,0.028652669861912727
z_image_turbo,2735558076,1,0.21866938471794128
z_image_turbo,4858175898,0,0.03993731737136841
z_image_turbo,4858175898,1,0.643105149269104
z_image_turbo,4442319130,0,0.0378924235701561
z_image_turbo,4442319130,1,0.052618954330682755
z_image_turbo,2954929479,0,0.04401865229010582
z_image_turbo,2954929479,1,0.939024806022644
z_image_turbo,16158623,0,0.0384661927819252
z_image_turbo,16158623,1,0.15002882480621338
z_image_turbo,5501340599,0,0.04707418009638786
z_image_turbo,5501340599,1,0.9207897186279297
z_image_turbo,1015118661,0,0.028007520362734795
z_image_turbo,1015118661,1,0.12721827626228333
flux_1_dev,1016887272,0,0.05033063143491745
flux_1_dev,1016887272,1,0.31111282110214233
flux_1_dev,7162685234,0,0.7745833992958069
flux_1_dev,7162685234,1,0.9353464841842651
flux_1_dev,3000017878,0,0.05834583565592766
flux_1_dev,3000017878,1,0.9437636137008667
flux_1_dev,4971484184,0,0.05921025201678276
flux_1_dev,4971484184,1,0.6250948309898376
flux_1_dev,92679312,0,0.07864238321781158
flux_1_dev,92679312,1,0.32723814249038696
flux_1_dev,2853682342,0,0.0534033328294754
flux_1_dev,2853682342,1,0.1431877166032791
flux_1_dev,5131842202,0,0.049958523362874985
flux_1_dev,5131842202,1,0.13161905109882355
flux_1_dev,4859170265,0,0.05146276578307152
flux_1_dev,4859170265,1,0.1525365114212036
flux_1_dev,2612125121,0,0.02822098508477211
flux_1_dev,2612125121,1,0.6274948120117188
flux_1_dev,3134644844,0,0.03384403511881828
flux_1_dev,3134644844,1,0.13660839200019836
flux_1_dev,316298162,0,0.027585284784436226
flux_1_dev,316298162,1,0.2557152211666107
flux_1_dev,3601843201,0,0.0534033328294754
flux_1_dev,3601843201,1,0.08819004893302917
flux_1_dev,5086989679,0,0.12252321094274521
flux_1_dev,5086989679,1,0.783326268196106
flux_1_dev,1246863003,0,0.02843603491783142
flux_1_dev,1246863003,1,0.5770187377929688
flux_1_dev,2193001254,0,0.200557678937912
flux_1_dev,2193001254,1,0.6876299977302551
flux_1_dev,4283472819,0,0.04401865229010582
flux_1_dev,4283472819,1,0.16184942424297333
flux_1_dev,1117972841,0,0.14706452190876007
flux_1_dev,1117972841,1,0.8757869601249695
flux_1_dev,48614561,0,0.05108273774385452
flux_1_dev,48614561,1,0.9437636137008667
flux_1_dev,6232601127,0,0.025371313095092773
flux_1_dev,6232601127,1,0.8514594435691833
flux_1_dev,4439654945,0,0.03963884338736534
flux_1_dev,4439654945,1,0.6322757005691528
flux_1_dev,269898428,0,0.023330768570303917
flux_1_dev,269898428,1,0.9399133324623108
flux_1_dev,2113592981,0,0.04146227240562439
flux_1_dev,2113592981,1,0.21800270676612854
flux_1_dev,1542970158,0,0.020645931363105774
flux_1_dev,1542970158,1,0.169956237077713
flux_1_dev,4743795506,0,0.03488088771700859
flux_1_dev,4743795506,1,0.9353464841842651
flux_1_dev,1313961775,0,0.052618954330682755
flux_1_dev,1313961775,1,0.06325051933526993
flux_1_dev,4005756399,0,0.027376487851142883
flux_1_dev,4005756399,1,0.1276526302099228
flux_1_dev,4844409798,0,0.048496004194021225
flux_1_dev,4844409798,1,0.8940516710281372
flux_1_dev,4970590451,0,0.048136770725250244
flux_1_dev,4970590451,1,0.6482437252998352
flux_1_dev,2536995789,0,0.01640303246676922
flux_1_dev,2536995789,1,0.04742587357759476
flux_1_dev,2230134548,0,0.03488088771700859
flux_1_dev,2230134548,1,0.11124120652675629
flux_1_dev,1295719054,0,0.04672496020793915
flux_1_dev,1295719054,1,0.09467770159244537
flux_1_dev,407815946,0,0.07159119844436646
flux_1_dev,407815946,1,0.1535491794347763
flux_1_dev,4726677489,0,0.046378206461668015
flux_1_dev,4726677489,1,0.1208532303571701
flux_1_dev,2431723485,0,0.05541279539465904
flux_1_dev,2431723485,1,0.22746935486793518
flux_1_dev,4686568156,0,0.030908960849046707
flux_1_dev,4686568156,1,0.15869519114494324
flux_1_dev,688926797,0,0.03308597952127457
flux_1_dev,688926797,1,0.8844391107559204
flux_1_dev,3245460937,0,0.053009770810604095
flux_1_dev,3245460937,1,0.7708100080490112
flux_1_dev,4759710534,0,0.06325051933526993
flux_1_dev,4759710534,1,0.19930800795555115
flux_1_dev,6338704,0,0.013955710455775261
flux_1_dev,6338704,1,0.18476751446723938
flux_1_dev,2723024306,0,0.038178276270627975
flux_1_dev,2723024306,1,0.43014732003211975
flux_1_dev,23473996,0,0.027169233188033104
flux_1_dev,23473996,1,0.12463856488466263
flux_1_dev,2831215155,0,0.07159119844436646
flux_1_dev,2831215155,1,0.780662477016449
flux_1_dev,4682929932,0,0.057918086647987366
flux_1_dev,4682929932,1,0.2841785252094269
flux_1_dev,2736263351,0,0.024053553119301796
flux_1_dev,2736263351,1,0.37822940945625305
flux_1_dev,4376363559,0,0.05665242671966553
flux_1_dev,4376363559,1,0.13799647986888885
flux_1_dev,4937441878,0,0.018124720081686974
flux_1_dev,4937441878,1,0.4739006757736206
flux_1_dev,6386880789,0,0.04707418009638786
flux_1_dev,6386880789,1,0.6548947095870972
flux_1_dev,3698607223,0,0.05665242671966553
flux_1_dev,3698607223,1,0.24041776359081268
flux_1_dev,3134341610,0,0.06097518280148506
flux_1_dev,3134341610,1,0.8402590155601501
flux_1_dev,11551286,0,0.048136770725250244
flux_1_dev,11551286,1,0.2991051971912384
flux_1_dev,214166720,0,0.03704717382788658
flux_1_dev,214166720,1,0.8354835510253906
flux_1_dev,3179223972,0,0.0427221953868866
flux_1_dev,3179223972,1,0.7813306450843811
flux_1_dev,4540165999,0,0.04569203406572342
flux_1_dev,4540165999,1,0.6162432432174683
flux_1_dev,3217187564,0,0.04885777831077576
flux_1_dev,3217187564,1,0.8633915781974792
flux_1_dev,1097710887,0,0.05033063143491745
flux_1_dev,1097710887,1,0.7371581792831421
flux_1_dev,5138003138,0,0.0534033328294754
flux_1_dev,5138003138,1,0.875361442565918
flux_1_dev,2743465453,0,0.03704717382788658
flux_1_dev,2743465453,1,0.27318641543388367
flux_1_dev,4650780114,0,0.03676946461200714
flux_1_dev,4650780114,1,0.8514594435691833
flux_1_dev,3518443604,0,0.03283695504069328
flux_1_dev,3518443604,1,0.48267295956611633
flux_1_dev,55438559,0,0.02931223064661026
flux_1_dev,55438559,1,0.5901888608932495
flux_1_dev,3381788544,0,0.034100428223609924
flux_1_dev,3381788544,1,0.6568784117698669
flux_1_dev,3584603849,0,0.04958902671933174
flux_1_dev,3584603849,1,0.9278878569602966
flux_1_dev,2790909995,0,0.13117322325706482
flux_1_dev,2790909995,1,0.8976953029632568
flux_1_dev,777288299,0,0.053799644112586975
flux_1_dev,777288299,1,0.5826097726821899
flux_1_dev,16396205,0,0.028007520362734795
flux_1_dev,16396205,1,0.7956580519676208
flux_1_dev,3774986130,0,0.04922211915254593
flux_1_dev,3774986130,1,0.5755879878997803
flux_1_dev,4979293130,0,0.04115288704633713
flux_1_dev,4979293130,1,0.8807970285415649
flux_1_dev,553918837,0,0.04146227240562439
flux_1_dev,553918837,1,0.7708100080490112
flux_1_dev,4507048434,0,0.05184547230601311
flux_1_dev,4507048434,1,0.31111282110214233
flux_1_dev,2970183443,0,0.0427221953868866
flux_1_dev,2970183443,1,0.837619960308075
flux_1_dev,2645724661,0,0.05070536211133003
flux_1_dev,2645724661,1,0.4469171166419983
flux_1_dev,4274214534,0,0.04084571823477745
flux_1_dev,4274214534,1,0.3250918984413147
flux_1_dev,322563288,0,0.04535257816314697
flux_1_dev,322563288,1,0.808672308921814
flux_1_dev,144571886,0,0.05070536211133003
flux_1_dev,144571886,1,0.45677322149276733
flux_1_dev,405615014,0,0.030675798654556274
flux_1_dev,405615014,1,0.5837966799736023
flux_1_dev,4848645410,0,0.048136770725250244
flux_1_dev,4848645410,1,0.6988435387611389
flux_1_dev,4563177695,0,0.05582313984632492
flux_1_dev,4563177695,1,0.5161076784133911
flux_1_dev,86120682,0,0.0446808747947216
flux_1_dev,86120682,1,0.3733045160770416
flux_1_dev,4623878206,0,0.02161533385515213
flux_1_dev,4623878206,1,0.188323974609375
flux_1_dev,392467282,0,0.053009770810604095
flux_1_dev,392467282,1,0.8661325573921204
flux_1_dev,3310851569,0,0.03308597952127457
flux_1_dev,3310851569,1,0.6020615696907043
flux_1_dev,3415178926,0,0.06512755155563354
flux_1_dev,3415178926,1,0.8572908639907837
flux_1_dev,5123000955,0,0.28378137946128845
flux_1_dev,5123000955,1,0.8233283758163452
flux_1_dev,2517489722,0,0.04885777831077576
flux_1_dev,2517489722,1,0.4804786741733551
flux_1_dev,410422753,0,0.04742587357759476
flux_1_dev,410422753,1,0.4814538359642029
flux_1_dev,4716376540,0,0.03514484688639641
flux_1_dev,4716376540,1,0.08570927381515503
flux_1_dev,2229108152,0,0.038178276270627975
flux_1_dev,2229108152,1,0.8116759657859802
flux_1_dev,4558580445,0,0.04401865229010582
flux_1_dev,4558580445,1,0.5209837555885315
flux_1_dev,4964794183,0,0.04535257816314697
flux_1_dev,4964794183,1,0.1755380630493164
flux_1_dev,2705101739,0,0.0443485826253891
flux_1_dev,2705101739,1,0.19559407234191895
flux_1_dev,4692725862,0,0.08570927381515503
flux_1_dev,4692725862,1,0.7956580519676208
flux_1_dev,4752721674,0,0.04569203406572342
flux_1_dev,4752721674,1,0.7988152503967285
flux_1_dev,3516087269,0,0.049958523362874985
flux_1_dev,3516087269,1,0.17497345805168152
flux_1_dev,4465093007,0,0.028007520362734795
flux_1_dev,4465093007,1,0.2759094536304474
flux_1_dev,3019667009,0,0.02615562081336975
flux_1_dev,3019667009,1,0.5129365921020508
flux_1_dev,4565084634,0,0.03138043358922005
flux_1_dev,4565084634,1,0.09501304477453232
flux_1_dev,4550700462,0,0.04501553252339363
flux_1_dev,4550700462,1,0.1672186702489853
flux_1_dev,3365783912,0,0.034618839621543884
flux_1_dev,3365783912,1,0.12808823585510254
flux_1_dev,3501457496,0,0.04023794084787369
flux_1_dev,3501457496,1,0.2400612235069275
flux_1_dev,241109594,0,0.05033063143491745
flux_1_dev,241109594,1,0.13028542697429657
flux_1_dev,2123838998,0,0.05033063143491745
flux_1_dev,2123838998,1,0.19930800795555115
flux_1_dev,218225539,0,0.04054073989391327
flux_1_dev,218225539,1,0.5479176640510559
flux_1_dev,2608623292,0,0.2240554690361023
flux_1_dev,2608623292,1,0.11920291930437088
flux_1_dev,5662260935,0,0.05707140266895294
flux_1_dev,5662260935,1,0.3750768005847931
flux_1_dev,3396251819,0,0.05921025201678276
flux_1_dev,3396251819,1,0.8998277187347412
flux_1_dev,7472814756,0,0.06656918674707413
flux_1_dev,7472814756,1,0.9268352389335632
flux_1_dev,227689211,0,0.03622005879878998
flux_1_dev,227689211,1,0.560748815536499
flux_1_dev,2394003437,0,0.02909075655043125
flux_1_dev,2394003437,1,0.7431679368019104
flux_1_dev,4074473431,0,0.043365802615880966
flux_1_dev,4074473431,1,0.4943850338459015
flux_1_dev,370445133,0,0.0446808747947216
flux_1_dev,370445133,1,0.8365545868873596
flux_1_dev,5526795355,0,0.14463144540786743
flux_1_dev,5526795355,1,0.07263670116662979
flux_1_dev,2768972186,0,0.04958902671933174
flux_1_dev,2768972186,1,0.2762998342514038
flux_1_dev,16630920,0,0.05707140266895294
flux_1_dev,16630920,1,0.1772405207157135
flux_1_dev,3560081723,0,0.11476478725671768
flux_1_dev,3560081723,1,0.8848377466201782
flux_1_dev,2881378816,0,0.019870713353157043
flux_1_dev,2881378816,1,0.05834583565592766
flux_1_dev,4695471709,0,0.04603390023112297
flux_1_dev,4695471709,1,0.5031737685203552
flux_1_dev,551315867,0,0.06097518280148506
flux_1_dev,551315867,1,0.7283620238304138
flux_1_dev,2657844508,0,0.05146276578307152
flux_1_dev,2657844508,1,0.08945459872484207
flux_1_dev,39024981,0,0.01428193412721157
flux_1_dev,39024981,1,0.7268136143684387
flux_1_dev,3114944484,0,0.024423090741038322
flux_1_dev,3114944484,1,0.17497345805168152
flux_1_dev,4770473055,0,0.048496004194021225
flux_1_dev,4770473055,1,0.3697701096534729
flux_1_dev,4764087782,0,0.043042849749326706
flux_1_dev,4764087782,1,0.3941135108470917
flux_1_dev,6693881913,0,0.032344330102205276
flux_1_dev,6693881913,1,0.5903069972991943
flux_1_dev,7235990180,0,0.0541987270116806
flux_1_dev,7235990180,1,0.3812195658683777
flux_1_dev,6084817815,0,0.048136770725250244
flux_1_dev,6084817815,1,0.38641607761383057
flux_1_dev,2229177914,0,0.053799644112586975
flux_1_dev,2229177914,1,0.9241418242454529
flux_1_dev,2113996953,0,0.024798160418868065
flux_1_dev,2113996953,1,0.5167021751403809
flux_1_dev,4878415659,0,0.06008664518594742
flux_1_dev,4878415659,1,0.5298716425895691
flux_1_dev,2313598755,0,0.020023440942168236
flux_1_dev,2313598755,1,0.9358173608779907
flux_1_dev,3169276423,0,0.049958523362874985
flux_1_dev,3169276423,1,0.917302668094635
flux_1_dev,3805877081,0,0.06097518280148506
flux_1_dev,3805877081,1,0.6867902874946594
flux_1_dev,7784556300,0,0.08151975274085999
flux_1_dev,7784556300,1,0.9623913168907166
flux_1_dev,1303727066,0,0.05623634159564972
flux_1_dev,1303727066,1,0.07369627058506012
flux_1_dev,3247052319,0,0.07585817575454712
flux_1_dev,3247052319,1,0.36161547899246216
flux_1_dev,2949337912,0,0.0427221953868866
flux_1_dev,2949337912,1,0.8745065331459045
flux_1_dev,2324581814,0,0.02460992895066738
flux_1_dev,2324581814,1,0.8624675869941711
flux_1_dev,7046014201,0,0.03649376705288887
flux_1_dev,7046014201,1,0.07159119844436646
flux_1_dev,4494095559,0,0.053799644112586975
flux_1_dev,4494095559,1,0.43551135063171387
flux_1_dev,3199895624,0,0.029986508190631866
flux_1_dev,3199895624,1,0.9407896995544434
flux_1_dev,3126753745,0,0.031143832951784134
flux_1_dev,3126753745,1,0.09467770159244537
flux_1_dev,269440642,0,0.0446808747947216
flux_1_dev,269440642,1,0.31742629408836365
flux_1_dev,3676788491,0,0.03649376705288887
flux_1_dev,3676788491,1,0.5195213556289673
flux_1_dev,5009047021,0,0.0541987270116806
flux_1_dev,5009047021,1,0.14414885640144348
flux_1_dev,3072074170,0,0.03993731737136841
flux_1_dev,3072074170,1,0.7029380202293396
flux_1_dev,2852982055,0,0.04501553252339363
flux_1_dev,2852982055,1,0.8606036305427551
flux_1_dev,460326010,0,0.0541987270116806
flux_1_dev,460326010,1,0.8766343593597412
flux_1_dev,3090398639,0,0.09203286468982697
flux_1_dev,3090398639,1,0.4586820900440216
flux_1_dev,3707283973,0,0.05108273774385452
flux_1_dev,3707283973,1,0.1127953976392746
flux_1_dev,4090827772,0,0.0443485826253891
flux_1_dev,4090827772,1,0.5704509615898132
flux_1_dev,5194023863,0,0.04885777831077576
flux_1_dev,5194023863,1,0.9056565761566162
flux_1_dev,116409198,0,0.04569203406572342
flux_1_dev,116409198,1,0.1325145661830902
flux_1_dev,81125088,0,0.05541279539465904
flux_1_dev,81125088,1,0.7000752091407776
flux_1_dev,3634400263,0,0.04569203406572342
flux_1_dev,3634400263,1,0.6074303388595581
flux_1_dev,4893545292,0,0.053009770810604095
flux_1_dev,4893545292,1,0.47085827589035034
flux_1_dev,5171155099,0,0.049958523362874985
flux_1_dev,5171155099,1,0.26664361357688904
flux_1_dev,2725441885,0,0.04501553252339363
flux_1_dev,2725441885,1,0.7174080014228821
flux_1_dev,5062422406,0,0.034618839621543884
flux_1_dev,5062422406,1,0.358465313911438
flux_1_dev,4978901111,0,0.05665242671966553
flux_1_dev,4978901111,1,0.33133605122566223
flux_1_dev,2327240505,0,0.034618839621543884
flux_1_dev,2327240505,1,0.09268777817487717
flux_1_dev,280840823,0,0.02145073190331459
flux_1_dev,280840823,1,0.9263036847114563
flux_1_dev,491987177,0,0.05184547230601311
flux_1_dev,491987177,1,0.6992543935775757
flux_1_dev,2889113059,0,0.038178276270627975
flux_1_dev,2889113059,1,0.3391706645488739
flux_1_dev,519228867,0,0.1127953976392746
flux_1_dev,519228867,1,0.4841362237930298
flux_1_dev,4455065396,0,0.028870906680822372
flux_1_dev,4455065396,1,0.9213575720787048
flux_1_dev,2437392162,0,0.2267836183309555
flux_1_dev,2437392162,1,0.6001883149147034
flux_1_dev,7990849887,0,0.03384403511881828
flux_1_dev,7990849887,1,0.7150261998176575
flux_1_dev,4918525947,0,0.04958902671933174
flux_1_dev,4918525947,1,0.31869715452194214
flux_1_dev,2384401298,0,0.043042849749326706
flux_1_dev,2384401298,1,0.9621075391769409
flux_1_dev,451547131,0,0.030675798654556274
flux_1_dev,451547131,1,0.9155072569847107
flux_1_dev,2174648405,0,0.15152934193611145
flux_1_dev,2174648405,1,0.502685546875
flux_1_dev,6828750292,0,0.025565212592482567
flux_1_dev,6828750292,1,0.053009770810604095
flux_1_dev,101262930,0,0.04778006672859192
flux_1_dev,101262930,1,0.3881540894508362
flux_1_dev,3183330562,0,0.04115288704633713
flux_1_dev,3183330562,1,0.09401018917560577
flux_1_dev,4459033855,0,0.05460060387849808
flux_1_dev,4459033855,1,0.31111282110214233
flux_1_dev,3297272270,0,0.04922211915254593
flux_1_dev,3297272270,1,0.3036285638809204
flux_1_dev,146019208,0,0.04146227240562439
flux_1_dev,146019208,1,0.7375364303588867
flux_1_dev,4511879942,0,0.05460060387849808
flux_1_dev,4511879942,1,0.6800292134284973
flux_1_dev,3422458549,0,0.15052762627601624
flux_1_dev,3422458549,1,0.30383509397506714
flux_1_dev,2543589122,0,0.08093671500682831
flux_1_dev,2543589122,1,0.07055959850549698
flux_1_dev,44619131,0,0.04054073989391327
flux_1_dev,44619131,1,0.4408303201198578
flux_1_dev,20702864,0,0.052618954330682755
flux_1_dev,20702864,1,0.06954174488782883
flux_1_dev,2971478694,0,0.11716748028993607
flux_1_dev,2971478694,1,0.47962555289268494
flux_1_dev,5220880759,0,0.048136770725250244
flux_1_dev,5220880759,1,0.18126320838928223
flux_1_dev,2549946671,0,0.03567855432629585
flux_1_dev,2549946671,1,0.9640516638755798
flux_1_dev,5896386113,0,0.055005282163619995
flux_1_dev,5896386113,1,0.16559311747550964
flux_1_dev,4917931600,0,0.03760863468050957
flux_1_dev,4917931600,1,0.2689414322376251
flux_1_dev,160566014,0,0.043042849749326706
flux_1_dev,160566014,1,0.5089101791381836
flux_1_dev,2997939824,0,0.04535257816314697
flux_1_dev,2997939824,1,0.8169911503791809
flux_1_dev,2646540383,0,0.06560482829809189
flux_1_dev,2646540383,1,0.6614856719970703
flux_1_dev,3553056438,0,0.03704717382788658
flux_1_dev,3553056438,1,0.6071974039077759
flux_1_dev,7081584189,0,0.0832919329404831
flux_1_dev,7081584189,1,0.20882359147071838
flux_1_dev,707941195,0,0.13706977665424347
flux_1_dev,707941195,1,0.5693438649177551
flux_1_dev,3120921482,0,0.04742587357759476
flux_1_dev,3120921482,1,0.19744445383548737
flux_1_dev,4715269800,0,0.043691057711839676
flux_1_dev,4715269800,1,0.10970577597618103
flux_1_dev,484280924,0,0.04115288704633713
flux_1_dev,484280924,1,0.21272224187850952
flux_1_dev,1554713437,0,0.04707418009638786
flux_1_dev,1554713437,1,0.8770562410354614
flux_1_dev,4689487867,0,0.03963884338736534
flux_1_dev,4689487867,1,0.6768335103988647
flux_1_dev,313385842,0,0.05070536211133003
flux_1_dev,313385842,1,0.1830088496208191
flux_1_dev,74635420,0,0.0427221953868866
flux_1_dev,74635420,1,0.3013620674610138
flux_1_dev,2638177115,0,0.04778006672859192
flux_1_dev,2638177115,1,0.07978201657533646
flux_1_dev,3218861747,0,0.04023794084787369
flux_1_dev,3218861747,1,0.22101424634456635
flux_1_dev,2842439618,0,0.0446808747947216
flux_1_dev,2842439618,1,0.501953125
flux_1_dev,4830307454,0,0.05707140266895294
flux_1_dev,4830307454,1,0.9130582809448242
flux_1_dev,837919879,0,0.039048291742801666
flux_1_dev,837919879,1,0.8386797308921814
flux_1_dev,503357436,0,0.048136770725250244
flux_1_dev,503357436,1,0.6265812516212463
flux_1_dev,4549641134,0,0.05223085358738899
flux_1_dev,4549641134,1,0.19744445383548737
flux_1_dev,4145119743,0,0.02460992895066738
flux_1_dev,4145119743,1,0.6938879489898682
flux_1_dev,455714074,0,0.02178117260336876
flux_1_dev,455714074,1,0.268557608127594
flux_1_dev,6848277313,0,0.0541987270116806
flux_1_dev,6848277313,1,0.16132023930549622
flux_1_dev,1329832826,0,0.04501553252339363
flux_1_dev,1329832826,1,0.7512834072113037
flux_1_dev,3667788497,0,0.07640768587589264
flux_1_dev,3667788497,1,0.20946969091892242
flux_1_dev,4851524954,0,0.048136770725250244
flux_1_dev,4851524954,1,0.10932482779026031
flux_1_dev,6066650935,0,0.12678517401218414
flux_1_dev,6066650935,1,0.2759094536304474
flux_1_dev,289639811,0,0.019419347867369652
flux_1_dev,289639811,1,0.30985844135284424
flux_1_dev,4791485167,0,0.05146276578307152
flux_1_dev,4791485167,1,0.9184802770614624
flux_1_dev,3738685861,0,0.03514484688639641
flux_1_dev,3738685861,1,0.37696710228919983
flux_1_dev,1558753996,0,0.04401865229010582
flux_1_dev,1558753996,1,0.9219217896461487
flux_1_dev,4433634883,0,0.04054073989391327
flux_1_dev,4433634883,1,0.26057755947113037
flux_1_dev,516360813,0,0.053799644112586975
flux_1_dev,516360813,1,0.17050801217556
flux_1_dev,4486484038,0,0.06097518280148506
flux_1_dev,4486484038,1,0.5029296278953552
flux_1_dev,3508522093,0,0.03760863468050957
flux_1_dev,3508522093,1,0.4982299506664276
flux_1_dev,151215569,0,0.02080448903143406
flux_1_dev,151215569,1,0.1200256273150444
flux_1_dev,2618322793,0,0.08269733935594559
flux_1_dev,2618322793,1,0.6242935061454773
flux_1_dev,4817804359,0,0.025371313095092773
flux_1_dev,4817804359,1,0.24364244937896729
flux_1_dev,2747436384,0,0.0446808747947216
flux_1_dev,2747436384,1,0.1859472095966339
flux_1_dev,4812155149,0,0.048136770725250244
flux_1_dev,4812155149,1,0.6426568031311035
flux_1_dev,28041138,0,0.048496004194021225
flux_1_dev,28041138,1,0.18476751446723938
flux_1_dev,3307667255,0,0.6601723432540894
flux_1_dev,3307667255,1,0.43518128991127014
flux_1_dev,2536957963,0,0.034100428223609924
flux_1_dev,2536957963,1,0.33306920528411865
flux_1_dev,430964917,0,0.029986508190631866
flux_1_dev,430964917,1,0.3486451506614685
flux_1_dev,2279432034,0,0.043042849749326706
flux_1_dev,2279432034,1,0.6636689305305481
flux_1_dev,4614358086,0,0.03760863468050957
flux_1_dev,4614358086,1,0.41075628995895386
flux_1_dev,3515451715,0,0.05108273774385452
flux_1_dev,3515451715,1,0.12721827626228333
flux_1_dev,4975536758,0,0.053799644112586975
flux_1_dev,4975536758,1,0.9324532747268677
flux_1_dev,3085590738,0,0.049958523362874985
flux_1_dev,3085590738,1,0.5122045874595642
flux_1_dev,7772052674,0,0.05146276578307152
flux_1_dev,7772052674,1,0.1761041283607483
flux_1_dev,6847401646,0,0.0541987270116806
flux_1_dev,6847401646,1,0.2845759987831116
flux_1_dev,3640870001,0,0.048496004194021225
flux_1_dev,3640870001,1,0.5610945224761963
flux_1_dev,2908493594,0,0.030908960849046707
flux_1_dev,2908493594,1,0.18653921782970428
flux_1_dev,45334151,0,0.043042849749326706
flux_1_dev,45334151,1,0.5358271598815918
flux_1_dev,135444196,0,0.0792103260755539
flux_1_dev,135444196,1,0.9012274742126465
flux_1_dev,3700322513,0,0.04778006672859192
flux_1_dev,3700322513,1,0.873214840888977
flux_1_dev,7746984692,0,0.048136770725250244
flux_1_dev,7746984692,1,0.14128142595291138
flux_1_dev,3727740053,0,0.04401865229010582
flux_1_dev,3727740053,1,0.6667138338088989
flux_1_dev,6160193920,0,0.1212688684463501
flux_1_dev,6160193920,1,0.42667990922927856
flux_1_dev,1196746186,0,0.0844927579164505
flux_1_dev,1196746186,1,0.8872045874595642
flux_1_dev,2654943319,0,0.038178276270627975
flux_1_dev,2654943319,1,0.08210662752389908
flux_1_dev,3815318559,0,0.06853749603033066
flux_1_dev,3815318559,1,0.9012274742126465
flux_1_dev,4935046155,0,0.042087726294994354
flux_1_dev,4935046155,1,0.6506892442703247
flux_1_dev,2527411111,0,0.014392335899174213
flux_1_dev,2527411111,1,0.13072869181632996
flux_1_dev,428979011,0,0.030675798654556274
flux_1_dev,428979011,1,0.08093671500682831
flux_1_dev,2255266906,0,0.04240383207798004
flux_1_dev,2255266906,1,0.7248703241348267
flux_1_dev,3559693175,0,0.049958523362874985
flux_1_dev,3559693175,1,0.6963714361190796
flux_1_dev,3320411267,0,0.053009770810604095
flux_1_dev,3320411267,1,0.6014765501022339
flux_1_dev,3475111806,0,0.03384403511881828
flux_1_dev,3475111806,1,0.6588566303253174
flux_1_dev,6952893010,0,0.07055959850549698
flux_1_dev,6952893010,1,0.9149009585380554
flux_1_dev,3595412126,0,0.043042849749326706
flux_1_dev,3595412126,1,0.18713268637657166
flux_1_dev,3599780784,0,0.05108273774385452
flux_1_dev,3599780784,1,0.9339146018028259
flux_1_dev,3024022266,0,0.07211220264434814
flux_1_dev,3024022266,1,0.06142403930425644
flux_1_dev,1444710198,0,0.049958523362874985
flux_1_dev,1444710198,1,0.2751297354698181
flux_1_dev,4936302238,0,0.08269733935594559
flux_1_dev,4936302238,1,0.2351084053516388
flux_1_dev,4287633714,0,0.04054073989391327
flux_1_dev,4287633714,1,0.7937461733818054
flux_1_dev,7616312438,0,0.03210070729255676
flux_1_dev,7616312438,1,0.21076630055904388
flux_1_dev,4480923732,0,0.08819004893302917
flux_1_dev,4480923732,1,0.13432104885578156
flux_1_dev,4890932738,0,0.05877656117081642
flux_1_dev,4890932738,1,0.11920291930437088
flux_1_dev,3996889070,0,0.06512755155563354
flux_1_dev,3996889070,1,0.13846179842948914
flux_1_dev,253924161,0,0.028652669861912727
flux_1_dev,253924161,1,0.7826625108718872
flux_1_dev,4838106858,0,0.0832919329404831
flux_1_dev,4838106858,1,0.26817411184310913
flux_1_dev,3329207492,0,0.049958523362874985
flux_1_dev,3329207492,1,0.5048826336860657
flux_1_dev,2058124718,0,0.04569203406572342
flux_1_dev,2058124718,1,0.8933094143867493
flux_1_dev,2532047708,0,0.053799644112586975
flux_1_dev,2532047708,1,0.4222067892551422
flux_1_dev,4690278994,0,0.06608537584543228
flux_1_dev,4690278994,1,0.4464946985244751
flux_1_dev,1806580620,0,0.06465348601341248
flux_1_dev,1806580620,1,0.14953137934207916
flux_1_dev,358355700,0,0.034358687698841095
flux_1_dev,358355700,1,0.33524203300476074
flux_1_dev,3449114979,0,0.03934250399470329
flux_1_dev,3449114979,1,0.44314855337142944
flux_1_dev,104285082,0,0.09138210862874985
flux_1_dev,104285082,1,0.12940272688865662
flux_1_dev,2763090857,0,0.05070536211133003
flux_1_dev,2763090857,1,0.2024431824684143
flux_1_dev,3168327945,0,0.03760863468050957
flux_1_dev,3168327945,1,0.4268292486667633
flux_1_dev,3455019076,0,0.04569203406572342
flux_1_dev,3455019076,1,0.09704755991697311
flux_1_dev,4676792744,0,0.04023794084787369
flux_1_dev,4676792744,1,0.6725468039512634
flux_1_dev,2589156742,0,0.030908960849046707
flux_1_dev,2589156742,1,0.14560063183307648
flux_1_dev,530170010,0,0.037326883524656296
flux_1_dev,530170010,1,0.8705973029136658
flux_1_dev,3373544964,0,0.03993731737136841
flux_1_dev,3373544964,1,0.4723183810710907
flux_1_dev,4821810079,0,0.0446808747947216
flux_1_dev,4821810079,1,0.8233283758163452
flux_1_dev,2293149170,0,0.03185885772109032
flux_1_dev,2293149170,1,0.9324532747268677
flux_1_dev,4368362518,0,0.09807932376861572
flux_1_dev,4368362518,1,0.8255897164344788
flux_1_dev,4925573161,0,0.04569203406572342
flux_1_dev,4925573161,1,0.700894832611084
flux_1_dev,2834103050,0,0.0443485826253891
flux_1_dev,2834103050,1,0.9367494583129883
flux_1_dev,2923086298,0,0.05146276578307152
flux_1_dev,2923086298,1,0.1772405207157135
flux_1_dev,2468906010,0,0.05108273774385452
flux_1_dev,2468906010,1,0.167763352394104
flux_1_dev,160541986,0,0.02822098508477211
flux_1_dev,160541986,1,0.801314651966095
flux_1_dev,2404959574,0,0.03934250399470329
flux_1_dev,2404959574,1,0.2011847198009491
flux_1_dev,3494151850,0,0.8844391107559204
flux_1_dev,3494151850,1,0.1980641782283783
flux_1_dev,2537002791,0,0.06325051933526993
flux_1_dev,2537002791,1,0.5204963088035583
flux_1_dev,3354474353,0,0.053009770810604095
flux_1_dev,3354474353,1,0.6544531583786011
flux_1_dev,517942470,0,0.031618766486644745
flux_1_dev,517942470,1,0.9066531658172607
flux_1_dev,3461041826,0,0.048496004194021225
flux_1_dev,3461041826,1,0.1525365114212036
flux_1_dev,2763601657,0,0.02779562398791313
flux_1_dev,2763601657,1,0.7110297679901123
flux_1_dev,6314475602,0,0.10158944129943848
flux_1_dev,6314475602,1,0.6614856719970703
flux_1_dev,2249682069,0,0.0384661927819252
flux_1_dev,2249682069,1,0.06705628335475922
flux_1_dev,4694894610,0,0.037326883524656296
flux_1_dev,4694894610,1,0.13614831864833832
flux_1_dev,3771613841,0,0.042087726294994354
flux_1_dev,3771613841,1,0.14128142595291138
flux_1_dev,4791513183,0,0.05070536211133003
flux_1_dev,4791513183,1,0.34312161803245544
flux_1_dev,498404951,0,0.09842541813850403
flux_1_dev,498404951,1,0.4069797992706299
flux_1_dev,3799708677,0,0.22202469408512115
flux_1_dev,3799708677,1,0.3326354920864105
flux_1_dev,4973611817,0,0.025760561227798462
flux_1_dev,4973611817,1,0.3015677034854889
flux_1_dev,3027397797,0,0.04115288704633713
flux_1_dev,3027397797,1,0.7322090864181519
flux_1_dev,3539960792,0,0.0333368219435215
flux_1_dev,3539960792,1,0.6884684562683105
flux_1_dev,1424775129,0,0.052618954330682755
flux_1_dev,1424775129,1,0.9334307909011841
flux_1_dev,3635194562,0,0.08882028609514236
flux_1_dev,3635194562,1,0.9252299070358276
flux_1_dev,8034139464,0,0.06512755155563354
flux_1_dev,8034139464,1,0.3486451506614685
flux_1_dev,2393971707,0,0.04922211915254593
flux_1_dev,2393971707,1,0.38624244928359985
flux_1_dev,2474776724,0,0.038178276270627975
flux_1_dev,2474776724,1,0.9066531658172607
flux_1_dev,2910885196,0,0.04922211915254593
flux_1_dev,2910885196,1,0.12043881416320801
flux_1_dev,5199439325,0,0.05623634159564972
flux_1_dev,5199439325,1,0.7244806289672852
flux_1_dev,2786245676,0,0.9284088015556335
flux_1_dev,2786245676,1,0.2999247610569
flux_1_dev,7610186624,0,0.0446808747947216
flux_1_dev,7610186624,1,0.3257350027561188
flux_1_dev,8038092309,0,0.029986508190631866
flux_1_dev,8038092309,1,0.07423136383295059
flux_1_dev,2123995873,0,0.030444350093603134
flux_1_dev,2123995873,1,0.07055959850549698
flux_1_dev,852427632,0,0.039048291742801666
flux_1_dev,852427632,1,0.8204693794250488
flux_1_dev,4885036157,0,0.046378206461668015
flux_1_dev,4885036157,1,0.23970511555671692
flux_1_dev,6632464405,0,0.05108273774385452
flux_1_dev,6632464405,1,0.2030746340751648
flux_1_dev,3522989916,0,0.038178276270627975
flux_1_dev,3522989916,1,0.05108273774385452
flux_1_dev,5901845159,0,0.04742587357759476
flux_1_dev,5901845159,1,0.7652426362037659
flux_1_dev,4326893429,0,0.05921025201678276
flux_1_dev,4326893429,1,0.4462534189224243
flux_1_dev,2584487952,0,0.0427221953868866
flux_1_dev,2584487952,1,0.7256486415863037
flux_1_dev,2335428699,0,0.0443485826253891
flux_1_dev,2335428699,1,0.7975568175315857
flux_1_dev,3416050480,0,0.896975576877594
flux_1_dev,3416050480,1,0.873214840888977
flux_1_dev,3597715122,0,0.04603390023112297
flux_1_dev,3597715122,1,0.40874868631362915
flux_1_dev,128395402,0,0.08882028609514236
flux_1_dev,128395402,1,0.4926762878894806
flux_1_dev,2507182524,0,0.04742587357759476
flux_1_dev,2507182524,1,0.053799644112586975
flux_1_dev,2860432302,0,0.046378206461668015
flux_1_dev,2860432302,1,0.3090237081050873
flux_1_dev,3046312861,0,0.007460643537342548
flux_1_dev,3046312861,1,0.21667379140853882
flux_1_dev,5661511556,0,0.049958523362874985
flux_1_dev,5661511556,1,0.7490872144699097
flux_1_dev,3357416302,0,0.05033063143491745
flux_1_dev,3357416302,1,0.1475551873445511
flux_1_dev,6043589490,0,0.04535257816314697
flux_1_dev,6043589490,1,0.5795193910598755
flux_1_dev,2822265828,0,0.03649376705288887
flux_1_dev,2822265828,1,0.13753247261047363
flux_1_dev,2254913901,0,0.08882028609514236
flux_1_dev,2254913901,1,0.8534248471260071
flux_1_dev,170405864,0,0.04240383207798004
flux_1_dev,170405864,1,0.8187368512153625
flux_1_dev,2256447557,0,0.05541279539465904
flux_1_dev,2256447557,1,0.08509904146194458
flux_1_dev,2422482455,0,0.0427221953868866
flux_1_dev,2422482455,1,0.16940587759017944
flux_1_dev,6870585516,0,0.048496004194021225
flux_1_dev,6870585516,1,0.6813028454780579
flux_1_dev,2219805467,0,0.6597340106964111
flux_1_dev,2219805467,1,0.8902942538261414
flux_1_dev,3456579559,0,0.05070536211133003
flux_1_dev,3456579559,1,0.498291015625
flux_1_dev,427936315,0,0.03138043358922005
flux_1_dev,427936315,1,0.5539879202842712
flux_1_dev,2741990005,0,0.12984342873096466
flux_1_dev,2741990005,1,0.5938448309898376
flux_1_dev,4704083135,0,0.04958902671933174
flux_1_dev,4704083135,1,0.9585376977920532
flux_1_dev,7738368186,0,0.06754669547080994
flux_1_dev,7738368186,1,0.18184365332126617
flux_1_dev,2922807898,0,0.06371499598026276
flux_1_dev,2922807898,1,0.6800292134284973
flux_1_dev,21514026,0,0.02080448903143406
flux_1_dev,21514026,1,0.7375364303588867
flux_1_dev,118939364,0,0.048496004194021225
flux_1_dev,118939364,1,0.9246877431869507
flux_1_dev,74759622,0,0.04885777831077576
flux_1_dev,74759622,1,0.43770331144332886
flux_1_dev,4071750215,0,0.07055959850549698
flux_1_dev,4071750215,1,0.3720487952232361
flux_1_dev,3893510114,0,0.042087726294994354
flux_1_dev,3893510114,1,0.10521053522825241
flux_1_dev,3477315700,0,0.22135069966316223
flux_1_dev,3477315700,1,0.22000709176063538
flux_1_dev,4857558207,0,0.04958902671933174
flux_1_dev,4857558207,1,0.9005298018455505
flux_1_dev,137444466,0,0.01798621006309986
flux_1_dev,137444466,1,0.10743747651576996
flux_1_dev,3819214047,0,0.06142403930425644
flux_1_dev,3819214047,1,0.43242284655570984
flux_1_dev,5504963988,0,0.0541987270116806
flux_1_dev,5504963988,1,0.13568954169750214
flux_1_dev,470887785,0,0.02161533385515213
flux_1_dev,470887785,1,0.15869519114494324
flux_1_dev,4397606831,0,0.0541987270116806
flux_1_dev,4397606831,1,0.6220002174377441
flux_1_dev,3272847211,0,0.043365802615880966
flux_1_dev,3272847211,1,0.3315524756908417
flux_1_dev,3691394196,0,0.0384661927819252
flux_1_dev,3691394196,1,0.14511536061763763
flux_1_dev,62057380,0,0.0534033328294754
flux_1_dev,62057380,1,0.16830943524837494
flux_1_dev,191592626,0,0.053799644112586975
flux_1_dev,191592626,1,0.8783142566680908
flux_1_dev,3761067976,0,0.055005282163619995
flux_1_dev,3761067976,1,0.5784481763839722
flux_1_dev,3084472304,0,0.04501553252339363
flux_1_dev,3084472304,1,0.4787725508213043
flux_1_dev,4606522320,0,0.05749327689409256
flux_1_dev,4606522320,1,0.8037906289100647
flux_1_dev,4361156028,0,0.04885777831077576
flux_1_dev,4361156028,1,0.2849738299846649
flux_1_dev,2324963565,0,0.04535257816314697
flux_1_dev,2324963565,1,0.5925487279891968
flux_1_dev,1389264266,0,0.030908960849046707
flux_1_dev,1389264266,1,0.2011847198009491
flux_1_dev,129662899,0,0.027169233188033104
flux_1_dev,129662899,1,0.7606506943702698
flux_1_dev,3326249355,0,0.04707418009638786
flux_1_dev,3326249355,1,0.9196425676345825
flux_1_dev,2176874361,0,0.0627892017364502
flux_1_dev,2176874361,1,0.7244806289672852
flux_1_dev,247189554,0,0.11716748028993607
flux_1_dev,247189554,1,0.2330075204372406
flux_1_dev,241347243,0,0.06233103945851326
flux_1_dev,241347243,1,0.12808823585510254
flux_1_dev,3347798761,0,0.5393471717834473
flux_1_dev,3347798761,1,0.2557152211666107
flux_1_dev,4974263771,0,0.03541072458028793
flux_1_dev,4974263771,1,0.4288910925388336
flux_1_dev,97138973,0,0.026355354115366936
flux_1_dev,97138973,1,0.19072401523590088
flux_1_dev,2281054343,0,0.02595735713839531
flux_1_dev,2281054343,1,0.18010665476322174
flux_1_dev,3063544435,0,0.06142403930425644
flux_1_dev,3063544435,1,0.9099069833755493
flux_1_dev,4631804601,0,0.04023794084787369
flux_1_dev,4631804601,1,0.23405632376670837
flux_1_dev,123101580,0,0.02498779445886612
flux_1_dev,123101580,1,0.08093671500682831
flux_1_dev,4775763666,0,0.014615669846534729
flux_1_dev,4775763666,1,0.7371581792831421
flux_1_dev,1012150929,0,0.04177388176321983
flux_1_dev,1012150929,1,0.8164063692092896
flux_1_dev,4787867133,0,0.03384403511881828
flux_1_dev,4787867133,1,0.2587003707885742
flux_1_dev,2806632713,0,0.04778006672859192
flux_1_dev,2806632713,1,0.5678167343139648
flux_1_dev,287212060,0,0.01615283451974392
flux_1_dev,287212060,1,0.2140335589647293
flux_1_dev,2723785828,0,0.030908960849046707
flux_1_dev,2723785828,1,0.8670357465744019
flux_1_dev,6869365418,0,0.04958902671933174
flux_1_dev,6869365418,1,0.11162799596786499
flux_1_dev,269361490,0,0.02909075655043125
flux_1_dev,269361490,1,0.2743513584136963
flux_1_dev,2701892321,0,0.02931223064661026
flux_1_dev,2701892321,1,0.1041124165058136
flux_1_dev,1330645772,0,0.034358687698841095
flux_1_dev,1330645772,1,0.32145997881889343
flux_1_dev,179778822,0,0.043365802615880966
flux_1_dev,179778822,1,0.5029296278953552
flux_1_dev,3955157194,0,0.055005282163619995
flux_1_dev,3955157194,1,0.2120688110589981
flux_1_dev,2540884723,0,0.030908960849046707
flux_1_dev,2540884723,1,0.4204806089401245
flux_1_dev,388837010,0,0.022116590291261673
flux_1_dev,388837010,1,0.8128673434257507
flux_1_dev,4852819911,0,0.0384661927819252
flux_1_dev,4852819911,1,0.13846179842948914
flux_1_dev,3256274183,0,0.04672496020793915
flux_1_dev,3256274183,1,0.3858374059200287
flux_1_dev,3549006919,0,0.055005282163619995
flux_1_dev,3549006919,1,0.32380759716033936
flux_1_dev,2527628435,0,0.04672496020793915
flux_1_dev,2527628435,1,0.37159258127212524
flux_1_dev,7003919692,0,0.06954174488782883
flux_1_dev,7003919692,1,0.1431877166032791
flux_1_dev,4967261262,0,0.05623634159564972
flux_1_dev,4967261262,1,0.230919748544693
flux_1_dev,5196783191,0,0.05582313984632492
flux_1_dev,5196783191,1,0.15921740233898163
flux_1_dev,5428390334,0,0.05964694544672966
flux_1_dev,5428390334,1,0.15102781355381012
flux_1_dev,3595080592,0,0.04885777831077576
flux_1_dev,3595080592,1,0.7379142642021179
flux_1_dev,6218244928,0,0.05707140266895294
flux_1_dev,6218244928,1,0.21733751893043518
flux_1_dev,1260816604,0,0.0446808747947216
flux_1_dev,1260816604,1,0.5412876009941101
flux_1_dev,2501548593,0,0.11318691074848175
flux_1_dev,2501548593,1,0.8679338097572327
flux_1_dev,3063054647,0,0.05184547230601311
flux_1_dev,3063054647,1,0.7487199306488037
flux_1_dev,4791975111,0,0.043691057711839676
flux_1_dev,4791975111,1,0.19868534803390503
flux_1_dev,1053116826,0,0.05146276578307152
flux_1_dev,1053116826,1,0.14080817997455597
flux_1_dev,6901412,0,0.03622005879878998
flux_1_dev,6901412,1,0.5598015189170837
flux_1_dev,2700788458,0,0.03138043358922005
flux_1_dev,2700788458,1,0.6216557621955872
flux_1_dev,378453580,0,0.03875619173049927
flux_1_dev,378453580,1,0.2030746340751648
flux_1_dev,3944497603,0,0.017712296918034554
flux_1_dev,3944497603,1,0.8762113451957703
flux_1_dev,393043864,0,0.05223085358738899
flux_1_dev,393043864,1,0.5142783522605896
flux_1_dev,2511798599,0,0.031618766486644745
flux_1_dev,2511798599,1,0.3356774151325226
flux_1_dev,241345522,0,0.03283695504069328
flux_1_dev,241345522,1,0.05964694544672966
flux_1_dev,5623287052,0,0.09009299427270889
flux_1_dev,5623287052,1,0.2557152211666107
flux_1_dev,292198220,0,0.04672496020793915
flux_1_dev,292198220,1,0.3106943964958191
flux_1_dev,1483574454,0,0.04742587357759476
flux_1_dev,1483574454,1,0.06903792917728424
flux_1_dev,6206278823,0,0.21337716281414032
flux_1_dev,6206278823,1,0.38653185963630676
flux_1_dev,2782480767,0,0.05223085358738899
flux_1_dev,2782480767,1,0.05834583565592766
flux_1_dev,3701699584,0,0.04054073989391327
flux_1_dev,3701699584,1,0.11676400899887085
flux_1_dev,4772885285,0,0.04603390023112297
flux_1_dev,4772885285,1,0.25201570987701416
flux_1_dev,4443088094,0,0.0378924235701561
flux_1_dev,4443088094,1,0.15002882480621338
flux_1_dev,4672132178,0,0.043365802615880966
flux_1_dev,4672132178,1,0.10970577597618103
flux_1_dev,2597958208,0,0.0443485826253891
flux_1_dev,2597958208,1,0.24364244937896729
flux_1_dev,7249187716,0,0.04535257816314697
flux_1_dev,7249187716,1,0.10932482779026031
flux_1_dev,77740577,0,0.026963500306010246
flux_1_dev,77740577,1,0.46077412366867065
flux_1_dev,2307118114,0,0.08819004893302917
flux_1_dev,2307118114,1,0.7648916244506836
flux_1_dev,2823575468,0,0.04742587357759476
flux_1_dev,2823575468,1,0.7041600942611694
flux_1_dev,213583123,0,0.05665242671966553
flux_1_dev,213583123,1,0.3356774151325226
flux_1_dev,6333818443,0,0.04569203406572342
flux_1_dev,6333818443,1,0.6033477187156677
flux_1_dev,3543294190,0,0.0446808747947216
flux_1_dev,3543294190,1,0.18184365332126617
flux_1_dev,3421131122,0,0.05665242671966553
flux_1_dev,3421131122,1,0.37159258127212524
flux_1_dev,439916996,0,0.03676946461200714
flux_1_dev,439916996,1,0.6203916072845459
flux_1_dev,4828433053,0,0.048136770725250244
flux_1_dev,4828433053,1,0.8610715270042419
flux_1_dev,2409312675,0,0.05184547230601311
flux_1_dev,2409312675,1,0.35958898067474365
flux_1_dev,4328528475,0,0.025371313095092773
flux_1_dev,4328528475,1,0.6800292134284973
flux_1_dev,2922222717,0,0.02779562398791313
flux_1_dev,2922222717,1,0.8812065720558167
flux_1_dev,4673314291,0,0.03138043358922005
flux_1_dev,4673314291,1,0.8766343593597412
flux_1_dev,2222732183,0,0.03185885772109032
flux_1_dev,2222732183,1,0.8848377466201782
flux_1_dev,2877088081,0,0.07751765847206116
flux_1_dev,2877088081,1,0.1830088496208191
flux_1_dev,3731739486,0,0.049958523362874985
flux_1_dev,3731739486,1,0.19559407234191895
flux_1_dev,3944169186,0,0.039048291742801666
flux_1_dev,3944169186,1,0.814643383026123
flux_1_dev,3279228339,0,0.05146276578307152
flux_1_dev,3279228339,1,0.8300437331199646
flux_1_dev,46663846,0,0.0443485826253891
flux_1_dev,46663846,1,0.7435405850410461
flux_1_dev,466877726,0,0.017309095710515976
flux_1_dev,466877726,1,0.2114168256521225
flux_1_dev,6274918824,0,0.03676946461200714
flux_1_dev,6274918824,1,0.5484316945075989
flux_1_dev,7212803242,0,0.12168575078248978
flux_1_dev,7212803242,1,0.8110781908035278
flux_1_dev,143688205,0,0.09982065856456757
flux_1_dev,143688205,1,0.169956237077713
flux_1_dev,618771382,0,0.07107366621494293
flux_1_dev,618771382,1,0.9719924926757812
flux_1_dev,2463394631,0,0.029986508190631866
flux_1_dev,2463394631,1,0.2929997444152832
flux_1_dev,1138784872,0,0.05108273774385452
flux_1_dev,1138784872,1,0.17497345805168152
flux_1_dev,821599220,0,0.04707418009638786
flux_1_dev,821599220,1,0.7846492528915405
flux_1_dev,4716333601,0,0.03594832494854927
flux_1_dev,4716333601,1,0.3602639436721802
flux_1_dev,3019776218,0,0.05223085358738899
flux_1_dev,3019776218,1,0.8887587189674377
flux_1_dev,2088460083,0,0.02080448903143406
flux_1_dev,2088460083,1,0.10338596254587173
flux_1_dev,6225843702,0,0.19436782598495483
flux_1_dev,6225843702,1,0.7122321724891663
flux_1_dev,305979887,0,0.043365802615880966
flux_1_dev,305979887,1,0.5862860083580017
flux_1_dev,4842876705,0,0.043691057711839676
flux_1_dev,4842876705,1,0.12721827626228333
flux_1_dev,2984174290,0,0.04535257816314697
flux_1_dev,2984174290,1,0.46623799204826355
flux_1_dev,4441980889,0,0.05223085358738899
flux_1_dev,4441980889,1,0.14463144540786743
flux_1_dev,509778093,0,0.05541279539465904
flux_1_dev,509778093,1,0.6297746300697327
flux_1_dev,4912431886,0,0.03704717382788658
flux_1_dev,4912431886,1,0.44803377985954285
flux_1_dev,2955099064,0,0.024237636476755142
flux_1_dev,2955099064,1,0.43629178404808044
flux_1_dev,1737441377,0,0.043691057711839676
flux_1_dev,1737441377,1,0.19993211328983307
flux_1_dev,3223809913,0,0.053009770810604095
flux_1_dev,3223809913,1,0.24725967645645142
flux_1_dev,423782935,0,0.04023794084787369
flux_1_dev,423782935,1,0.1208532303571701
flux_1_dev,263233914,0,0.1259227693080902
flux_1_dev,263233914,1,0.07423136383295059
flux_1_dev,6420396169,0,0.04742587357759476
flux_1_dev,6420396169,1,0.961533784866333
flux_1_dev,4603099757,0,0.03934250399470329
flux_1_dev,4603099757,1,0.8910549879074097
flux_1_dev,2858456847,0,0.03210070729255676
flux_1_dev,2858456847,1,0.8778960704803467
flux_1_dev,1453366750,0,0.05223085358738899
flux_1_dev,1453366750,1,0.9190633296966553
flux_1_dev,3604391853,0,0.055005282163619995
flux_1_dev,3604391853,1,0.7819972634315491
flux_1_dev,2987588136,0,0.028652669861912727
flux_1_dev,2987588136,1,0.1766716092824936
flux_1_dev,4400746838,0,0.07807815819978714
flux_1_dev,4400746838,1,0.46587347984313965
flux_1_dev,401405215,0,0.04569203406572342
flux_1_dev,401405215,1,0.6331834197044373
flux_1_dev,4825458628,0,0.586759626865387
flux_1_dev,4825458628,1,0.21076630055904388
flux_1_dev,6059154572,0,0.08945459872484207
flux_1_dev,6059154572,1,0.18068422377109528
flux_1_dev,3514184232,0,0.0534033328294754
flux_1_dev,3514184232,1,0.5810653567314148
flux_1_dev,4474749623,0,0.031143832951784134
flux_1_dev,4474749623,1,0.06512755155563354
flux_1_dev,618797331,0,0.03488088771700859
flux_1_dev,618797331,1,0.9252299070358276
flux_1_dev,2622624460,0,0.043042849749326706
flux_1_dev,2622624460,1,0.48791739344596863
flux_1_dev,400345058,0,0.9504110217094421
flux_1_dev,400345058,1,0.05070536211133003
flux_1_dev,3747007211,0,0.0427221953868866
flux_1_dev,3747007211,1,0.3727335035800934
flux_1_dev,3135826945,0,0.19620943069458008
flux_1_dev,3135826945,1,0.17384850978851318
flux_1_dev,2466420387,0,0.043691057711839676
flux_1_dev,2466420387,1,0.7453983426094055
flux_1_dev,506082695,0,0.05223085358738899
flux_1_dev,506082695,1,0.8955226540565491
flux_1_dev,312788070,0,0.046378206461668015
flux_1_dev,312788070,1,0.07055959850549698
flux_1_dev,511749704,0,0.04885777831077576
flux_1_dev,511749704,1,0.8283842206001282
flux_1_dev,5733760,0,0.05033063143491745
flux_1_dev,5733760,1,0.6671476364135742
flux_1_dev,86131617,0,0.0384661927819252
flux_1_dev,86131617,1,0.733738124370575
flux_1_dev,6981038793,0,0.11162799596786499
flux_1_dev,6981038793,1,0.25645938515663147
flux_1_dev,3201517121,0,0.053009770810604095
flux_1_dev,3201517121,1,0.3762792646884918
flux_1_dev,97162852,0,0.04922211915254593
flux_1_dev,97162852,1,0.30528295040130615
flux_1_dev,3616525288,0,0.1127953976392746
flux_1_dev,3616525288,1,0.2999247610569
flux_1_dev,2373932560,0,0.0427221953868866
flux_1_dev,2373932560,1,0.7898827195167542
flux_1_dev,4606967207,0,0.05582313984632492
flux_1_dev,4606967207,1,0.16079244017601013
flux_1_dev,3019609769,0,0.03594832494854927
flux_1_dev,3019609769,1,0.8787311315536499
flux_1_dev,86112875,0,0.034100428223609924
flux_1_dev,86112875,1,0.36681652069091797
flux_1_dev,3678098428,0,0.04535257816314697
flux_1_dev,3678098428,1,0.12635333836078644
flux_1_dev,439171995,0,0.04569203406572342
flux_1_dev,439171995,1,0.802555501461029
flux_1_dev,4052515931,0,0.05108273774385452
flux_1_dev,4052515931,1,0.5959629416465759
flux_1_dev,1775223211,0,0.22884513437747955
flux_1_dev,1775223211,1,0.35287052392959595
flux_1_dev,3547000169,0,0.05707140266895294
flux_1_dev,3547000169,1,0.2011847198009491
flux_1_dev,20805896,0,0.055005282163619995
flux_1_dev,20805896,1,0.930962085723877
flux_1_dev,3308171165,0,0.04707418009638786
flux_1_dev,3308171165,1,0.7442848086357117
flux_1_dev,463978865,0,0.26057755947113037
flux_1_dev,463978865,1,0.793105959892273
flux_1_dev,4831683216,0,0.10594827681779861
flux_1_dev,4831683216,1,0.052618954330682755
flux_1_dev,2635938723,0,0.6109178066253662
flux_1_dev,2635938723,1,0.970687747001648
flux_1_dev,3707585013,0,0.0541987270116806
flux_1_dev,3707585013,1,0.1535491794347763
flux_1_dev,4080351447,0,0.04778006672859192
flux_1_dev,4080351447,1,0.16451644897460938
flux_1_dev,3685373706,0,0.0541987270116806
flux_1_dev,3685373706,1,0.3100672960281372
flux_1_dev,3170122039,0,0.046378206461668015
flux_1_dev,3170122039,1,0.8872045874595642
flux_1_dev,3482974845,0,0.700894832611084
flux_1_dev,3482974845,1,0.8991213440895081
flux_1_dev,489134459,0,0.048136770725250244
flux_1_dev,489134459,1,0.4765796661376953
flux_1_dev,509987636,0,0.04240383207798004
flux_1_dev,509987636,1,0.5492175221443176
flux_1_dev,2822418176,0,0.07423136383295059
flux_1_dev,2822418176,1,0.1755380630493164
flux_1_dev,2640869832,0,0.057918086647987366
flux_1_dev,2640869832,1,0.06325051933526993
flux_1_dev,5631556013,0,0.030214589089155197
flux_1_dev,5631556013,1,0.845432698726654
flux_1_dev,3143991972,0,0.038178276270627975
flux_1_dev,3143991972,1,0.8824278712272644
flux_1_dev,2717110088,0,0.03993731737136841
flux_1_dev,2717110088,1,0.409515917301178
flux_1_dev,4819772045,0,0.0627892017364502
flux_1_dev,4819772045,1,0.1427091360092163
flux_1_dev,4801764348,0,0.030675798654556274
flux_1_dev,4801764348,1,0.8940516710281372
flux_1_dev,3431671749,0,0.04672496020793915
flux_1_dev,3431671749,1,0.8563323616981506
flux_1_dev,3240637051,0,0.06705628335475922
flux_1_dev,3240637051,1,0.08570927381515503
flux_1_dev,3643981804,0,0.049958523362874985
flux_1_dev,3643981804,1,0.06465348601341248
flux_1_dev,7498713846,0,0.03993731737136841
flux_1_dev,7498713846,1,0.18068422377109528
flux_1_dev,5399620276,0,0.06325051933526993
flux_1_dev,5399620276,1,0.3544330894947052
flux_1_dev,3262645599,0,0.05665242671966553
flux_1_dev,3262645599,1,0.36681652069091797
flux_1_dev,241345770,0,0.029760094359517097
flux_1_dev,241345770,1,0.10970577597618103
flux_1_dev,4257619114,0,0.027376487851142883
flux_1_dev,4257619114,1,0.7126322984695435
flux_1_dev,4912108775,0,0.034358687698841095
flux_1_dev,4912108775,1,0.0753123089671135
flux_1_dev,4024098174,0,0.049958523362874985
flux_1_dev,4024098174,1,0.26170814037323
flux_1_dev,2741051940,0,0.04535257816314697
flux_1_dev,2741051940,1,0.888372004032135
flux_1_dev,3880366728,0,0.02615562081336975
flux_1_dev,3880366728,1,0.2568320035934448
flux_1_dev,1234206849,0,0.024237636476755142
flux_1_dev,1234206849,1,0.13706977665424347
flux_1_dev,1285874746,0,0.05033063143491745
flux_1_dev,1285874746,1,0.18535663187503815
flux_1_dev,7330749240,0,0.05665242671966553
flux_1_dev,7330749240,1,0.3973536193370819
flux_1_dev,3344040145,0,0.039048291742801666
flux_1_dev,3344040145,1,0.8856314420700073
flux_1_dev,3539817989,0,0.01912403665482998
flux_1_dev,3539817989,1,0.04885777831077576
flux_1_dev,965444691,0,0.022116590291261673
flux_1_dev,965444691,1,0.826151430606842
flux_1_dev,4797050581,0,0.04922211915254593
flux_1_dev,4797050581,1,0.6680145263671875
flux_1_dev,1408958345,0,0.09138210862874985
flux_1_dev,1408958345,1,0.7799928784370422
flux_1_dev,3880726770,0,0.034358687698841095
flux_1_dev,3880726770,1,0.24256429076194763
flux_1_dev,2382950929,0,0.34775859117507935
flux_1_dev,2382950929,1,0.937210738658905
flux_1_dev,2391442557,0,0.04535257816314697
flux_1_dev,2391442557,1,0.3890821635723114
flux_1_dev,234374617,0,0.04023794084787369
flux_1_dev,234374617,1,0.24436300992965698
flux_1_dev,369047365,0,0.3361130952835083
flux_1_dev,369047365,1,0.35667070746421814
flux_1_dev,5870701819,0,0.053799644112586975
flux_1_dev,5870701819,1,0.16830943524837494
flux_1_dev,259510411,0,0.05033063143491745
flux_1_dev,259510411,1,0.8333246111869812
flux_1_dev,1417941060,0,0.04535257816314697
flux_1_dev,1417941060,1,0.8868131041526794
flux_1_dev,1733853950,0,0.04672496020793915
flux_1_dev,1733853950,1,0.7879312038421631
flux_1_dev,4966861386,0,0.04569203406572342
flux_1_dev,4966861386,1,0.10230470448732376
flux_1_dev,4478063110,0,0.11716748028993607
flux_1_dev,4478063110,1,0.5242729187011719
flux_1_dev,473323374,0,0.043365802615880966
flux_1_dev,473323374,1,0.11357959359884262
flux_1_dev,2307757311,0,0.043365802615880966
flux_1_dev,2307757311,1,0.3937346637248993
flux_1_dev,2705922624,0,0.03875619173049927
flux_1_dev,2705922624,1,0.34775859117507935
flux_1_dev,2321865325,0,0.06512755155563354
flux_1_dev,2321865325,1,0.8661325573921204
flux_1_dev,4442382200,0,0.03649376705288887
flux_1_dev,4442382200,1,0.6867902874946594
flux_1_dev,1961696686,0,0.05108273774385452
flux_1_dev,1961696686,1,0.5180585384368896
flux_1_dev,2667242810,0,0.04240383207798004
flux_1_dev,2667242810,1,0.6588566303253174
flux_1_dev,4876517154,0,0.046378206461668015
flux_1_dev,4876517154,1,0.29421496391296387
flux_1_dev,2641049916,0,0.06142403930425644
flux_1_dev,2641049916,1,0.5051267743110657
flux_1_dev,3169184260,0,0.04177388176321983
flux_1_dev,3169184260,1,0.40886667370796204
flux_1_dev,3669527584,0,0.04742587357759476
flux_1_dev,3669527584,1,0.9695556163787842
flux_1_dev,4677535056,0,0.03185885772109032
flux_1_dev,4677535056,1,0.34554681181907654
flux_1_dev,3486831654,0,0.04707418009638786
flux_1_dev,3486831654,1,0.3647775948047638
flux_1_dev,4567003374,0,0.04707418009638786
flux_1_dev,4567003374,1,0.1977541446685791
flux_1_dev,5430267989,0,0.0427221953868866
flux_1_dev,5430267989,1,0.8050197958946228
flux_1_dev,140774394,0,0.03934250399470329
flux_1_dev,140774394,1,0.1859472095966339
flux_1_dev,380752558,0,0.04240383207798004
flux_1_dev,380752558,1,0.6876299977302551
flux_1_dev,2324804923,0,0.07864238321781158
flux_1_dev,2324804923,1,0.2146914154291153
flux_1_dev,434932657,0,0.04672496020793915
flux_1_dev,434932657,1,0.8175744414329529
flux_1_dev,6870444330,0,0.053009770810604095
flux_1_dev,6870444330,1,0.39817240834236145
flux_1_dev,1089755335,0,0.0541987270116806
flux_1_dev,1089755335,1,0.12678517401218414
flux_1_dev,4569926879,0,0.034100428223609924
flux_1_dev,4569926879,1,0.7714993357658386
flux_1_dev,2319389144,0,0.04401865229010582
flux_1_dev,2319389144,1,0.1127953976392746
flux_1_dev,617782839,0,0.03934250399470329
flux_1_dev,617782839,1,0.5061032176017761
flux_1_dev,3298573714,0,0.05184547230601311
flux_1_dev,3298573714,1,0.5214711427688599
flux_1_dev,4472750626,0,0.03185885772109032
flux_1_dev,4472750626,1,0.8762113451957703
flux_1_dev,4050916276,0,0.30115649104118347
flux_1_dev,4050916276,1,0.45072200894355774
flux_1_dev,411678041,0,0.04240383207798004
flux_1_dev,411678041,1,0.6761924028396606
flux_1_dev,4633043171,0,0.053009770810604095
flux_1_dev,4633043171,1,0.13477592170238495
flux_1_dev,2904714989,0,0.04778006672859192
flux_1_dev,2904714989,1,0.05921025201678276
flux_1_dev,3094034946,0,0.03649376705288887
flux_1_dev,3094034946,1,0.07751765847206116
flux_1_dev,3745405944,0,0.03258974477648735
flux_1_dev,3745405944,1,0.07369627058506012
flux_1_dev,5892931627,0,0.0446808747947216
flux_1_dev,5892931627,1,0.2954331338405609
flux_1_dev,2641098920,0,0.01971912570297718
flux_1_dev,2641098920,1,0.7918210625648499
flux_1_dev,3549614763,0,0.0443485826253891
flux_1_dev,3549614763,1,0.16344544291496277
flux_1_dev,1286805224,0,0.0534033328294754
flux_1_dev,1286805224,1,0.1629120409488678
flux_1_dev,6152180229,0,0.05223085358738899
flux_1_dev,6152180229,1,0.35667070746421814
flux_1_dev,2683823978,0,0.034358687698841095
flux_1_dev,2683823978,1,0.1710611879825592
flux_1_dev,2905200744,0,0.0446808747947216
flux_1_dev,2905200744,1,0.6947170495986938
flux_1_dev,59303979,0,0.4364118278026581
flux_1_dev,59303979,1,0.5426208972930908
flux_1_dev,4838943023,0,0.038178276270627975
flux_1_dev,4838943023,1,0.7950222492218018
flux_1_dev,2503250992,0,0.026556573808193207
flux_1_dev,2503250992,1,0.5387405753135681
flux_1_dev,2678171436,0,0.04084571823477745
flux_1_dev,2678171436,1,0.18713268637657166
flux_1_dev,2047543321,0,0.01784873753786087
flux_1_dev,2047543321,1,0.8074606657028198
flux_1_dev,3036894037,0,0.053009770810604095
flux_1_dev,3036894037,1,0.23686911165714264
flux_1_dev,221596640,0,0.06008664518594742
flux_1_dev,221596640,1,0.9429286122322083
flux_1_dev,2874876837,0,0.04885777831077576
flux_1_dev,2874876837,1,0.7879312038421631
flux_1_dev,2298661279,0,0.0792103260755539
flux_1_dev,2298661279,1,0.26170814037323
flux_1_dev,6474645169,0,0.05184547230601311
flux_1_dev,6474645169,1,0.1208532303571701
flux_1_dev,3121219649,0,0.04023794084787369
flux_1_dev,3121219649,1,0.14366760849952698
flux_1_dev,5456862756,0,0.05033063143491745
flux_1_dev,5456862756,1,0.334806889295578
flux_1_dev,2856524322,0,0.05146276578307152
flux_1_dev,2856524322,1,0.21933749318122864
flux_1_dev,4347441967,0,0.043365802615880966
flux_1_dev,4347441967,1,0.845432698726654
flux_1_dev,3745474894,0,0.04177388176321983
flux_1_dev,3745474894,1,0.13296423852443695
flux_1_dev,3157745346,0,0.031143832951784134
flux_1_dev,3157745346,1,0.8221890926361084
flux_1_dev,4062259729,0,0.04958902671933174
flux_1_dev,4062259729,1,0.9105454087257385
flux_1_dev,456299217,0,0.06954174488782883
flux_1_dev,456299217,1,0.7943849563598633
flux_1_dev,311619377,0,0.04177388176321983
flux_1_dev,311619377,1,0.1108555942773819
flux_1_dev,7940321892,0,0.04569203406572342
flux_1_dev,7940321892,1,0.7205649614334106
flux_1_dev,4655361417,0,0.13846179842948914
flux_1_dev,4655361417,1,0.7501869201660156
flux_1_dev,2471447879,0,0.04146227240562439
flux_1_dev,2471447879,1,0.4706149697303772
flux_1_dev,137444523,0,0.02228618785738945
flux_1_dev,137444523,1,0.4461628794670105
flux_1_dev,3332248667,0,0.046378206461668015
flux_1_dev,3332248667,1,0.267408162355423
flux_1_dev,5691210724,0,0.05033063143491745
flux_1_dev,5691210724,1,0.24871662259101868
flux_1_dev,1810651611,0,0.043042849749326706
flux_1_dev,1810651611,1,0.8000679016113281
flux_1_dev,4734162520,0,0.03649376705288887
flux_1_dev,4734162520,1,0.16026602685451508
flux_1_dev,7012109893,0,0.04922211915254593
flux_1_dev,7012109893,1,0.854884684085846
flux_1_dev,7645680482,0,0.04707418009638786
flux_1_dev,7645680482,1,0.5786862969398499
flux_1_dev,2127166904,0,0.05223085358738899
flux_1_dev,2127166904,1,0.48950350284576416
flux_1_dev,3334866049,0,0.05033063143491745
flux_1_dev,3334866049,1,0.21337716281414032
flux_1_dev,3367399,0,0.04240383207798004
flux_1_dev,3367399,1,0.2806163728237152
flux_1_dev,3149038044,0,0.034618839621543884
flux_1_dev,3149038044,1,0.0627892017364502
flux_1_dev,450688968,0,0.03760863468050957
flux_1_dev,450688968,1,0.875361442565918
flux_1_dev,4401136784,0,0.05146276578307152
flux_1_dev,4401136784,1,0.12378869205713272
flux_1_dev,4818675994,0,0.0333368219435215
flux_1_dev,4818675994,1,0.2568320035934448
flux_1_dev,345852737,0,0.05108273774385452
flux_1_dev,345852737,1,0.8338664174079895
flux_1_dev,5925544950,0,0.03704717382788658
flux_1_dev,5925544950,1,0.08787643909454346
flux_1_dev,4183662919,0,0.022977370768785477
flux_1_dev,4183662919,1,0.25017932057380676
flux_1_dev,4684005479,0,0.04707418009638786
flux_1_dev,4684005479,1,0.7299049496650696
flux_1_dev,253800791,0,0.05070536211133003
flux_1_dev,253800791,1,0.8116759657859802
flux_1_dev,8138745455,0,0.05184547230601311
flux_1_dev,8138745455,1,0.1525365114212036
flux_1_dev,95795877,0,0.05033063143491745
flux_1_dev,95795877,1,0.21011725068092346
flux_1_dev,6381062375,0,0.04240383207798004
flux_1_dev,6381062375,1,0.11797802150249481
flux_1_dev,4712636240,0,0.024237636476755142
flux_1_dev,4712636240,1,0.555194079875946
flux_1_dev,3194533056,0,0.04401865229010582
flux_1_dev,3194533056,1,0.36229208111763
flux_1_dev,4668948309,0,0.02779562398791313
flux_1_dev,4668948309,1,0.04569203406572342
flux_1_dev,268365231,0,0.030908960849046707
flux_1_dev,268365231,1,0.8000679016113281
flux_1_dev,4631131293,0,0.025760561227798462
flux_1_dev,4631131293,1,0.05964694544672966
flux_1_dev,1387014885,0,0.025565212592482567
flux_1_dev,1387014885,1,0.2538610100746155
flux_1_dev,2952320230,0,0.06804042309522629
flux_1_dev,2952320230,1,0.4450471103191376
flux_1_dev,6841943688,0,0.05108273774385452
flux_1_dev,6841943688,1,0.11201596260070801
flux_1_dev,4333374998,0,0.04535257816314697
flux_1_dev,4333374998,1,0.5655686855316162
flux_1_dev,3468635980,0,0.01332514826208353
flux_1_dev,3468635980,1,0.5251253247261047
flux_1_dev,3125628091,0,0.10521053522825241
flux_1_dev,3125628091,1,0.4346112906932831
flux_1_dev,534570169,0,0.034618839621543884
flux_1_dev,534570169,1,0.2762998342514038
flux_1_dev,4447160600,0,0.04885777831077576
flux_1_dev,4447160600,1,0.23686911165714264
flux_1_dev,2209751,0,0.038178276270627975
flux_1_dev,2209751,1,0.347537100315094
flux_1_dev,2723929323,0,0.0541987270116806
flux_1_dev,2723929323,1,0.7394223809242249
flux_1_dev,6589292543,0,0.05070536211133003
flux_1_dev,6589292543,1,0.9278878569602966
flux_1_dev,3351586010,0,0.0378924235701561
flux_1_dev,3351586010,1,0.7476159334182739
flux_1_dev,3241531692,0,0.05877656117081642
flux_1_dev,3241531692,1,0.34312161803245544
flux_1_dev,4879951396,0,0.08632348477840424
flux_1_dev,4879951396,1,0.5807384848594666
flux_1_dev,3560502528,0,0.048496004194021225
flux_1_dev,3560502528,1,0.826151430606842
flux_1_dev,3655074079,0,0.043042849749326706
flux_1_dev,3655074079,1,0.14366760849952698
flux_1_dev,4491044489,0,0.20434190332889557
flux_1_dev,4491044489,1,0.907312273979187
flux_1_dev,3105623068,0,0.04742587357759476
flux_1_dev,3105623068,1,0.529628336429596
flux_1_dev,3965771582,0,0.05108273774385452
flux_1_dev,3965771582,1,0.08151975274085999
flux_1_dev,6839984356,0,0.13568954169750214
flux_1_dev,6839984356,1,0.4398375451564789
flux_1_dev,2103080234,0,0.05033063143491745
flux_1_dev,2103080234,1,0.14128142595291138
flux_1_dev,33497646,0,0.6893056035041809
flux_1_dev,33497646,1,0.63680499792099
flux_1_dev,3590753142,0,0.053009770810604095
flux_1_dev,3590753142,1,0.2632204592227936
flux_1_dev,3784574313,0,0.04115288704633713
flux_1_dev,3784574313,1,0.05033063143491745
flux_1_dev,2728607980,0,0.04742587357759476
flux_1_dev,2728607980,1,0.5190337300300598
flux_1_dev,575853856,0,0.07004895806312561
flux_1_dev,575853856,1,0.21535073220729828
flux_1_dev,6472693569,0,0.08509904146194458
flux_1_dev,6472693569,1,0.44480592012405396
flux_1_dev,7117115809,0,0.9161096215248108
flux_1_dev,7117115809,1,0.4012185037136078
flux_1_dev,7796487260,0,0.05749327689409256
flux_1_dev,7796487260,1,0.7599387168884277
flux_1_dev,3119887967,0,0.053799644112586975
flux_1_dev,3119887967,1,0.3453260362148285
flux_1_dev,6925158300,0,0.05223085358738899
flux_1_dev,6925158300,1,0.38041362166404724
flux_1_dev,242558556,0,0.802555501461029
flux_1_dev,242558556,1,0.5341265201568604
flux_1_dev,3176499620,0,0.04177388176321983
flux_1_dev,3176499620,1,0.15002882480621338
flux_1_dev,4851268802,0,0.07211220264434814
flux_1_dev,4851268802,1,0.4319435656070709
flux_1_dev,3209564153,0,0.04778006672859192
flux_1_dev,3209564153,1,0.4902355968952179
flux_1_dev,3525978606,0,0.04535257816314697
flux_1_dev,3525978606,1,0.1901218295097351
flux_1_dev,3274495419,0,0.028870906680822372
flux_1_dev,3274495419,1,0.2759094536304474
flux_1_dev,3855173636,0,0.06052938848733902
flux_1_dev,3855173636,1,0.6555565595626831
flux_1_dev,2557922709,0,0.053799644112586975
flux_1_dev,2557922709,1,0.9429286122322083
flux_1_dev,2991994607,0,0.03258974477648735
flux_1_dev,2991994607,1,0.5735888481140137
flux_1_dev,4799951910,0,0.011508150026202202
flux_1_dev,4799951910,1,0.03541072458028793
flux_1_dev,4750766294,0,0.04084571823477745
flux_1_dev,4750766294,1,0.9105454087257385
flux_1_dev,3418462699,0,0.05070536211133003
flux_1_dev,3418462699,1,0.818156361579895
flux_1_dev,3273892996,0,0.03934250399470329
flux_1_dev,3273892996,1,0.4348212480545044
flux_1_dev,54242432,0,0.030675798654556274
flux_1_dev,54242432,1,0.6297746300697327
flux_1_dev,3189464563,0,0.03875619173049927
flux_1_dev,3189464563,1,0.4711015820503235
flux_1_dev,4950889937,0,0.01578456163406372
flux_1_dev,4950889937,1,0.6092917323112488
flux_1_dev,2580707208,0,0.04240383207798004
flux_1_dev,2580707208,1,0.22988080978393555
flux_1_dev,6053720349,0,0.03488088771700859
flux_1_dev,6053720349,1,0.8987665772438049
flux_1_dev,7353914844,0,0.06052938848733902
flux_1_dev,7353914844,1,0.14608724415302277
flux_1_dev,4768270751,0,0.04672496020793915
flux_1_dev,4768270751,1,0.3227394223213196
flux_1_dev,492587970,0,0.04240383207798004
flux_1_dev,492587970,1,0.8216173648834229
flux_1_dev,125635185,0,0.03993731737136841
flux_1_dev,125635185,1,0.16559311747550964
flux_1_dev,4876504906,0,0.05749327689409256
flux_1_dev,4876504906,1,0.08819004893302917
flux_1_dev,2875823162,0,0.034100428223609924
flux_1_dev,2875823162,1,0.24256429076194763
flux_1_dev,4781019036,0,0.029986508190631866
flux_1_dev,4781019036,1,0.1795305609703064
flux_1_dev,4749166996,0,0.0541987270116806
flux_1_dev,4749166996,1,0.4624730348587036
flux_1_dev,6188266707,0,0.053009770810604095
flux_1_dev,6188266707,1,0.40086665749549866
flux_1_dev,314800643,0,0.024237636476755142
flux_1_dev,314800643,1,0.12043881416320801
flux_1_dev,8143343377,0,0.05921025201678276
flux_1_dev,8143343377,1,0.04240383207798004
flux_1_dev,123997871,0,0.03993731737136841
flux_1_dev,123997871,1,0.3102762699127197
flux_1_dev,3676460610,0,0.08035746961832047
flux_1_dev,3676460610,1,0.38317957520484924
flux_1_dev,201314419,0,0.04707418009638786
flux_1_dev,201314419,1,0.2913839817047119
flux_1_dev,252846811,0,0.026556573808193207
flux_1_dev,252846811,1,0.1108555942773819
flux_1_dev,4980795412,0,0.048136770725250244
flux_1_dev,4980795412,1,0.10158944129943848
flux_1_dev,4410033566,0,0.053009770810604095
flux_1_dev,4410033566,1,0.7839884757995605
flux_1_dev,2607097757,0,0.038178276270627975
flux_1_dev,2607097757,1,0.2833845913410187
flux_1_dev,2414397449,0,0.08882028609514236
flux_1_dev,2414397449,1,0.33220207691192627
flux_1_dev,3399284917,0,0.09877259284257889
flux_1_dev,3399284917,1,0.10743747651576996
flux_1_dev,4623000836,0,0.026759283617138863
flux_1_dev,4623000836,1,0.23581159114837646
flux_1_dev,154653766,0,0.04778006672859192
flux_1_dev,154653766,1,0.914290726184845
flux_1_dev,3403263046,0,0.04240383207798004
flux_1_dev,3403263046,1,0.3123700022697449
flux_1_dev,4586247564,0,0.04401865229010582
flux_1_dev,4586247564,1,0.8984104990959167
flux_1_dev,2125626631,0,0.04742587357759476
flux_1_dev,2125626631,1,0.40203991532325745
flux_1_dev,1872000955,0,0.034358687698841095
flux_1_dev,1872000955,1,0.3589146137237549
flux_1_dev,4801849846,0,0.01065251138061285
flux_1_dev,4801849846,1,0.2921912372112274
flux_1_dev,5389294129,0,0.05582313984632492
flux_1_dev,5389294129,1,0.8783142566680908
flux_1_dev,3607969989,0,0.04885777831077576
flux_1_dev,3607969989,1,0.7648916244506836
flux_1_dev,3540241710,0,0.06705628335475922
flux_1_dev,3540241710,1,0.8316905498504639
flux_1_dev,3773298212,0,0.04742587357759476
flux_1_dev,3773298212,1,0.18713268637657166
flux_1_dev,5489602545,0,0.05184547230601311
flux_1_dev,5489602545,1,0.16238002479076385
flux_1_dev,558338473,0,0.04240383207798004
flux_1_dev,558338473,1,0.26549944281578064
flux_1_dev,3619322150,0,0.04054073989391327
flux_1_dev,3619322150,1,0.9458011984825134
flux_1_dev,3856155585,0,0.03993731737136841
flux_1_dev,3856155585,1,0.33090347051620483
flux_1_dev,101669240,0,0.048496004194021225
flux_1_dev,101669240,1,0.7348812818527222
flux_1_dev,3427233064,0,0.04922211915254593
flux_1_dev,3427233064,1,0.35042139887809753
flux_1_dev,19469520,0,0.0443485826253891
flux_1_dev,19469520,1,0.2632204592227936
flux_1_dev,83001714,0,0.038178276270627975
flux_1_dev,83001714,1,0.1949802190065384
flux_1_dev,177591612,0,0.02931223064661026
flux_1_dev,177591612,1,0.5942863821983337
flux_1_dev,427736337,0,0.01243165135383606
flux_1_dev,427736337,1,0.8514594435691833
flux_1_dev,1546632452,0,0.05184547230601311
flux_1_dev,1546632452,1,0.9362850189208984
flux_1_dev,4631840705,0,0.03993731737136841
flux_1_dev,4631840705,1,0.8925625681877136
flux_1_dev,2757803246,0,0.4929509162902832
flux_1_dev,2757803246,1,0.7981867790222168
flux_1_dev,6927848734,0,0.03541072458028793
flux_1_dev,6927848734,1,0.37995338439941406
flux_1_dev,3362080042,0,0.04672496020793915
flux_1_dev,3362080042,1,0.08819004893302917
flux_1_dev,4940658755,0,0.04885777831077576
flux_1_dev,4940658755,1,0.1200256273150444
flux_1_dev,4903293024,0,0.04569203406572342
flux_1_dev,4903293024,1,0.15052762627601624
flux_1_dev,4016499639,0,0.03963884338736534
flux_1_dev,4016499639,1,0.6996649503707886
flux_1_dev,3809758561,0,0.04672496020793915
flux_1_dev,3809758561,1,0.7595822811126709
flux_1_dev,4736841029,0,0.048136770725250244
flux_1_dev,4736841029,1,0.1841798573732376
flux_1_dev,2284894733,0,0.03704717382788658
flux_1_dev,2284894733,1,0.41051992774009705
flux_1_dev,2378356400,0,0.06560482829809189
flux_1_dev,2378356400,1,0.49218812584877014
flux_1_dev,541063419,0,0.0427221953868866
flux_1_dev,541063419,1,0.8683809638023376
flux_1_dev,4948865477,0,0.03760863468050957
flux_1_dev,4948865477,1,0.0832919329404831
flux_1_dev,3327761688,0,0.023870835080742836
flux_1_dev,3327761688,1,0.2267836183309555
flux_1_dev,637245791,0,0.03934250399470329
flux_1_dev,637245791,1,0.23196201026439667
flux_1_dev,2230363312,0,0.02909075655043125
flux_1_dev,2230363312,1,0.4543510973453522
flux_1_dev,2973269132,0,0.05223085358738899
flux_1_dev,2973269132,1,0.1490352898836136
flux_1_dev,2551602773,0,0.043042849749326706
flux_1_dev,2551602773,1,0.6905590891838074
flux_1_dev,732671252,0,0.05921025201678276
flux_1_dev,732671252,1,0.9046505093574524
flux_1_dev,3219606,0,0.015072628855705261
flux_1_dev,3219606,1,0.06465348601341248
flux_1_dev,905355838,0,0.027169233188033104
flux_1_dev,905355838,1,0.40721553564071655
flux_1_dev,4632869465,0,0.04778006672859192
flux_1_dev,4632869465,1,0.7287483215332031
flux_1_dev,281658181,0,0.05921025201678276
flux_1_dev,281658181,1,0.2024431824684143
flux_1_dev,3124455694,0,0.04535257816314697
flux_1_dev,3124455694,1,0.10017222166061401
flux_1_dev,3416339125,0,0.052618954330682755
flux_1_dev,3416339125,1,0.7631309032440186
flux_1_dev,2518853257,0,0.03676946461200714
flux_1_dev,2518853257,1,0.3127896785736084
flux_1_dev,5732777684,0,0.03594832494854927
flux_1_dev,5732777684,1,0.22988080978393555
flux_1_dev,1777816180,0,0.04922211915254593
flux_1_dev,1777816180,1,0.68804931640625
flux_1_dev,5384132543,0,0.13072869181632996
flux_1_dev,5384132543,1,0.907312273979187
flux_1_dev,2446830166,0,0.03934250399470329
flux_1_dev,2446830166,1,0.18010665476322174
flux_1_dev,288038357,0,0.024798160418868065
flux_1_dev,288038357,1,0.937210738658905
flux_1_dev,6647904677,0,0.05108273774385452
flux_1_dev,6647904677,1,0.31447145342826843
flux_1_dev,620595746,0,0.05033063143491745
flux_1_dev,620595746,1,0.9053223133087158
flux_1_dev,1423997242,0,0.034358687698841095
flux_1_dev,1423997242,1,0.5129365921020508
flux_1_dev,4941418090,0,0.053009770810604095
flux_1_dev,4941418090,1,0.10894504189491272
flux_1_dev,3909552008,0,0.04084571823477745
flux_1_dev,3909552008,1,0.5095202922821045
flux_1_dev,1505686764,0,0.03649376705288887
flux_1_dev,1505686764,1,0.2454465627670288
flux_1_dev,4770745669,0,0.0541987270116806
flux_1_dev,4770745669,1,0.14414885640144348
flux_1_dev,2752084369,0,0.037326883524656296
flux_1_dev,2752084369,1,0.9453993439674377
flux_1_dev,3466635681,0,0.15765489637851715
flux_1_dev,3466635681,1,0.9385759830474854
flux_1_dev,4152957260,0,0.18952108919620514
flux_1_dev,4152957260,1,0.6575384140014648
flux_1_dev,4977528001,0,0.04778006672859192
flux_1_dev,4977528001,1,0.23335674405097961
flux_1_dev,2167644298,0,0.04672496020793915
flux_1_dev,2167644298,1,0.3453260362148285
flux_1_dev,6191516871,0,0.0443485826253891
flux_1_dev,6191516871,1,0.9190633296966553
flux_1_dev,4569102627,0,0.0384661927819252
flux_1_dev,4569102627,1,0.7648916244506836
flux_1_dev,72010346,0,0.0120537793263793
flux_1_dev,72010346,1,0.24908174574375153
flux_1_dev,4444686770,0,0.07107366621494293
flux_1_dev,4444686770,1,0.18653921782970428
flux_1_dev,3302986588,0,0.05223085358738899
flux_1_dev,3302986588,1,0.7209580540657043
flux_1_dev,4915658588,0,0.04535257816314697
flux_1_dev,4915658588,1,0.2825919985771179
flux_1_dev,5988551357,0,0.02843603491783142
flux_1_dev,5988551357,1,0.36886027455329895
flux_1_dev,230486268,0,0.04885777831077576
flux_1_dev,230486268,1,0.7501869201660156
flux_1_dev,3050606344,0,0.04742587357759476
flux_1_dev,3050606344,1,0.07696083933115005
flux_1_dev,3449846784,0,0.2075357437133789
flux_1_dev,3449846784,1,0.3926861584186554
flux_1_dev,4570151256,0,0.0753123089671135
flux_1_dev,4570151256,1,0.34092390537261963
flux_1_dev,3043510721,0,0.02615562081336975
flux_1_dev,3043510721,1,0.12210386246442795
flux_1_dev,4895355979,0,0.08570927381515503
flux_1_dev,4895355979,1,0.8204693794250488
flux_1_dev,390369,0,0.05033063143491745
flux_1_dev,390369,1,0.671901285648346
flux_1_dev,3390808408,0,0.05146276578307152
flux_1_dev,3390808408,1,0.24508501589298248
flux_1_dev,3523559027,0,0.06371499598026276
flux_1_dev,3523559027,1,0.18242551386356354
flux_1_dev,2980901328,0,0.048496004194021225
flux_1_dev,2980901328,1,0.8701565861701965
flux_1_dev,582788646,0,0.05184547230601311
flux_1_dev,582788646,1,0.9118099808692932
flux_1_dev,4490635744,0,0.027169233188033104
flux_1_dev,4490635744,1,0.12252321094274521
flux_1_dev,3636936656,0,0.12984342873096466
flux_1_dev,3636936656,1,0.4951173663139343
flux_1_dev,6186146093,0,0.05184547230601311
flux_1_dev,6186146093,1,0.5509093999862671
flux_1_dev,345284642,0,0.04084571823477745
flux_1_dev,345284642,1,0.8929365277290344
flux_1_dev,3620764461,0,0.03875619173049927
flux_1_dev,3620764461,1,0.28656840324401855
flux_1_dev,141841337,0,0.014728613197803497
flux_1_dev,141841337,1,0.9032942056655884
flux_1_dev,4712411908,0,0.049958523362874985
flux_1_dev,4712411908,1,0.36127737164497375
flux_1_dev,4803926618,0,0.04603390023112297
flux_1_dev,4803926618,1,0.09501304477453232
flux_1_dev,1625306051,0,0.0443485826253891
flux_1_dev,1625306051,1,0.8278281688690186
flux_1_dev,2515822745,0,0.04054073989391327
flux_1_dev,2515822745,1,0.875361442565918
flux_1_dev,4328538175,0,0.029535336419939995
flux_1_dev,4328538175,1,0.7409248948097229
flux_1_dev,2202059975,0,0.04023794084787369
flux_1_dev,2202059975,1,0.43821412324905396
flux_1_dev,4316585644,0,0.048496004194021225
flux_1_dev,4316585644,1,0.34576770663261414
flux_1_dev,499165634,0,0.05541279539465904
flux_1_dev,499165634,1,0.8891444206237793
flux_1_dev,4734146340,0,0.024053553119301796
flux_1_dev,4734146340,1,0.1233656108379364
flux_1_dev,1160441615,0,0.05223085358738899
flux_1_dev,1160441615,1,0.0792103260755539
flux_1_dev,6958079140,0,0.04054073989391327
flux_1_dev,6958079140,1,0.9219217896461487
flux_1_dev,3562606482,0,0.02280263602733612
flux_1_dev,3562606482,1,0.7969253659248352
flux_1_dev,23016347,0,0.027585284784436226
flux_1_dev,23016347,1,0.9012274742126465
flux_1_dev,6194677011,0,0.05033063143491745
flux_1_dev,6194677011,1,0.8563323616981506
flux_1_dev,6774537791,0,0.02843603491783142
flux_1_dev,6774537791,1,0.2950267791748047
flux_1_dev,2577972703,0,0.04146227240562439
flux_1_dev,2577972703,1,0.8991213440895081
flux_1_dev,3221036999,0,0.05623634159564972
flux_1_dev,3221036999,1,0.36954253911972046
flux_1_dev,2797188545,0,0.04535257816314697
flux_1_dev,2797188545,1,0.24148939549922943
flux_1_dev,1181708011,0,0.03934250399470329
flux_1_dev,1181708011,1,0.6437773108482361
flux_1_dev,2978040423,0,0.06754669547080994
flux_1_dev,2978040423,1,0.41430631279945374
flux_1_dev,3249597269,0,0.04742587357759476
flux_1_dev,3249597269,1,0.48938149213790894
flux_1_dev,1066831905,0,0.02178117260336876
flux_1_dev,1066831905,1,0.8727816939353943
flux_1_dev,2844202978,0,0.0378924235701561
flux_1_dev,2844202978,1,0.4068619906902313
flux_1_dev,2363540508,0,0.0384661927819252
flux_1_dev,2363540508,1,0.43091052770614624
flux_1_dev,3353400143,0,0.05749327689409256
flux_1_dev,3353400143,1,0.0838903859257698
flux_1_dev,3362592729,0,0.04177388176321983
flux_1_dev,3362592729,1,0.5689248442649841
flux_1_dev,91875542,0,0.03875619173049927
flux_1_dev,91875542,1,0.3510885536670685
flux_1_dev,2507831979,0,0.018264278769493103
flux_1_dev,2507831979,1,0.9178933501243591
flux_1_dev,2841909138,0,0.04177388176321983
flux_1_dev,2841909138,1,0.447581022977829
flux_1_dev,462383841,0,0.05582313984632492
flux_1_dev,462383841,1,0.26246359944343567
flux_1_dev,4448279884,0,0.05108273774385452
flux_1_dev,4448279884,1,0.4146617650985718
flux_1_dev,3081330705,0,0.0443485826253891
flux_1_dev,3081330705,1,0.894789457321167
flux_1_dev,4900761380,0,0.05184547230601311
flux_1_dev,4900761380,1,0.3253061771392822
flux_1_dev,5925539370,0,0.04603390023112297
flux_1_dev,5925539370,1,0.6318215131759644
flux_1_dev,1288909046,0,0.03760863468050957
flux_1_dev,1288909046,1,0.8006919622421265
flux_1_dev,437549483,0,0.1650540828704834
flux_1_dev,437549483,1,0.10230470448732376
flux_1_dev,520913429,0,0.04603390023112297
flux_1_dev,520913429,1,0.3013620674610138
flux_1_dev,3732728142,0,0.07696083933115005
flux_1_dev,3732728142,1,0.4260827600955963
flux_1_dev,1235455146,0,0.0446808747947216
flux_1_dev,1235455146,1,0.8489722013473511
flux_1_dev,3186527735,0,0.031143832951784134
flux_1_dev,3186527735,1,0.1431877166032791
flux_1_dev,3567604049,0,0.09670579433441162
flux_1_dev,3567604049,1,0.12940272688865662
flux_1_dev,78058719,0,0.01578456163406372
flux_1_dev,78058719,1,0.34997695684432983
flux_1_dev,1235099089,0,0.05223085358738899
flux_1_dev,1235099089,1,0.34092390537261963
flux_1_dev,4584266249,0,0.07159119844436646
flux_1_dev,4584266249,1,0.5957277417182922
flux_1_dev,4751932433,0,0.04401865229010582
flux_1_dev,4751932433,1,0.5924307703971863
flux_1_dev,3529333786,0,0.03963884338736534
flux_1_dev,3529333786,1,0.7000752091407776
flux_1_dev,3640329164,0,0.057918086647987366
flux_1_dev,3640329164,1,0.052618954330682755
flux_1_dev,2396746868,0,0.2465333491563797
flux_1_dev,2396746868,1,0.06608537584543228
flux_1_dev,411008311,0,0.04054073989391327
flux_1_dev,411008311,1,0.1672186702489853
flux_1_dev,2800990525,0,0.04707418009638786
flux_1_dev,2800990525,1,0.8300437331199646
flux_1_dev,3522495606,0,0.03210070729255676
flux_1_dev,3522495606,1,0.4056841731071472
flux_1_dev,4803984649,0,0.0443485826253891
flux_1_dev,4803984649,1,0.858244001865387
flux_1_dev,3376741717,0,0.03934250399470329
flux_1_dev,3376741717,1,0.15869519114494324
flux_1_dev,3246724744,0,0.06512755155563354
flux_1_dev,3246724744,1,0.6203916072845459
flux_1_dev,3243866702,0,0.05184547230601311
flux_1_dev,3243866702,1,0.3842187523841858
flux_1_dev,2903617548,0,0.03622005879878998
flux_1_dev,2903617548,1,0.6610482335090637
flux_1_dev,7711598144,0,0.048496004194021225
flux_1_dev,7711598144,1,0.5251253247261047
flux_1_dev,2305437797,0,0.04535257816314697
flux_1_dev,2305437797,1,0.8925625681877136
flux_1_dev,91251257,0,0.026556573808193207
flux_1_dev,91251257,1,0.8316905498504639
flux_1_dev,514165525,0,0.04778006672859192
flux_1_dev,514165525,1,0.20946969091892242
flux_1_dev,3708748633,0,0.021125193685293198
flux_1_dev,3708748633,1,0.20817893743515015
flux_1_dev,6315352509,0,0.05623634159564972
flux_1_dev,6315352509,1,0.5642185211181641
flux_1_dev,3728015645,0,0.859663724899292
flux_1_dev,3728015645,1,0.06853749603033066
flux_1_dev,1378557186,0,0.04146227240562439
flux_1_dev,1378557186,1,0.19993211328983307
flux_1_dev,4719086173,0,0.06052938848733902
flux_1_dev,4719086173,1,0.5502448678016663
flux_1_dev,4893369019,0,0.04501553252339363
flux_1_dev,4893369019,1,0.8778960704803467
flux_1_dev,65845718,0,0.11357959359884262
flux_1_dev,65845718,1,0.2806163728237152
flux_1_dev,2537819002,0,0.0427221953868866
flux_1_dev,2537819002,1,0.3123700022697449
flux_1_dev,1112334131,0,0.022457055747509003
flux_1_dev,1112334131,1,0.6469064354896545
flux_1_dev,697582336,0,0.04177388176321983
flux_1_dev,697582336,1,0.367951363325119
flux_1_dev,2602279427,0,0.03358950465917587
flux_1_dev,2602279427,1,0.8418256044387817
flux_1_dev,4365035558,0,0.2613309323787689
flux_1_dev,4365035558,1,0.5504865646362305
flux_1_dev,524360969,0,0.043042849749326706
flux_1_dev,524360969,1,0.1859472095966339
flux_1_dev,4944644486,0,0.14033624529838562
flux_1_dev,4944644486,1,0.6111499667167664
flux_1_dev,4320494335,0,0.02779562398791313
flux_1_dev,4320494335,1,0.5784779191017151
flux_1_dev,2596474836,0,0.04146227240562439
flux_1_dev,2596474836,1,0.39303550124168396
flux_1_dev,8173029395,0,0.048136770725250244
flux_1_dev,8173029395,1,0.2400612235069275
flux_1_dev,2691641332,0,0.043042849749326706
flux_1_dev,2691641332,1,0.6127732396125793
flux_1_dev,6987411804,0,0.034358687698841095
flux_1_dev,6987411804,1,0.06325051933526993
flux_1_dev,2637510448,0,0.043691057711839676
flux_1_dev,2637510448,1,0.6462370157241821
flux_1_dev,2871691966,0,0.04922211915254593
flux_1_dev,2871691966,1,0.8879840970039368
flux_1_dev,3194034449,0,0.04885777831077576
flux_1_dev,3194034449,1,0.7162185907363892
flux_1_dev,512309690,0,0.021287351846694946
flux_1_dev,512309690,1,0.37719646096229553
flux_1_dev,1606988704,0,0.09009299427270889
flux_1_dev,1606988704,1,0.18010665476322174
flux_1_dev,2278490028,0,0.03934250399470329
flux_1_dev,2278490028,1,0.5557968616485596
flux_1_dev,84509831,0,0.03258974477648735
flux_1_dev,84509831,1,0.8856314420700073
flux_1_dev,3562816250,0,0.06608537584543228
flux_1_dev,3562816250,1,0.8727816939353943
flux_1_dev,2834752476,0,0.13072869181632996
flux_1_dev,2834752476,1,0.45810624957084656
flux_1_dev,687513087,0,0.07585817575454712
flux_1_dev,687513087,1,0.20465964078903198
flux_1_dev,3724946689,0,0.11357959359884262
flux_1_dev,3724946689,1,0.42590367794036865
flux_1_dev,5009687058,0,0.03875619173049927
flux_1_dev,5009687058,1,0.2206781655550003
flux_1_dev,7173939318,0,0.028007520362734795
flux_1_dev,7173939318,1,0.3856060206890106
flux_1_dev,3307563498,0,0.04707418009638786
flux_1_dev,3307563498,1,0.8289388418197632
flux_1_dev,3316725440,0,0.052618954330682755
flux_1_dev,3316725440,1,0.8895288705825806
flux_1_dev,2671602981,0,0.06903792917728424
flux_1_dev,2671602981,1,0.6325027346611023
flux_1_dev,6728801573,0,0.05223085358738899
flux_1_dev,6728801573,1,0.24689634144306183
flux_1_dev,378336163,0,0.3727335035800934
flux_1_dev,378336163,1,0.8187368512153625
flux_1_dev,319870744,0,0.04501553252339363
flux_1_dev,319870744,1,0.16940587759017944
flux_1_dev,299303069,0,0.042087726294994354
flux_1_dev,299303069,1,0.9429286122322083
flux_1_dev,479545053,0,0.04177388176321983
flux_1_dev,479545053,1,0.20882359147071838
flux_1_dev,2504056718,0,0.03622005879878998
flux_1_dev,2504056718,1,0.6588566303253174
flux_1_dev,141203926,0,0.05184547230601311
flux_1_dev,141203926,1,0.25534364581108093
flux_1_dev,415604639,0,0.0378924235701561
flux_1_dev,415604639,1,0.29421496391296387
flux_1_dev,421153376,0,0.04958902671933174
flux_1_dev,421153376,1,0.7394223809242249
flux_1_dev,745880539,0,0.07107366621494293
flux_1_dev,745880539,1,0.40203991532325745
flux_1_dev,3231749680,0,0.02822098508477211
flux_1_dev,3231749680,1,0.2716379463672638
flux_1_dev,2666234771,0,0.05623634159564972
flux_1_dev,2666234771,1,0.32831403613090515
flux_1_dev,3079917032,0,0.03676946461200714
flux_1_dev,3079917032,1,0.24908174574375153
flux_1_dev,3773323977,0,0.034618839621543884
flux_1_dev,3773323977,1,0.04885777831077576
flux_1_dev,4971580248,0,0.03963884338736534
flux_1_dev,4971580248,1,0.783326268196106
flux_1_dev,6680789117,0,0.0541987270116806
flux_1_dev,6680789117,1,0.8031737804412842
flux_1_dev,208025491,0,0.0446808747947216
flux_1_dev,208025491,1,0.33895182609558105
flux_1_dev,4912808658,0,0.03649376705288887
flux_1_dev,4912808658,1,0.15203224122524261
flux_1_dev,3504379205,0,0.043365802615880966
flux_1_dev,3504379205,1,0.04778006672859192
flux_1_dev,172097783,0,0.04707418009638786
flux_1_dev,172097783,1,0.39396777749061584
flux_1_dev,3355683198,0,0.39140594005584717
flux_1_dev,3355683198,1,0.08093671500682831
flux_1_dev,2909982588,0,0.04535257816314697
flux_1_dev,2909982588,1,0.2708657681941986
flux_1_dev,1406296515,0,0.9339146018028259
flux_1_dev,1406296515,1,0.7229183912277222
flux_1_dev,3163281186,0,0.4367421269416809
flux_1_dev,3163281186,1,0.4140397310256958
flux_1_dev,444051472,0,0.05749327689409256
flux_1_dev,444051472,1,0.47536176443099976
flux_1_dev,4523218758,0,0.026556573808193207
flux_1_dev,4523218758,1,0.5755581855773926
flux_1_dev,3368569524,0,0.032344330102205276
flux_1_dev,3368569524,1,0.16885696351528168
flux_1_dev,2391509645,0,0.06954174488782883
flux_1_dev,2391509645,1,0.3849121630191803
flux_1_dev,3041642723,0,0.03308597952127457
flux_1_dev,3041642723,1,0.15765489637851715
flux_1_dev,3469609037,0,0.05070536211133003
flux_1_dev,3469609037,1,0.06187598407268524
flux_1_dev,1157215900,0,0.030444350093603134
flux_1_dev,1157215900,1,0.4404391944408417
flux_1_dev,536537638,0,0.024798160418868065
flux_1_dev,536537638,1,0.10194651782512665
flux_1_dev,69830857,0,0.023330768570303917
flux_1_dev,69830857,1,0.05665242671966553
flux_1_dev,4594224630,0,0.04177388176321983
flux_1_dev,4594224630,1,0.18653921782970428
flux_1_dev,4560100704,0,0.0443485826253891
flux_1_dev,4560100704,1,0.87364661693573
flux_1_dev,4948403203,0,0.14511536061763763
flux_1_dev,4948403203,1,0.8723474144935608
flux_1_dev,2441313372,0,0.03875619173049927
flux_1_dev,2441313372,1,0.4017758369445801
flux_1_dev,3325960085,0,0.03875619173049927
flux_1_dev,3325960085,1,0.3847387433052063
flux_1_dev,2317271,0,0.048496004194021225
flux_1_dev,2317271,1,0.13660839200019836
flux_1_dev,3640348910,0,0.05460060387849808
flux_1_dev,3640348910,1,0.3420219123363495
flux_1_dev,536495604,0,0.03993731737136841
flux_1_dev,536495604,1,0.8484706878662109
flux_1_dev,122301379,0,0.03567855432629585
flux_1_dev,122301379,1,0.5151321291923523
flux_1_dev,1011572216,0,0.04401865229010582
flux_1_dev,1011572216,1,0.0832919329404831
flux_1_dev,1580159719,0,0.017309095710515976
flux_1_dev,1580159719,1,0.05623634159564972
flux_1_dev,4451504790,0,0.029760094359517097
flux_1_dev,4451504790,1,0.8727816939353943
flux_1_dev,3809063851,0,0.022457055747509003
flux_1_dev,3809063851,1,0.6579780578613281
flux_1_dev,3667781063,0,0.017442483454942703
flux_1_dev,3667781063,1,0.8407825827598572
flux_1_dev,4751250311,0,0.05070536211133003
flux_1_dev,4751250311,1,0.3643251061439514
flux_1_dev,3311724634,0,0.04603390023112297
flux_1_dev,3311724634,1,0.22918997704982758
flux_1_dev,4494075018,0,0.05070536211133003
flux_1_dev,4494075018,1,0.9105454087257385
flux_1_dev,3259229498,0,0.053799644112586975
flux_1_dev,3259229498,1,0.1325145661830902
flux_1_dev,2993049054,0,0.030908960849046707
flux_1_dev,2993049054,1,0.2632204592227936
flux_1_dev,2629784415,0,0.48249006271362305
flux_1_dev,2629784415,1,0.3473156988620758
flux_1_dev,2731298834,0,0.049958523362874985
flux_1_dev,2731298834,1,0.8762113451957703
flux_1_dev,4118638516,0,0.0443485826253891
flux_1_dev,4118638516,1,0.33742183446884155
flux_1_dev,3827176890,0,0.06705628335475922
flux_1_dev,3827176890,1,0.46089544892311096
flux_1_dev,4180952377,0,0.032344330102205276
flux_1_dev,4180952377,1,0.2999247610569
flux_1_dev,5614715384,0,0.053009770810604095
flux_1_dev,5614715384,1,0.3791484832763672
flux_1_dev,2147866213,0,0.05070536211133003
flux_1_dev,2147866213,1,0.7197777628898621
flux_1_dev,4825488431,0,0.05582313984632492
flux_1_dev,4825488431,1,0.9257686138153076
flux_1_dev,4857776520,0,0.029535336419939995
flux_1_dev,4857776520,1,0.9136765599250793
flux_1_dev,4920617810,0,0.0427221953868866
flux_1_dev,4920617810,1,0.29462072253227234
flux_1_dev,7129695767,0,0.06418264657258987
flux_1_dev,7129695767,1,0.10557884722948074
flux_1_dev,3399944164,0,0.3199707269668579
flux_1_dev,3399944164,1,0.23161423206329346
flux_1_dev,3726551176,0,0.04603390023112297
flux_1_dev,3726551176,1,0.2881683111190796
flux_1_dev,1196886054,0,0.04177388176321983
flux_1_dev,1196886054,1,0.6422081589698792
flux_1_dev,2579460386,0,0.042087726294994354
flux_1_dev,2579460386,1,0.0792103260755539
flux_1_dev,4899635195,0,0.048136770725250244
flux_1_dev,4899635195,1,0.3661363422870636
flux_1_dev,7430272380,0,0.0960254967212677
flux_1_dev,7430272380,1,0.3225260078907013
flux_1_dev,2265106886,0,0.04922211915254593
flux_1_dev,2265106886,1,0.4251278042793274
flux_1_dev,5513727638,0,0.0541987270116806
flux_1_dev,5513727638,1,0.5197650790214539
flux_1_dev,2682194299,0,0.04084571823477745
flux_1_dev,2682194299,1,0.7779753804206848
flux_1_dev,2837804631,0,0.03649376705288887
flux_1_dev,2837804631,1,0.8670357465744019
flux_1_dev,4480270643,0,0.043691057711839676
flux_1_dev,4480270643,1,0.627266526222229
flux_1_dev,6156276992,0,0.04501553252339363
flux_1_dev,6156276992,1,0.6049825549125671
flux_1_dev,4555935886,0,0.05223085358738899
flux_1_dev,4555935886,1,0.5421361327171326
flux_1_dev,3609952704,0,0.02822098508477211
flux_1_dev,3609952704,1,0.7680380344390869
flux_1_dev,263494261,0,0.037326883524656296
flux_1_dev,263494261,1,0.9005298018455505
flux_1_dev,3451290730,0,0.03934250399470329
flux_1_dev,3451290730,1,0.6361271142959595
flux_1_dev,549520317,0,0.08509904146194458
flux_1_dev,549520317,1,0.6042822003364563
flux_1_dev,4514987995,0,0.04535257816314697
flux_1_dev,4514987995,1,0.5393471717834473
flux_1_dev,7252718418,0,0.05108273774385452
flux_1_dev,7252718418,1,0.8727816939353943
flux_1_dev,288025239,0,0.0534033328294754
flux_1_dev,288025239,1,0.4783155918121338
flux_1_dev,76466808,0,0.0838903859257698
flux_1_dev,76466808,1,0.565898597240448
flux_1_dev,2900905937,0,0.026556573808193207
flux_1_dev,2900905937,1,0.30528295040130615
flux_1_dev,2313551145,0,0.048136770725250244
flux_1_dev,2313551145,1,0.9111796617507935
flux_1_dev,524036004,0,0.10781264305114746
flux_1_dev,524036004,1,0.9394705891609192
flux_1_dev,3772446893,0,0.04146227240562439
flux_1_dev,3772446893,1,0.6081287264823914
flux_1_dev,3094629328,0,0.034618839621543884
flux_1_dev,3094629328,1,0.6888871788978577
flux_1_dev,3139160252,0,0.053009770810604095
flux_1_dev,3139160252,1,0.907967209815979
flux_1_dev,118854260,0,0.07004895806312561
flux_1_dev,118854260,1,0.25275272130966187
flux_1_dev,2448393373,0,0.042087726294994354
flux_1_dev,2448393373,1,0.07055959850549698
flux_1_dev,4222067827,0,0.0534033328294754
flux_1_dev,4222067827,1,0.8807970285415649
flux_1_dev,449352117,0,0.04240383207798004
flux_1_dev,449352117,1,0.9053223133087158
flux_1_dev,2735558076,0,0.028652669861912727
flux_1_dev,2735558076,1,0.6306849718093872
flux_1_dev,4858175898,0,0.03993731737136841
flux_1_dev,4858175898,1,0.6446726322174072
flux_1_dev,4442319130,0,0.0378924235701561
flux_1_dev,4442319130,1,0.1772405207157135
flux_1_dev,2954929479,0,0.04401865229010582
flux_1_dev,2954929479,1,0.8169911503791809
flux_1_dev,16158623,0,0.0384661927819252
flux_1_dev,16158623,1,0.665410578250885
flux_1_dev,5501340599,0,0.04707418009638786
flux_1_dev,5501340599,1,0.12896330654621124
flux_1_dev,1015118661,0,0.028007520362734795
flux_1_dev,1015118661,1,0.4463740587234497
flux_fill_flux_1_dev,1016887272,0,0.05033063143491745
flux_fill_flux_1_dev,1016887272,1,0.19620943069458008
flux_fill_flux_1_dev,7162685234,0,0.7745833992958069
flux_fill_flux_1_dev,7162685234,1,0.9348725080490112
flux_fill_flux_1_dev,3000017878,0,0.05834583565592766
flux_fill_flux_1_dev,3000017878,1,0.9403530955314636
flux_fill_flux_1_dev,4971484184,0,0.05921025201678276
flux_fill_flux_1_dev,4971484184,1,0.5828472375869751
flux_fill_flux_1_dev,92679312,0,0.07864238321781158
flux_fill_flux_1_dev,92679312,1,0.6300022602081299
flux_fill_flux_1_dev,2853682342,0,0.0534033328294754
flux_fill_flux_1_dev,2853682342,1,0.5580862164497375
flux_fill_flux_1_dev,5131842202,0,0.049958523362874985
flux_fill_flux_1_dev,5131842202,1,0.14366760849952698
flux_fill_flux_1_dev,4859170265,0,0.05146276578307152
flux_fill_flux_1_dev,4859170265,1,0.05749327689409256
flux_fill_flux_1_dev,2612125121,0,0.02822098508477211
flux_fill_flux_1_dev,2612125121,1,0.13660839200019836
flux_fill_flux_1_dev,3134644844,0,0.03384403511881828
flux_fill_flux_1_dev,3134644844,1,0.10932482779026031
flux_fill_flux_1_dev,316298162,0,0.027585284784436226
flux_fill_flux_1_dev,316298162,1,0.14560063183307648
flux_fill_flux_1_dev,3601843201,0,0.0534033328294754
flux_fill_flux_1_dev,3601843201,1,0.15456733107566833
flux_fill_flux_1_dev,5086989679,0,0.12252321094274521
flux_fill_flux_1_dev,5086989679,1,0.9252299070358276
flux_fill_flux_1_dev,1246863003,0,0.02843603491783142
flux_fill_flux_1_dev,1246863003,1,0.48803940415382385
flux_fill_flux_1_dev,2193001254,0,0.200557678937912
flux_fill_flux_1_dev,2193001254,1,0.5498219132423401
flux_fill_flux_1_dev,4283472819,0,0.04401865229010582
flux_fill_flux_1_dev,4283472819,1,0.1772405207157135
flux_fill_flux_1_dev,1117972841,0,0.14706452190876007
flux_fill_flux_1_dev,1117972841,1,0.39606815576553345
flux_fill_flux_1_dev,48614561,0,0.05108273774385452
flux_fill_flux_1_dev,48614561,1,0.9594592452049255
flux_fill_flux_1_dev,6232601127,0,0.025371313095092773
flux_fill_flux_1_dev,6232601127,1,0.8638516664505005
flux_fill_flux_1_dev,4439654945,0,0.03963884338736534
flux_fill_flux_1_dev,4439654945,1,0.802555501461029
flux_fill_flux_1_dev,269898428,0,0.023330768570303917
flux_fill_flux_1_dev,269898428,1,0.9473810195922852
flux_fill_flux_1_dev,2113592981,0,0.04146227240562439
flux_fill_flux_1_dev,2113592981,1,0.2677909731864929
flux_fill_flux_1_dev,1542970158,0,0.020645931363105774
flux_fill_flux_1_dev,1542970158,1,0.08269733935594559
flux_fill_flux_1_dev,4743795506,0,0.03488088771700859
flux_fill_flux_1_dev,4743795506,1,0.31489264965057373
flux_fill_flux_1_dev,1313961775,0,0.052618954330682755
flux_fill_flux_1_dev,1313961775,1,0.09138210862874985
flux_fill_flux_1_dev,4005756399,0,0.027376487851142883
flux_fill_flux_1_dev,4005756399,1,0.14414885640144348
flux_fill_flux_1_dev,4844409798,0,0.048496004194021225
flux_fill_flux_1_dev,4844409798,1,0.12808823585510254
flux_fill_flux_1_dev,4970590451,0,0.048136770725250244
flux_fill_flux_1_dev,4970590451,1,0.8940516710281372
flux_fill_flux_1_dev,2536995789,0,0.01640303246676922
flux_fill_flux_1_dev,2536995789,1,0.05623634159564972
flux_fill_flux_1_dev,2230134548,0,0.03488088771700859
flux_fill_flux_1_dev,2230134548,1,0.12252321094274521
flux_fill_flux_1_dev,1295719054,0,0.04672496020793915
flux_fill_flux_1_dev,1295719054,1,0.23686911165714264
flux_fill_flux_1_dev,407815946,0,0.07159119844436646
flux_fill_flux_1_dev,407815946,1,0.24041776359081268
flux_fill_flux_1_dev,4726677489,0,0.046378206461668015
flux_fill_flux_1_dev,4726677489,1,0.06233103945851326
flux_fill_flux_1_dev,2431723485,0,0.05541279539465904
flux_fill_flux_1_dev,2431723485,1,0.18010665476322174
flux_fill_flux_1_dev,4686568156,0,0.030908960849046707
flux_fill_flux_1_dev,4686568156,1,0.1980641782283783
flux_fill_flux_1_dev,688926797,0,0.03308597952127457
flux_fill_flux_1_dev,688926797,1,0.6996649503707886
flux_fill_flux_1_dev,3245460937,0,0.053009770810604095
flux_fill_flux_1_dev,3245460937,1,0.5895096063613892
flux_fill_flux_1_dev,4759710534,0,0.06325051933526993
flux_fill_flux_1_dev,4759710534,1,0.42641115188598633
flux_fill_flux_1_dev,6338704,0,0.013955710455775261
flux_fill_flux_1_dev,6338704,1,0.5315741300582886
flux_fill_flux_1_dev,2723024306,0,0.038178276270627975
flux_fill_flux_1_dev,2723024306,1,0.87364661693573
flux_fill_flux_1_dev,23473996,0,0.027169233188033104
flux_fill_flux_1_dev,23473996,1,0.39711982011795044
flux_fill_flux_1_dev,2831215155,0,0.07159119844436646
flux_fill_flux_1_dev,2831215155,1,0.17384850978851318
flux_fill_flux_1_dev,4682929932,0,0.057918086647987366
flux_fill_flux_1_dev,4682929932,1,0.18359363079071045
flux_fill_flux_1_dev,2736263351,0,0.024053553119301796
flux_fill_flux_1_dev,2736263351,1,0.42936956882476807
flux_fill_flux_1_dev,4376363559,0,0.05665242671966553
flux_fill_flux_1_dev,4376363559,1,0.5414239764213562
flux_fill_flux_1_dev,4937441878,0,0.018124720081686974
flux_fill_flux_1_dev,4937441878,1,0.2557152211666107
flux_fill_flux_1_dev,6386880789,0,0.04707418009638786
flux_fill_flux_1_dev,6386880789,1,0.36590972542762756
flux_fill_flux_1_dev,3698607223,0,0.05665242671966553
flux_fill_flux_1_dev,3698607223,1,0.1063188761472702
flux_fill_flux_1_dev,3134341610,0,0.06097518280148506
flux_fill_flux_1_dev,3134341610,1,0.8940516710281372
flux_fill_flux_1_dev,11551286,0,0.048136770725250244
flux_fill_flux_1_dev,11551286,1,0.4138324558734894
flux_fill_flux_1_dev,214166720,0,0.03704717382788658
flux_fill_flux_1_dev,214166720,1,0.793105959892273
flux_fill_flux_1_dev,3179223972,0,0.0427221953868866
flux_fill_flux_1_dev,3179223972,1,0.873214840888977
flux_fill_flux_1_dev,4540165999,0,0.04569203406572342
flux_fill_flux_1_dev,4540165999,1,0.8322367072105408
flux_fill_flux_1_dev,3217187564,0,0.04885777831077576
flux_fill_flux_1_dev,3217187564,1,0.8766343593597412
flux_fill_flux_1_dev,1097710887,0,0.05033063143491745
flux_fill_flux_1_dev,1097710887,1,0.15974101424217224
flux_fill_flux_1_dev,5138003138,0,0.0534033328294754
flux_fill_flux_1_dev,5138003138,1,0.3102762699127197
flux_fill_flux_1_dev,2743465453,0,0.03704717382788658
flux_fill_flux_1_dev,2743465453,1,0.8402590155601501
flux_fill_flux_1_dev,4650780114,0,0.03676946461200714
flux_fill_flux_1_dev,4650780114,1,0.556369423866272
flux_fill_flux_1_dev,3518443604,0,0.03283695504069328
flux_fill_flux_1_dev,3518443604,1,0.0960254967212677
flux_fill_flux_1_dev,55438559,0,0.02931223064661026
flux_fill_flux_1_dev,55438559,1,0.0753123089671135
flux_fill_flux_1_dev,3381788544,0,0.034100428223609924
flux_fill_flux_1_dev,3381788544,1,0.26246359944343567
flux_fill_flux_1_dev,3584603849,0,0.04958902671933174
flux_fill_flux_1_dev,3584603849,1,0.06325051933526993
flux_fill_flux_1_dev,2790909995,0,0.13117322325706482
flux_fill_flux_1_dev,2790909995,1,0.9099069833755493
flux_fill_flux_1_dev,777288299,0,0.053799644112586975
flux_fill_flux_1_dev,777288299,1,0.6297746300697327
flux_fill_flux_1_dev,16396205,0,0.028007520362734795
flux_fill_flux_1_dev,16396205,1,0.4517194926738739
flux_fill_flux_1_dev,3774986130,0,0.04922211915254593
flux_fill_flux_1_dev,3774986130,1,0.6254380941390991
flux_fill_flux_1_dev,4979293130,0,0.04115288704633713
flux_fill_flux_1_dev,4979293130,1,0.8037906289100647
flux_fill_flux_1_dev,553918837,0,0.04146227240562439
flux_fill_flux_1_dev,553918837,1,0.6874201893806458
flux_fill_flux_1_dev,4507048434,0,0.05184547230601311
flux_fill_flux_1_dev,4507048434,1,0.09636510163545609
flux_fill_flux_1_dev,2970183443,0,0.0427221953868866
flux_fill_flux_1_dev,2970183443,1,0.07263670116662979
flux_fill_flux_1_dev,2645724661,0,0.05070536211133003
flux_fill_flux_1_dev,2645724661,1,0.6710395812988281
flux_fill_flux_1_dev,4274214534,0,0.04084571823477745
flux_fill_flux_1_dev,4274214534,1,0.06371499598026276
flux_fill_flux_1_dev,322563288,0,0.04535257816314697
flux_fill_flux_1_dev,322563288,1,0.9005298018455505
flux_fill_flux_1_dev,144571886,0,0.05070536211133003
flux_fill_flux_1_dev,144571886,1,0.4941408932209015
flux_fill_flux_1_dev,405615014,0,0.030675798654556274
flux_fill_flux_1_dev,405615014,1,0.3402659296989441
flux_fill_flux_1_dev,4848645410,0,0.048136770725250244
flux_fill_flux_1_dev,4848645410,1,0.6526842713356018
flux_fill_flux_1_dev,4563177695,0,0.05582313984632492
flux_fill_flux_1_dev,4563177695,1,0.32295289635658264
flux_fill_flux_1_dev,86120682,0,0.0446808747947216
flux_fill_flux_1_dev,86120682,1,0.5525094866752625
flux_fill_flux_1_dev,4623878206,0,0.02161533385515213
flux_fill_flux_1_dev,4623878206,1,0.1937568634748459
flux_fill_flux_1_dev,392467282,0,0.053009770810604095
flux_fill_flux_1_dev,392467282,1,0.87364661693573
flux_fill_flux_1_dev,3310851569,0,0.03308597952127457
flux_fill_flux_1_dev,3310851569,1,0.31384021043777466
flux_fill_flux_1_dev,3415178926,0,0.06512755155563354
flux_fill_flux_1_dev,3415178926,1,0.2778647243976593
flux_fill_flux_1_dev,5123000955,0,0.28378137946128845
flux_fill_flux_1_dev,5123000955,1,0.5925487279891968
flux_fill_flux_1_dev,2517489722,0,0.04885777831077576
flux_fill_flux_1_dev,2517489722,1,0.6349961161613464
flux_fill_flux_1_dev,410422753,0,0.04742587357759476
flux_fill_flux_1_dev,410422753,1,0.896975576877594
flux_fill_flux_1_dev,4716376540,0,0.03514484688639641
flux_fill_flux_1_dev,4716376540,1,0.7122321724891663
flux_fill_flux_1_dev,2229108152,0,0.038178276270627975
flux_fill_flux_1_dev,2229108152,1,0.26246359944343567
flux_fill_flux_1_dev,4558580445,0,0.04401865229010582
flux_fill_flux_1_dev,4558580445,1,0.46295860409736633
flux_fill_flux_1_dev,4964794183,0,0.04535257816314697
flux_fill_flux_1_dev,4964794183,1,0.18010665476322174
flux_fill_flux_1_dev,2705101739,0,0.0443485826253891
flux_fill_flux_1_dev,2705101739,1,0.9246877431869507
flux_fill_flux_1_dev,4692725862,0,0.08570927381515503
flux_fill_flux_1_dev,4692725862,1,0.6240644454956055
flux_fill_flux_1_dev,4752721674,0,0.04569203406572342
flux_fill_flux_1_dev,4752721674,1,0.8929365277290344
flux_fill_flux_1_dev,3516087269,0,0.049958523362874985
flux_fill_flux_1_dev,3516087269,1,0.7866228222846985
flux_fill_flux_1_dev,4465093007,0,0.028007520362734795
flux_fill_flux_1_dev,4465093007,1,0.6185500621795654
flux_fill_flux_1_dev,3019667009,0,0.02615562081336975
flux_fill_flux_1_dev,3019667009,1,0.23405632376670837
flux_fill_flux_1_dev,4565084634,0,0.03138043358922005
flux_fill_flux_1_dev,4565084634,1,0.2120688110589981
flux_fill_flux_1_dev,4550700462,0,0.04501553252339363
flux_fill_flux_1_dev,4550700462,1,0.40556642413139343
flux_fill_flux_1_dev,3365783912,0,0.034618839621543884
flux_fill_flux_1_dev,3365783912,1,0.8828325867652893
flux_fill_flux_1_dev,3501457496,0,0.04023794084787369
flux_fill_flux_1_dev,3501457496,1,0.11476478725671768
flux_fill_flux_1_dev,241109594,0,0.05033063143491745
flux_fill_flux_1_dev,241109594,1,0.10818894952535629
flux_fill_flux_1_dev,2123838998,0,0.05033063143491745
flux_fill_flux_1_dev,2123838998,1,0.08093671500682831
flux_fill_flux_1_dev,218225539,0,0.04054073989391327
flux_fill_flux_1_dev,218225539,1,0.16559311747550964
flux_fill_flux_1_dev,2608623292,0,0.2240554690361023
flux_fill_flux_1_dev,2608623292,1,0.6146253347396851
flux_fill_flux_1_dev,5662260935,0,0.05707140266895294
flux_fill_flux_1_dev,5662260935,1,0.683208167552948
flux_fill_flux_1_dev,3396251819,0,0.05921025201678276
flux_fill_flux_1_dev,3396251819,1,0.6579780578613281
flux_fill_flux_1_dev,7472814756,0,0.06656918674707413
flux_fill_flux_1_dev,7472814756,1,0.873214840888977
flux_fill_flux_1_dev,227689211,0,0.03622005879878998
flux_fill_flux_1_dev,227689211,1,0.2590751051902771
flux_fill_flux_1_dev,2394003437,0,0.02909075655043125
flux_fill_flux_1_dev,2394003437,1,0.1555909812450409
flux_fill_flux_1_dev,4074473431,0,0.043365802615880966
flux_fill_flux_1_dev,4074473431,1,0.4775846302509308
flux_fill_flux_1_dev,370445133,0,0.0446808747947216
flux_fill_flux_1_dev,370445133,1,0.7950222492218018
flux_fill_flux_1_dev,5526795355,0,0.14463144540786743
flux_fill_flux_1_dev,5526795355,1,0.07477004081010818
flux_fill_flux_1_dev,2768972186,0,0.04958902671933174
flux_fill_flux_1_dev,2768972186,1,0.47122323513031006
flux_fill_flux_1_dev,16630920,0,0.05707140266895294
flux_fill_flux_1_dev,16630920,1,0.057918086647987366
flux_fill_flux_1_dev,3560081723,0,0.11476478725671768
flux_fill_flux_1_dev,3560081723,1,0.8484706878662109
flux_fill_flux_1_dev,2881378816,0,0.019870713353157043
flux_fill_flux_1_dev,2881378816,1,0.05033063143491745
flux_fill_flux_1_dev,4695471709,0,0.04603390023112297
flux_fill_flux_1_dev,4695471709,1,0.6372565627098083
flux_fill_flux_1_dev,551315867,0,0.06097518280148506
flux_fill_flux_1_dev,551315867,1,0.766992449760437
flux_fill_flux_1_dev,2657844508,0,0.05146276578307152
flux_fill_flux_1_dev,2657844508,1,0.08882028609514236
flux_fill_flux_1_dev,39024981,0,0.01428193412721157
flux_fill_flux_1_dev,39024981,1,0.41759803891181946
flux_fill_flux_1_dev,3114944484,0,0.024423090741038322
flux_fill_flux_1_dev,3114944484,1,0.09268777817487717
flux_fill_flux_1_dev,4770473055,0,0.048496004194021225
flux_fill_flux_1_dev,4770473055,1,0.13753247261047363
flux_fill_flux_1_dev,4764087782,0,0.043042849749326706
flux_fill_flux_1_dev,4764087782,1,0.5586279630661011
flux_fill_flux_1_dev,6693881913,0,0.032344330102205276
flux_fill_flux_1_dev,6693881913,1,0.09268777817487717
flux_fill_flux_1_dev,7235990180,0,0.0541987270116806
flux_fill_flux_1_dev,7235990180,1,0.09073548763990402
flux_fill_flux_1_dev,6084817815,0,0.048136770725250244
flux_fill_flux_1_dev,6084817815,1,0.21800270676612854
flux_fill_flux_1_dev,2229177914,0,0.053799644112586975
flux_fill_flux_1_dev,2229177914,1,0.10894504189491272
flux_fill_flux_1_dev,2113996953,0,0.024798160418868065
flux_fill_flux_1_dev,2113996953,1,0.10557884722948074
flux_fill_flux_1_dev,4878415659,0,0.06008664518594742
flux_fill_flux_1_dev,4878415659,1,0.7549149990081787
flux_fill_flux_1_dev,2313598755,0,0.020023440942168236
flux_fill_flux_1_dev,2313598755,1,0.9339146018028259
flux_fill_flux_1_dev,3169276423,0,0.049958523362874985
flux_fill_flux_1_dev,3169276423,1,0.1139734610915184
flux_fill_flux_1_dev,3805877081,0,0.06097518280148506
flux_fill_flux_1_dev,3805877081,1,0.6708239316940308
flux_fill_flux_1_dev,7784556300,0,0.08151975274085999
flux_fill_flux_1_dev,7784556300,1,0.961533784866333
flux_fill_flux_1_dev,1303727066,0,0.05623634159564972
flux_fill_flux_1_dev,1303727066,1,0.8887587189674377
flux_fill_flux_1_dev,3247052319,0,0.07585817575454712
flux_fill_flux_1_dev,3247052319,1,0.8158201575279236
flux_fill_flux_1_dev,2949337912,0,0.0427221953868866
flux_fill_flux_1_dev,2949337912,1,0.8991213440895081
flux_fill_flux_1_dev,2324581814,0,0.02460992895066738
flux_fill_flux_1_dev,2324581814,1,0.677047073841095
flux_fill_flux_1_dev,7046014201,0,0.03649376705288887
flux_fill_flux_1_dev,7046014201,1,0.5770187377929688
flux_fill_flux_1_dev,4494095559,0,0.053799644112586975
flux_fill_flux_1_dev,4494095559,1,0.1772405207157135
flux_fill_flux_1_dev,3199895624,0,0.029986508190631866
flux_fill_flux_1_dev,3199895624,1,0.9407896995544434
flux_fill_flux_1_dev,3126753745,0,0.031143832951784134
flux_fill_flux_1_dev,3126753745,1,0.18010665476322174
flux_fill_flux_1_dev,269440642,0,0.0446808747947216
flux_fill_flux_1_dev,269440642,1,0.06097518280148506
flux_fill_flux_1_dev,3676788491,0,0.03649376705288887
flux_fill_flux_1_dev,3676788491,1,0.3768523931503296
flux_fill_flux_1_dev,5009047021,0,0.0541987270116806
flux_fill_flux_1_dev,5009047021,1,0.1561049073934555
flux_fill_flux_1_dev,3072074170,0,0.03993731737136841
flux_fill_flux_1_dev,3072074170,1,0.8902942538261414
flux_fill_flux_1_dev,2852982055,0,0.04501553252339363
flux_fill_flux_1_dev,2852982055,1,0.267408162355423
flux_fill_flux_1_dev,460326010,0,0.0541987270116806
flux_fill_flux_1_dev,460326010,1,0.8474634885787964
flux_fill_flux_1_dev,3090398639,0,0.09203286468982697
flux_fill_flux_1_dev,3090398639,1,0.2120688110589981
flux_fill_flux_1_dev,3707283973,0,0.05108273774385452
flux_fill_flux_1_dev,3707283973,1,0.1672186702489853
flux_fill_flux_1_dev,4090827772,0,0.0443485826253891
flux_fill_flux_1_dev,4090827772,1,0.5721849799156189
flux_fill_flux_1_dev,5194023863,0,0.04885777831077576
flux_fill_flux_1_dev,5194023863,1,0.6254380941390991
flux_fill_flux_1_dev,116409198,0,0.04569203406572342
flux_fill_flux_1_dev,116409198,1,0.8610715270042419
flux_fill_flux_1_dev,81125088,0,0.05541279539465904
flux_fill_flux_1_dev,81125088,1,0.9190633296966553
flux_fill_flux_1_dev,3634400263,0,0.04569203406572342
flux_fill_flux_1_dev,3634400263,1,0.464840829372406
flux_fill_flux_1_dev,4893545292,0,0.053009770810604095
flux_fill_flux_1_dev,4893545292,1,0.336985319852829
flux_fill_flux_1_dev,5171155099,0,0.049958523362874985
flux_fill_flux_1_dev,5171155099,1,0.09268777817487717
flux_fill_flux_1_dev,2725441885,0,0.04501553252339363
flux_fill_flux_1_dev,2725441885,1,0.5329113602638245
flux_fill_flux_1_dev,5062422406,0,0.034618839621543884
flux_fill_flux_1_dev,5062422406,1,0.3640989661216736
flux_fill_flux_1_dev,4978901111,0,0.05665242671966553
flux_fill_flux_1_dev,4978901111,1,0.8683809638023376
flux_fill_flux_1_dev,2327240505,0,0.034618839621543884
flux_fill_flux_1_dev,2327240505,1,0.18068422377109528
flux_fill_flux_1_dev,280840823,0,0.02145073190331459
flux_fill_flux_1_dev,280840823,1,0.9339146018028259
flux_fill_flux_1_dev,491987177,0,0.05184547230601311
flux_fill_flux_1_dev,491987177,1,0.1672186702489853
flux_fill_flux_1_dev,2889113059,0,0.038178276270627975
flux_fill_flux_1_dev,2889113059,1,0.4927983283996582
flux_fill_flux_1_dev,519228867,0,0.1127953976392746
flux_fill_flux_1_dev,519228867,1,0.053799644112586975
flux_fill_flux_1_dev,4455065396,0,0.028870906680822372
flux_fill_flux_1_dev,4455065396,1,0.9184802770614624
flux_fill_flux_1_dev,2437392162,0,0.2267836183309555
flux_fill_flux_1_dev,2437392162,1,0.12635333836078644
flux_fill_flux_1_dev,7990849887,0,0.03384403511881828
flux_fill_flux_1_dev,7990849887,1,0.45519861578941345
flux_fill_flux_1_dev,4918525947,0,0.04958902671933174
flux_fill_flux_1_dev,4918525947,1,0.2590751051902771
flux_fill_flux_1_dev,2384401298,0,0.043042849749326706
flux_fill_flux_1_dev,2384401298,1,0.3437821865081787
flux_fill_flux_1_dev,451547131,0,0.030675798654556274
flux_fill_flux_1_dev,451547131,1,0.7409248948097229
flux_fill_flux_1_dev,2174648405,0,0.15152934193611145
flux_fill_flux_1_dev,2174648405,1,0.08035746961832047
flux_fill_flux_1_dev,6828750292,0,0.025565212592482567
flux_fill_flux_1_dev,6828750292,1,0.05877656117081642
flux_fill_flux_1_dev,101262930,0,0.04778006672859192
flux_fill_flux_1_dev,101262930,1,0.14366760849952698
flux_fill_flux_1_dev,3183330562,0,0.04115288704633713
flux_fill_flux_1_dev,3183330562,1,0.07640768587589264
flux_fill_flux_1_dev,4459033855,0,0.05460060387849808
flux_fill_flux_1_dev,4459033855,1,0.24871662259101868
flux_fill_flux_1_dev,3297272270,0,0.04922211915254593
flux_fill_flux_1_dev,3297272270,1,0.2140335589647293
flux_fill_flux_1_dev,146019208,0,0.04146227240562439
flux_fill_flux_1_dev,146019208,1,0.6645402908325195
flux_fill_flux_1_dev,4511879942,0,0.05460060387849808
flux_fill_flux_1_dev,4511879942,1,0.13939638435840607
flux_fill_flux_1_dev,3422458549,0,0.15052762627601624
flux_fill_flux_1_dev,3422458549,1,0.43242284655570984
flux_fill_flux_1_dev,2543589122,0,0.08093671500682831
flux_fill_flux_1_dev,2543589122,1,0.04535257816314697
flux_fill_flux_1_dev,44619131,0,0.04054073989391327
flux_fill_flux_1_dev,44619131,1,0.15052762627601624
flux_fill_flux_1_dev,20702864,0,0.052618954330682755
flux_fill_flux_1_dev,20702864,1,0.0844927579164505
flux_fill_flux_1_dev,2971478694,0,0.11716748028993607
flux_fill_flux_1_dev,2971478694,1,0.22337706387043
flux_fill_flux_1_dev,5220880759,0,0.048136770725250244
flux_fill_flux_1_dev,5220880759,1,0.10594827681779861
flux_fill_flux_1_dev,2549946671,0,0.03567855432629585
flux_fill_flux_1_dev,2549946671,1,0.9566342234611511
flux_fill_flux_1_dev,5896386113,0,0.055005282163619995
flux_fill_flux_1_dev,5896386113,1,0.22644132375717163
flux_fill_flux_1_dev,4917931600,0,0.03760863468050957
flux_fill_flux_1_dev,4917931600,1,0.4408303201198578
flux_fill_flux_1_dev,160566014,0,0.043042849749326706
flux_fill_flux_1_dev,160566014,1,0.2929997444152832
flux_fill_flux_1_dev,2997939824,0,0.04535257816314697
flux_fill_flux_1_dev,2997939824,1,0.8140527606010437
flux_fill_flux_1_dev,2646540383,0,0.06560482829809189
flux_fill_flux_1_dev,2646540383,1,0.8514594435691833
flux_fill_flux_1_dev,3553056438,0,0.03704717382788658
flux_fill_flux_1_dev,3553056438,1,0.21866938471794128
flux_fill_flux_1_dev,7081584189,0,0.0832919329404831
flux_fill_flux_1_dev,7081584189,1,0.09009299427270889
flux_fill_flux_1_dev,707941195,0,0.13706977665424347
flux_fill_flux_1_dev,707941195,1,0.6744794249534607
flux_fill_flux_1_dev,3120921482,0,0.04742587357759476
flux_fill_flux_1_dev,3120921482,1,0.939024806022644
flux_fill_flux_1_dev,4715269800,0,0.043691057711839676
flux_fill_flux_1_dev,4715269800,1,0.1830088496208191
flux_fill_flux_1_dev,484280924,0,0.04115288704633713
flux_fill_flux_1_dev,484280924,1,0.18010665476322174
flux_fill_flux_1_dev,1554713437,0,0.04707418009638786
flux_fill_flux_1_dev,1554713437,1,0.3911733329296112
flux_fill_flux_1_dev,4689487867,0,0.03963884338736534
flux_fill_flux_1_dev,4689487867,1,0.8991213440895081
flux_fill_flux_1_dev,313385842,0,0.05070536211133003
flux_fill_flux_1_dev,313385842,1,0.48230716586112976
flux_fill_flux_1_dev,74635420,0,0.0427221953868866
flux_fill_flux_1_dev,74635420,1,0.755636990070343
flux_fill_flux_1_dev,2638177115,0,0.04778006672859192
flux_fill_flux_1_dev,2638177115,1,0.14414885640144348
flux_fill_flux_1_dev,3218861747,0,0.04023794084787369
flux_fill_flux_1_dev,3218861747,1,0.15203224122524261
flux_fill_flux_1_dev,2842439618,0,0.0446808747947216
flux_fill_flux_1_dev,2842439618,1,0.2240554690361023
flux_fill_flux_1_dev,4830307454,0,0.05707140266895294
flux_fill_flux_1_dev,4830307454,1,0.7541915774345398
flux_fill_flux_1_dev,837919879,0,0.039048291742801666
flux_fill_flux_1_dev,837919879,1,0.6664968132972717
flux_fill_flux_1_dev,503357436,0,0.048136770725250244
flux_fill_flux_1_dev,503357436,1,0.6817267537117004
flux_fill_flux_1_dev,4549641134,0,0.05223085358738899
flux_fill_flux_1_dev,4549641134,1,0.11920291930437088
flux_fill_flux_1_dev,4145119743,0,0.02460992895066738
flux_fill_flux_1_dev,4145119743,1,0.23757591843605042
flux_fill_flux_1_dev,455714074,0,0.02178117260336876
flux_fill_flux_1_dev,455714074,1,0.21667379140853882
flux_fill_flux_1_dev,6848277313,0,0.0541987270116806
flux_fill_flux_1_dev,6848277313,1,0.2716379463672638
flux_fill_flux_1_dev,1329832826,0,0.04501553252339363
flux_fill_flux_1_dev,1329832826,1,0.5822238326072693
flux_fill_flux_1_dev,3667788497,0,0.07640768587589264
flux_fill_flux_1_dev,3667788497,1,0.19559407234191895
flux_fill_flux_1_dev,4851524954,0,0.048136770725250244
flux_fill_flux_1_dev,4851524954,1,0.37788498401641846
flux_fill_flux_1_dev,6066650935,0,0.12678517401218414
flux_fill_flux_1_dev,6066650935,1,0.894789457321167
flux_fill_flux_1_dev,289639811,0,0.019419347867369652
flux_fill_flux_1_dev,289639811,1,0.3957178294658661
flux_fill_flux_1_dev,4791485167,0,0.05146276578307152
flux_fill_flux_1_dev,4791485167,1,0.8925625681877136
flux_fill_flux_1_dev,3738685861,0,0.03514484688639641
flux_fill_flux_1_dev,3738685861,1,0.07807815819978714
flux_fill_flux_1_dev,1558753996,0,0.04401865229010582
flux_fill_flux_1_dev,1558753996,1,0.9190633296966553
flux_fill_flux_1_dev,4433634883,0,0.04054073989391327
flux_fill_flux_1_dev,4433634883,1,0.06853749603033066
flux_fill_flux_1_dev,516360813,0,0.053799644112586975
flux_fill_flux_1_dev,516360813,1,0.15456733107566833
flux_fill_flux_1_dev,4486484038,0,0.06097518280148506
flux_fill_flux_1_dev,4486484038,1,0.1535491794347763
flux_fill_flux_1_dev,3508522093,0,0.03760863468050957
flux_fill_flux_1_dev,3508522093,1,0.19314737617969513
flux_fill_flux_1_dev,151215569,0,0.02080448903143406
flux_fill_flux_1_dev,151215569,1,0.12678517401218414
flux_fill_flux_1_dev,2618322793,0,0.08269733935594559
flux_fill_flux_1_dev,2618322793,1,0.9130582809448242
flux_fill_flux_1_dev,4817804359,0,0.025371313095092773
flux_fill_flux_1_dev,4817804359,1,0.28298813104629517
flux_fill_flux_1_dev,2747436384,0,0.0446808747947216
flux_fill_flux_1_dev,2747436384,1,0.048136770725250244
flux_fill_flux_1_dev,4812155149,0,0.048136770725250244
flux_fill_flux_1_dev,4812155149,1,0.5705706477165222
flux_fill_flux_1_dev,28041138,0,0.048496004194021225
flux_fill_flux_1_dev,28041138,1,0.4050956666469574
flux_fill_flux_1_dev,3307667255,0,0.6601723432540894
flux_fill_flux_1_dev,3307667255,1,0.2146914154291153
flux_fill_flux_1_dev,2536957963,0,0.034100428223609924
flux_fill_flux_1_dev,2536957963,1,0.12168575078248978
flux_fill_flux_1_dev,430964917,0,0.029986508190631866
flux_fill_flux_1_dev,430964917,1,0.25645938515663147
flux_fill_flux_1_dev,2279432034,0,0.043042849749326706
flux_fill_flux_1_dev,2279432034,1,0.18126320838928223
flux_fill_flux_1_dev,4614358086,0,0.03760863468050957
flux_fill_flux_1_dev,4614358086,1,0.06008664518594742
flux_fill_flux_1_dev,3515451715,0,0.05108273774385452
flux_fill_flux_1_dev,3515451715,1,0.2206781655550003
flux_fill_flux_1_dev,4975536758,0,0.053799644112586975
flux_fill_flux_1_dev,4975536758,1,0.5722447633743286
flux_fill_flux_1_dev,3085590738,0,0.049958523362874985
flux_fill_flux_1_dev,3085590738,1,0.6037274599075317
flux_fill_flux_1_dev,7772052674,0,0.05146276578307152
flux_fill_flux_1_dev,7772052674,1,0.27943506836891174
flux_fill_flux_1_dev,6847401646,0,0.0541987270116806
flux_fill_flux_1_dev,6847401646,1,0.05964694544672966
flux_fill_flux_1_dev,3640870001,0,0.048496004194021225
flux_fill_flux_1_dev,3640870001,1,0.07423136383295059
flux_fill_flux_1_dev,2908493594,0,0.030908960849046707
flux_fill_flux_1_dev,2908493594,1,0.3490888178348541
flux_fill_flux_1_dev,45334151,0,0.043042849749326706
flux_fill_flux_1_dev,45334151,1,0.4164109528064728
flux_fill_flux_1_dev,135444196,0,0.0792103260755539
flux_fill_flux_1_dev,135444196,1,0.07159119844436646
flux_fill_flux_1_dev,3700322513,0,0.04778006672859192
flux_fill_flux_1_dev,3700322513,1,0.09203286468982697
flux_fill_flux_1_dev,7746984692,0,0.048136770725250244
flux_fill_flux_1_dev,7746984692,1,0.13892842829227448
flux_fill_flux_1_dev,3727740053,0,0.04401865229010582
flux_fill_flux_1_dev,3727740053,1,0.605682373046875
flux_fill_flux_1_dev,6160193920,0,0.1212688684463501
flux_fill_flux_1_dev,6160193920,1,0.6242935061454773
flux_fill_flux_1_dev,1196746186,0,0.0844927579164505
flux_fill_flux_1_dev,1196746186,1,0.8633915781974792
flux_fill_flux_1_dev,2654943319,0,0.038178276270627975
flux_fill_flux_1_dev,2654943319,1,0.1919327974319458
flux_fill_flux_1_dev,3815318559,0,0.06853749603033066
flux_fill_flux_1_dev,3815318559,1,0.12678517401218414
flux_fill_flux_1_dev,4935046155,0,0.042087726294994354
flux_fill_flux_1_dev,4935046155,1,0.16184942424297333
flux_fill_flux_1_dev,2527411111,0,0.014392335899174213
flux_fill_flux_1_dev,2527411111,1,0.09073548763990402
flux_fill_flux_1_dev,428979011,0,0.030675798654556274
flux_fill_flux_1_dev,428979011,1,0.5095202922821045
flux_fill_flux_1_dev,2255266906,0,0.04240383207798004
flux_fill_flux_1_dev,2255266906,1,0.8910549879074097
flux_fill_flux_1_dev,3559693175,0,0.049958523362874985
flux_fill_flux_1_dev,3559693175,1,0.38653185963630676
flux_fill_flux_1_dev,3320411267,0,0.053009770810604095
flux_fill_flux_1_dev,3320411267,1,0.30445513129234314
flux_fill_flux_1_dev,3475111806,0,0.03384403511881828
flux_fill_flux_1_dev,3475111806,1,0.17217186093330383
flux_fill_flux_1_dev,6952893010,0,0.07055959850549698
flux_fill_flux_1_dev,6952893010,1,0.8601343035697937
flux_fill_flux_1_dev,3595412126,0,0.043042849749326706
flux_fill_flux_1_dev,3595412126,1,0.3922204375267029
flux_fill_flux_1_dev,3599780784,0,0.05108273774385452
flux_fill_flux_1_dev,3599780784,1,0.9118099808692932
flux_fill_flux_1_dev,3024022266,0,0.07211220264434814
flux_fill_flux_1_dev,3024022266,1,0.04922211915254593
flux_fill_flux_1_dev,1444710198,0,0.049958523362874985
flux_fill_flux_1_dev,1444710198,1,0.09268777817487717
flux_fill_flux_1_dev,4936302238,0,0.08269733935594559
flux_fill_flux_1_dev,4936302238,1,0.6139311790466309
flux_fill_flux_1_dev,4287633714,0,0.04054073989391327
flux_fill_flux_1_dev,4287633714,1,0.18359363079071045
flux_fill_flux_1_dev,7616312438,0,0.03210070729255676
flux_fill_flux_1_dev,7616312438,1,0.08570927381515503
flux_fill_flux_1_dev,4480923732,0,0.08819004893302917
flux_fill_flux_1_dev,4480923732,1,0.2590751051902771
flux_fill_flux_1_dev,4890932738,0,0.05877656117081642
flux_fill_flux_1_dev,4890932738,1,0.8272706270217896
flux_fill_flux_1_dev,3996889070,0,0.06512755155563354
flux_fill_flux_1_dev,3996889070,1,0.10194651782512665
flux_fill_flux_1_dev,253924161,0,0.028652669861912727
flux_fill_flux_1_dev,253924161,1,0.19072401523590088
flux_fill_flux_1_dev,4838106858,0,0.0832919329404831
flux_fill_flux_1_dev,4838106858,1,0.29665428400039673
flux_fill_flux_1_dev,3329207492,0,0.049958523362874985
flux_fill_flux_1_dev,3329207492,1,0.8509646654129028
flux_fill_flux_1_dev,2058124718,0,0.04569203406572342
flux_fill_flux_1_dev,2058124718,1,0.907967209815979
flux_fill_flux_1_dev,2532047708,0,0.053799644112586975
flux_fill_flux_1_dev,2532047708,1,0.2716379463672638
flux_fill_flux_1_dev,4690278994,0,0.06608537584543228
flux_fill_flux_1_dev,4690278994,1,0.8056321740150452
flux_fill_flux_1_dev,1806580620,0,0.06465348601341248
flux_fill_flux_1_dev,1806580620,1,0.13892842829227448
flux_fill_flux_1_dev,358355700,0,0.034358687698841095
flux_fill_flux_1_dev,358355700,1,0.672331690788269
flux_fill_flux_1_dev,3449114979,0,0.03934250399470329
flux_fill_flux_1_dev,3449114979,1,0.5344910621643066
flux_fill_flux_1_dev,104285082,0,0.09138210862874985
flux_fill_flux_1_dev,104285082,1,0.28616926074028015
flux_fill_flux_1_dev,2763090857,0,0.05070536211133003
flux_fill_flux_1_dev,2763090857,1,0.13706977665424347
flux_fill_flux_1_dev,3168327945,0,0.03760863468050957
flux_fill_flux_1_dev,3168327945,1,0.4222365617752075
flux_fill_flux_1_dev,3455019076,0,0.04569203406572342
flux_fill_flux_1_dev,3455019076,1,0.09009299427270889
flux_fill_flux_1_dev,4676792744,0,0.04023794084787369
flux_fill_flux_1_dev,4676792744,1,0.5743052363395691
flux_fill_flux_1_dev,2589156742,0,0.030908960849046707
flux_fill_flux_1_dev,2589156742,1,0.38931435346603394
flux_fill_flux_1_dev,530170010,0,0.037326883524656296
flux_fill_flux_1_dev,530170010,1,0.896251380443573
flux_fill_flux_1_dev,3373544964,0,0.03993731737136841
flux_fill_flux_1_dev,3373544964,1,0.5779718160629272
flux_fill_flux_1_dev,4821810079,0,0.0446808747947216
flux_fill_flux_1_dev,4821810079,1,0.8272706270217896
flux_fill_flux_1_dev,2293149170,0,0.03185885772109032
flux_fill_flux_1_dev,2293149170,1,0.9838472008705139
flux_fill_flux_1_dev,4368362518,0,0.09807932376861572
flux_fill_flux_1_dev,4368362518,1,0.873214840888977
flux_fill_flux_1_dev,4925573161,0,0.04569203406572342
flux_fill_flux_1_dev,4925573161,1,0.7021217346191406
flux_fill_flux_1_dev,2834103050,0,0.0443485826253891
flux_fill_flux_1_dev,2834103050,1,0.9263036847114563
flux_fill_flux_1_dev,2923086298,0,0.05146276578307152
flux_fill_flux_1_dev,2923086298,1,0.26702573895454407
flux_fill_flux_1_dev,2468906010,0,0.05108273774385452
flux_fill_flux_1_dev,2468906010,1,0.13986563682556152
flux_fill_flux_1_dev,160541986,0,0.02822098508477211
flux_fill_flux_1_dev,160541986,1,0.9465966820716858
flux_fill_flux_1_dev,2404959574,0,0.03934250399470329
flux_fill_flux_1_dev,2404959574,1,0.28977349400520325
flux_fill_flux_1_dev,3494151850,0,0.8844391107559204
flux_fill_flux_1_dev,3494151850,1,0.11436852067708969
flux_fill_flux_1_dev,2537002791,0,0.06325051933526993
flux_fill_flux_1_dev,2537002791,1,0.11636176705360413
flux_fill_flux_1_dev,3354474353,0,0.053009770810604095
flux_fill_flux_1_dev,3354474353,1,0.9155072569847107
flux_fill_flux_1_dev,517942470,0,0.031618766486644745
flux_fill_flux_1_dev,517942470,1,0.9019206762313843
flux_fill_flux_1_dev,3461041826,0,0.048496004194021225
flux_fill_flux_1_dev,3461041826,1,0.32788345217704773
flux_fill_flux_1_dev,2763601657,0,0.02779562398791313
flux_fill_flux_1_dev,2763601657,1,0.8778960704803467
flux_fill_flux_1_dev,6314475602,0,0.10158944129943848
flux_fill_flux_1_dev,6314475602,1,0.1037486270070076
flux_fill_flux_1_dev,2249682069,0,0.0384661927819252
flux_fill_flux_1_dev,2249682069,1,0.3510885536670685
flux_fill_flux_1_dev,4694894610,0,0.037326883524656296
flux_fill_flux_1_dev,4694894610,1,0.05623634159564972
flux_fill_flux_1_dev,3771613841,0,0.042087726294994354
flux_fill_flux_1_dev,3771613841,1,0.12252321094274521
flux_fill_flux_1_dev,4791513183,0,0.05070536211133003
flux_fill_flux_1_dev,4791513183,1,0.2549724578857422
flux_fill_flux_1_dev,498404951,0,0.09842541813850403
flux_fill_flux_1_dev,498404951,1,0.0991208553314209
flux_fill_flux_1_dev,3799708677,0,0.22202469408512115
flux_fill_flux_1_dev,3799708677,1,0.50146484375
flux_fill_flux_1_dev,4973611817,0,0.025760561227798462
flux_fill_flux_1_dev,4973611817,1,0.7483522891998291
flux_fill_flux_1_dev,3027397797,0,0.04115288704633713
flux_fill_flux_1_dev,3027397797,1,0.24944724142551422
flux_fill_flux_1_dev,3539960792,0,0.0333368219435215
flux_fill_flux_1_dev,3539960792,1,0.3709087371826172
flux_fill_flux_1_dev,1424775129,0,0.052618954330682755
flux_fill_flux_1_dev,1424775129,1,0.3036285638809204
flux_fill_flux_1_dev,3635194562,0,0.08882028609514236
flux_fill_flux_1_dev,3635194562,1,0.454714298248291
flux_fill_flux_1_dev,8034139464,0,0.06512755155563354
flux_fill_flux_1_dev,8034139464,1,0.499267578125
flux_fill_flux_1_dev,2393971707,0,0.04922211915254593
flux_fill_flux_1_dev,2393971707,1,0.17895591259002686
flux_fill_flux_1_dev,2474776724,0,0.038178276270627975
flux_fill_flux_1_dev,2474776724,1,0.4315842092037201
flux_fill_flux_1_dev,2910885196,0,0.04922211915254593
flux_fill_flux_1_dev,2910885196,1,0.1761041283607483
flux_fill_flux_1_dev,5199439325,0,0.05623634159564972
flux_fill_flux_1_dev,5199439325,1,0.7701191902160645
flux_fill_flux_1_dev,2786245676,0,0.9284088015556335
flux_fill_flux_1_dev,2786245676,1,0.8000679016113281
flux_fill_flux_1_dev,7610186624,0,0.0446808747947216
flux_fill_flux_1_dev,7610186624,1,0.15002882480621338
flux_fill_flux_1_dev,8038092309,0,0.029986508190631866
flux_fill_flux_1_dev,8038092309,1,0.05184547230601311
flux_fill_flux_1_dev,2123995873,0,0.030444350093603134
flux_fill_flux_1_dev,2123995873,1,0.1672186702489853
flux_fill_flux_1_dev,852427632,0,0.039048291742801666
flux_fill_flux_1_dev,852427632,1,0.7759445905685425
flux_fill_flux_1_dev,4885036157,0,0.046378206461668015
flux_fill_flux_1_dev,4885036157,1,0.3473156988620758
flux_fill_flux_1_dev,6632464405,0,0.05108273774385452
flux_fill_flux_1_dev,6632464405,1,0.15002882480621338
flux_fill_flux_1_dev,3522989916,0,0.038178276270627975
flux_fill_flux_1_dev,3522989916,1,0.049958523362874985
flux_fill_flux_1_dev,5901845159,0,0.04742587357759476
flux_fill_flux_1_dev,5901845159,1,0.469277024269104
flux_fill_flux_1_dev,4326893429,0,0.05921025201678276
flux_fill_flux_1_dev,4326893429,1,0.2393493503332138
flux_fill_flux_1_dev,2584487952,0,0.0427221953868866
flux_fill_flux_1_dev,2584487952,1,0.7416740655899048
flux_fill_flux_1_dev,2335428699,0,0.0443485826253891
flux_fill_flux_1_dev,2335428699,1,0.7690802216529846
flux_fill_flux_1_dev,3416050480,0,0.896975576877594
flux_fill_flux_1_dev,3416050480,1,0.875361442565918
flux_fill_flux_1_dev,3597715122,0,0.04603390023112297
flux_fill_flux_1_dev,3597715122,1,0.5109845399856567
flux_fill_flux_1_dev,128395402,0,0.08882028609514236
flux_fill_flux_1_dev,128395402,1,0.09009299427270889
flux_fill_flux_1_dev,2507182524,0,0.04742587357759476
flux_fill_flux_1_dev,2507182524,1,0.12984342873096466
flux_fill_flux_1_dev,2860432302,0,0.046378206461668015
flux_fill_flux_1_dev,2860432302,1,0.1427091360092163
flux_fill_flux_1_dev,3046312861,0,0.007460643537342548
flux_fill_flux_1_dev,3046312861,1,0.8056321740150452
flux_fill_flux_1_dev,5661511556,0,0.049958523362874985
flux_fill_flux_1_dev,5661511556,1,0.4308057427406311
flux_fill_flux_1_dev,3357416302,0,0.05033063143491745
flux_fill_flux_1_dev,3357416302,1,0.735641598701477
flux_fill_flux_1_dev,6043589490,0,0.04535257816314697
flux_fill_flux_1_dev,6043589490,1,0.459682434797287
flux_fill_flux_1_dev,2822265828,0,0.03649376705288887
flux_fill_flux_1_dev,2822265828,1,0.07369627058506012
flux_fill_flux_1_dev,2254913901,0,0.08882028609514236
flux_fill_flux_1_dev,2254913901,1,0.8887587189674377
flux_fill_flux_1_dev,170405864,0,0.04240383207798004
flux_fill_flux_1_dev,170405864,1,0.32209935784339905
flux_fill_flux_1_dev,2256447557,0,0.05541279539465904
flux_fill_flux_1_dev,2256447557,1,0.07263670116662979
flux_fill_flux_1_dev,2422482455,0,0.0427221953868866
flux_fill_flux_1_dev,2422482455,1,0.8158201575279236
flux_fill_flux_1_dev,6870585516,0,0.048496004194021225
flux_fill_flux_1_dev,6870585516,1,0.707808792591095
flux_fill_flux_1_dev,2219805467,0,0.6597340106964111
flux_fill_flux_1_dev,2219805467,1,0.8449215292930603
flux_fill_flux_1_dev,3456579559,0,0.05070536211133003
flux_fill_flux_1_dev,3456579559,1,0.6531268954277039
flux_fill_flux_1_dev,427936315,0,0.03138043358922005
flux_fill_flux_1_dev,427936315,1,0.6817267537117004
flux_fill_flux_1_dev,2741990005,0,0.12984342873096466
flux_fill_flux_1_dev,2741990005,1,0.4751182198524475
flux_fill_flux_1_dev,4704083135,0,0.04958902671933174
flux_fill_flux_1_dev,4704083135,1,0.2568320035934448
flux_fill_flux_1_dev,7738368186,0,0.06754669547080994
flux_fill_flux_1_dev,7738368186,1,0.5290200710296631
flux_fill_flux_1_dev,2922807898,0,0.06371499598026276
flux_fill_flux_1_dev,2922807898,1,0.7279754281044006
flux_fill_flux_1_dev,21514026,0,0.02080448903143406
flux_fill_flux_1_dev,21514026,1,0.35644665360450745
flux_fill_flux_1_dev,118939364,0,0.048496004194021225
flux_fill_flux_1_dev,118939364,1,0.9213575720787048
flux_fill_flux_1_dev,74759622,0,0.04885777831077576
flux_fill_flux_1_dev,74759622,1,0.7181993126869202
flux_fill_flux_1_dev,4071750215,0,0.07055959850549698
flux_fill_flux_1_dev,4071750215,1,0.08210662752389908
flux_fill_flux_1_dev,3893510114,0,0.042087726294994354
flux_fill_flux_1_dev,3893510114,1,0.0534033328294754
flux_fill_flux_1_dev,3477315700,0,0.22135069966316223
flux_fill_flux_1_dev,3477315700,1,0.1259227693080902
flux_fill_flux_1_dev,4857558207,0,0.04958902671933174
flux_fill_flux_1_dev,4857558207,1,0.2806163728237152
flux_fill_flux_1_dev,137444466,0,0.01798621006309986
flux_fill_flux_1_dev,137444466,1,0.2921912372112274
flux_fill_flux_1_dev,3819214047,0,0.06142403930425644
flux_fill_flux_1_dev,3819214047,1,0.6509112119674683
flux_fill_flux_1_dev,5504963988,0,0.0541987270116806
flux_fill_flux_1_dev,5504963988,1,0.15002882480621338
flux_fill_flux_1_dev,470887785,0,0.02161533385515213
flux_fill_flux_1_dev,470887785,1,0.12940272688865662
flux_fill_flux_1_dev,4397606831,0,0.0541987270116806
flux_fill_flux_1_dev,4397606831,1,0.5460120439529419
flux_fill_flux_1_dev,3272847211,0,0.043365802615880966
flux_fill_flux_1_dev,3272847211,1,0.3535397946834564
flux_fill_flux_1_dev,3691394196,0,0.0384661927819252
flux_fill_flux_1_dev,3691394196,1,0.40833574533462524
flux_fill_flux_1_dev,62057380,0,0.0534033328294754
flux_fill_flux_1_dev,62057380,1,0.11162799596786499
flux_fill_flux_1_dev,191592626,0,0.053799644112586975
flux_fill_flux_1_dev,191592626,1,0.4792599678039551
flux_fill_flux_1_dev,3761067976,0,0.055005282163619995
flux_fill_flux_1_dev,3761067976,1,0.167763352394104
flux_fill_flux_1_dev,3084472304,0,0.04501553252339363
flux_fill_flux_1_dev,3084472304,1,0.21967211365699768
flux_fill_flux_1_dev,4606522320,0,0.05749327689409256
flux_fill_flux_1_dev,4606522320,1,0.8311430811882019
flux_fill_flux_1_dev,4361156028,0,0.04885777831077576
flux_fill_flux_1_dev,4361156028,1,0.3429014980792999
flux_fill_flux_1_dev,2324963565,0,0.04535257816314697
flux_fill_flux_1_dev,2324963565,1,0.7021217346191406
flux_fill_flux_1_dev,1389264266,0,0.030908960849046707
flux_fill_flux_1_dev,1389264266,1,0.42548584938049316
flux_fill_flux_1_dev,129662899,0,0.027169233188033104
flux_fill_flux_1_dev,129662899,1,0.05070536211133003
flux_fill_flux_1_dev,3326249355,0,0.04707418009638786
flux_fill_flux_1_dev,3326249355,1,0.9376689791679382
flux_fill_flux_1_dev,2176874361,0,0.0627892017364502
flux_fill_flux_1_dev,2176874361,1,0.6160122752189636
flux_fill_flux_1_dev,247189554,0,0.11716748028993607
flux_fill_flux_1_dev,247189554,1,0.6951311230659485
flux_fill_flux_1_dev,241347243,0,0.06233103945851326
flux_fill_flux_1_dev,241347243,1,0.3159469962120056
flux_fill_flux_1_dev,3347798761,0,0.5393471717834473
flux_fill_flux_1_dev,3347798761,1,0.06052938848733902
flux_fill_flux_1_dev,4974263771,0,0.03541072458028793
flux_fill_flux_1_dev,4974263771,1,0.39987021684646606
flux_fill_flux_1_dev,97138973,0,0.026355354115366936
flux_fill_flux_1_dev,97138973,1,0.8370879292488098
flux_fill_flux_1_dev,2281054343,0,0.02595735713839531
flux_fill_flux_1_dev,2281054343,1,0.3721628487110138
flux_fill_flux_1_dev,3063544435,0,0.06142403930425644
flux_fill_flux_1_dev,3063544435,1,0.9124361872673035
flux_fill_flux_1_dev,4631804601,0,0.04023794084787369
flux_fill_flux_1_dev,4631804601,1,0.10894504189491272
flux_fill_flux_1_dev,123101580,0,0.02498779445886612
flux_fill_flux_1_dev,123101580,1,0.0844927579164505
flux_fill_flux_1_dev,4775763666,0,0.014615669846534729
flux_fill_flux_1_dev,4775763666,1,0.7086160182952881
flux_fill_flux_1_dev,1012150929,0,0.04177388176321983
flux_fill_flux_1_dev,1012150929,1,0.3943175673484802
flux_fill_flux_1_dev,4787867133,0,0.03384403511881828
flux_fill_flux_1_dev,4787867133,1,0.5547116994857788
flux_fill_flux_1_dev,2806632713,0,0.04778006672859192
flux_fill_flux_1_dev,2806632713,1,0.8727816939353943
flux_fill_flux_1_dev,287212060,0,0.01615283451974392
flux_fill_flux_1_dev,287212060,1,0.6825737357139587
flux_fill_flux_1_dev,2723785828,0,0.030908960849046707
flux_fill_flux_1_dev,2723785828,1,0.8459424376487732
flux_fill_flux_1_dev,6869365418,0,0.04958902671933174
flux_fill_flux_1_dev,6869365418,1,0.3600389063358307
flux_fill_flux_1_dev,269361490,0,0.02909075655043125
flux_fill_flux_1_dev,269361490,1,0.09401018917560577
flux_fill_flux_1_dev,2701892321,0,0.02931223064661026
flux_fill_flux_1_dev,2701892321,1,0.1475551873445511
flux_fill_flux_1_dev,1330645772,0,0.034358687698841095
flux_fill_flux_1_dev,1330645772,1,0.14511536061763763
flux_fill_flux_1_dev,179778822,0,0.043365802615880966
flux_fill_flux_1_dev,179778822,1,0.8563323616981506
flux_fill_flux_1_dev,3955157194,0,0.055005282163619995
flux_fill_flux_1_dev,3955157194,1,0.12043881416320801
flux_fill_flux_1_dev,2540884723,0,0.030908960849046707
flux_fill_flux_1_dev,2540884723,1,0.47438767552375793
flux_fill_flux_1_dev,388837010,0,0.022116590291261673
flux_fill_flux_1_dev,388837010,1,0.746508777141571
flux_fill_flux_1_dev,4852819911,0,0.0384661927819252
flux_fill_flux_1_dev,4852819911,1,0.16026602685451508
flux_fill_flux_1_dev,3256274183,0,0.04672496020793915
flux_fill_flux_1_dev,3256274183,1,0.15002882480621338
flux_fill_flux_1_dev,3549006919,0,0.055005282163619995
flux_fill_flux_1_dev,3549006919,1,0.5174489617347717
flux_fill_flux_1_dev,2527628435,0,0.04672496020793915
flux_fill_flux_1_dev,2527628435,1,0.3965354561805725
flux_fill_flux_1_dev,7003919692,0,0.06954174488782883
flux_fill_flux_1_dev,7003919692,1,0.3178495764732361
flux_fill_flux_1_dev,4967261262,0,0.05623634159564972
flux_fill_flux_1_dev,4967261262,1,0.3815651535987854
flux_fill_flux_1_dev,5196783191,0,0.05582313984632492
flux_fill_flux_1_dev,5196783191,1,0.8068526387214661
flux_fill_flux_1_dev,5428390334,0,0.05964694544672966
flux_fill_flux_1_dev,5428390334,1,0.5045164823532104
flux_fill_flux_1_dev,3595080592,0,0.04885777831077576
flux_fill_flux_1_dev,3595080592,1,0.8705973029136658
flux_fill_flux_1_dev,6218244928,0,0.05707140266895294
flux_fill_flux_1_dev,6218244928,1,0.7217432260513306
flux_fill_flux_1_dev,1260816604,0,0.0446808747947216
flux_fill_flux_1_dev,1260816604,1,0.3306873142719269
flux_fill_flux_1_dev,2501548593,0,0.11318691074848175
flux_fill_flux_1_dev,2501548593,1,0.8840392827987671
flux_fill_flux_1_dev,3063054647,0,0.05184547230601311
flux_fill_flux_1_dev,3063054647,1,0.4669671356678009
flux_fill_flux_1_dev,4791975111,0,0.043691057711839676
flux_fill_flux_1_dev,4791975111,1,0.15869519114494324
flux_fill_flux_1_dev,1053116826,0,0.05146276578307152
flux_fill_flux_1_dev,1053116826,1,0.09534946084022522
flux_fill_flux_1_dev,6901412,0,0.03622005879878998
flux_fill_flux_1_dev,6901412,1,0.1212688684463501
flux_fill_flux_1_dev,2700788458,0,0.03138043358922005
flux_fill_flux_1_dev,2700788458,1,0.8031737804412842
flux_fill_flux_1_dev,378453580,0,0.03875619173049927
flux_fill_flux_1_dev,378453580,1,0.10521053522825241
flux_fill_flux_1_dev,3944497603,0,0.017712296918034554
flux_fill_flux_1_dev,3944497603,1,0.6566582322120667
flux_fill_flux_1_dev,393043864,0,0.05223085358738899
flux_fill_flux_1_dev,393043864,1,0.421016126871109
flux_fill_flux_1_dev,2511798599,0,0.031618766486644745
flux_fill_flux_1_dev,2511798599,1,0.3113221526145935
flux_fill_flux_1_dev,241345522,0,0.03283695504069328
flux_fill_flux_1_dev,241345522,1,0.04569203406572342
flux_fill_flux_1_dev,5623287052,0,0.09009299427270889
flux_fill_flux_1_dev,5623287052,1,0.1550784707069397
flux_fill_flux_1_dev,292198220,0,0.04672496020793915
flux_fill_flux_1_dev,292198220,1,0.8365545868873596
flux_fill_flux_1_dev,1483574454,0,0.04742587357759476
flux_fill_flux_1_dev,1483574454,1,0.26057755947113037
flux_fill_flux_1_dev,6206278823,0,0.21337716281414032
flux_fill_flux_1_dev,6206278823,1,0.24725967645645142
flux_fill_flux_1_dev,2782480767,0,0.05223085358738899
flux_fill_flux_1_dev,2782480767,1,0.049958523362874985
flux_fill_flux_1_dev,3701699584,0,0.04054073989391327
flux_fill_flux_1_dev,3701699584,1,0.3015677034854889
flux_fill_flux_1_dev,4772885285,0,0.04603390023112297
flux_fill_flux_1_dev,4772885285,1,0.9196425676345825
flux_fill_flux_1_dev,4443088094,0,0.0378924235701561
flux_fill_flux_1_dev,4443088094,1,0.13161905109882355
flux_fill_flux_1_dev,4672132178,0,0.043365802615880966
flux_fill_flux_1_dev,4672132178,1,0.11596070975065231
flux_fill_flux_1_dev,2597958208,0,0.0443485826253891
flux_fill_flux_1_dev,2597958208,1,0.47167953848838806
flux_fill_flux_1_dev,7249187716,0,0.04535257816314697
flux_fill_flux_1_dev,7249187716,1,0.0541987270116806
flux_fill_flux_1_dev,77740577,0,0.026963500306010246
flux_fill_flux_1_dev,77740577,1,0.7094219326972961
flux_fill_flux_1_dev,2307118114,0,0.08819004893302917
flux_fill_flux_1_dev,2307118114,1,0.724090576171875
flux_fill_flux_1_dev,2823575468,0,0.04742587357759476
flux_fill_flux_1_dev,2823575468,1,0.5544553399085999
flux_fill_flux_1_dev,213583123,0,0.05665242671966553
flux_fill_flux_1_dev,213583123,1,0.10669060051441193
flux_fill_flux_1_dev,6333818443,0,0.04569203406572342
flux_fill_flux_1_dev,6333818443,1,0.7634837031364441
flux_fill_flux_1_dev,3543294190,0,0.0446808747947216
flux_fill_flux_1_dev,3543294190,1,0.19930800795555115
flux_fill_flux_1_dev,3421131122,0,0.05665242671966553
flux_fill_flux_1_dev,3421131122,1,0.09334687888622284
flux_fill_flux_1_dev,439916996,0,0.03676946461200714
flux_fill_flux_1_dev,439916996,1,0.2743513584136963
flux_fill_flux_1_dev,4828433053,0,0.048136770725250244
flux_fill_flux_1_dev,4828433053,1,0.8745065331459045
flux_fill_flux_1_dev,2409312675,0,0.05184547230601311
flux_fill_flux_1_dev,2409312675,1,0.2037075310945511
flux_fill_flux_1_dev,4328528475,0,0.025371313095092773
flux_fill_flux_1_dev,4328528475,1,0.09334687888622284
flux_fill_flux_1_dev,2922222717,0,0.02779562398791313
flux_fill_flux_1_dev,2922222717,1,0.9224823713302612
flux_fill_flux_1_dev,4673314291,0,0.03138043358922005
flux_fill_flux_1_dev,4673314291,1,0.8856314420700073
flux_fill_flux_1_dev,2222732183,0,0.03185885772109032
flux_fill_flux_1_dev,2222732183,1,0.8610715270042419
flux_fill_flux_1_dev,2877088081,0,0.07751765847206116
flux_fill_flux_1_dev,2877088081,1,0.11201596260070801
flux_fill_flux_1_dev,3731739486,0,0.049958523362874985
flux_fill_flux_1_dev,3731739486,1,0.11838509887456894
flux_fill_flux_1_dev,3944169186,0,0.039048291742801666
flux_fill_flux_1_dev,3944169186,1,0.5212274789810181
flux_fill_flux_1_dev,3279228339,0,0.05146276578307152
flux_fill_flux_1_dev,3279228339,1,0.8887587189674377
flux_fill_flux_1_dev,46663846,0,0.0443485826253891
flux_fill_flux_1_dev,46663846,1,0.4971924126148224
flux_fill_flux_1_dev,466877726,0,0.017309095710515976
flux_fill_flux_1_dev,466877726,1,0.14560063183307648
flux_fill_flux_1_dev,6274918824,0,0.03676946461200714
flux_fill_flux_1_dev,6274918824,1,0.36274343729019165
flux_fill_flux_1_dev,7212803242,0,0.12168575078248978
flux_fill_flux_1_dev,7212803242,1,0.48584359884262085
flux_fill_flux_1_dev,143688205,0,0.09982065856456757
flux_fill_flux_1_dev,143688205,1,0.4757271111011505
flux_fill_flux_1_dev,618771382,0,0.07107366621494293
flux_fill_flux_1_dev,618771382,1,0.9224823713302612
flux_fill_flux_1_dev,2463394631,0,0.029986508190631866
flux_fill_flux_1_dev,2463394631,1,0.3464307188987732
flux_fill_flux_1_dev,1138784872,0,0.05108273774385452
flux_fill_flux_1_dev,1138784872,1,0.08509904146194458
flux_fill_flux_1_dev,821599220,0,0.04707418009638786
flux_fill_flux_1_dev,821599220,1,0.7846492528915405
flux_fill_flux_1_dev,4716333601,0,0.03594832494854927
flux_fill_flux_1_dev,4716333601,1,0.4444442093372345
flux_fill_flux_1_dev,3019776218,0,0.05223085358738899
flux_fill_flux_1_dev,3019776218,1,0.8918110132217407
flux_fill_flux_1_dev,2088460083,0,0.02080448903143406
flux_fill_flux_1_dev,2088460083,1,0.0541987270116806
flux_fill_flux_1_dev,6225843702,0,0.19436782598495483
flux_fill_flux_1_dev,6225843702,1,0.28656840324401855
flux_fill_flux_1_dev,305979887,0,0.043365802615880966
flux_fill_flux_1_dev,305979887,1,0.4929203987121582
flux_fill_flux_1_dev,4842876705,0,0.043691057711839676
flux_fill_flux_1_dev,4842876705,1,0.188323974609375
flux_fill_flux_1_dev,2984174290,0,0.04535257816314697
flux_fill_flux_1_dev,2984174290,1,0.08756384998559952
flux_fill_flux_1_dev,4441980889,0,0.05223085358738899
flux_fill_flux_1_dev,4441980889,1,0.13799647986888885
flux_fill_flux_1_dev,509778093,0,0.05541279539465904
flux_fill_flux_1_dev,509778093,1,0.3718206584453583
flux_fill_flux_1_dev,4912431886,0,0.03704717382788658
flux_fill_flux_1_dev,4912431886,1,0.6787529587745667
flux_fill_flux_1_dev,2955099064,0,0.024237636476755142
flux_fill_flux_1_dev,2955099064,1,0.5898345112800598
flux_fill_flux_1_dev,1737441377,0,0.043691057711839676
flux_fill_flux_1_dev,1737441377,1,0.28378137946128845
flux_fill_flux_1_dev,3223809913,0,0.053009770810604095
flux_fill_flux_1_dev,3223809913,1,0.2512800693511963
flux_fill_flux_1_dev,423782935,0,0.04023794084787369
flux_fill_flux_1_dev,423782935,1,0.6938879489898682
flux_fill_flux_1_dev,263233914,0,0.1259227693080902
flux_fill_flux_1_dev,263233914,1,0.2766905426979065
flux_fill_flux_1_dev,6420396169,0,0.04742587357759476
flux_fill_flux_1_dev,6420396169,1,0.8098781704902649
flux_fill_flux_1_dev,4603099757,0,0.03934250399470329
flux_fill_flux_1_dev,4603099757,1,0.8872045874595642
flux_fill_flux_1_dev,2858456847,0,0.03210070729255676
flux_fill_flux_1_dev,2858456847,1,0.3090237081050873
flux_fill_flux_1_dev,1453366750,0,0.05223085358738899
flux_fill_flux_1_dev,1453366750,1,0.9202179908752441
flux_fill_flux_1_dev,3604391853,0,0.055005282163619995
flux_fill_flux_1_dev,3604391853,1,0.42321962118148804
flux_fill_flux_1_dev,2987588136,0,0.028652669861912727
flux_fill_flux_1_dev,2987588136,1,0.5729318261146545
flux_fill_flux_1_dev,4400746838,0,0.07807815819978714
flux_fill_flux_1_dev,4400746838,1,0.26664361357688904
flux_fill_flux_1_dev,401405215,0,0.04569203406572342
flux_fill_flux_1_dev,401405215,1,0.3916095197200775
flux_fill_flux_1_dev,4825458628,0,0.586759626865387
flux_fill_flux_1_dev,4825458628,1,0.6727617979049683
flux_fill_flux_1_dev,6059154572,0,0.08945459872484207
flux_fill_flux_1_dev,6059154572,1,0.9149009585380554
flux_fill_flux_1_dev,3514184232,0,0.0534033328294754
flux_fill_flux_1_dev,3514184232,1,0.2901756167411804
flux_fill_flux_1_dev,4474749623,0,0.031143832951784134
flux_fill_flux_1_dev,4474749623,1,0.05623634159564972
flux_fill_flux_1_dev,618797331,0,0.03488088771700859
flux_fill_flux_1_dev,618797331,1,0.9358173608779907
flux_fill_flux_1_dev,2622624460,0,0.043042849749326706
flux_fill_flux_1_dev,2622624460,1,0.780662477016449
flux_fill_flux_1_dev,400345058,0,0.9504110217094421
flux_fill_flux_1_dev,400345058,1,0.04177388176321983
flux_fill_flux_1_dev,3747007211,0,0.0427221953868866
flux_fill_flux_1_dev,3747007211,1,0.09739039838314056
flux_fill_flux_1_dev,3135826945,0,0.19620943069458008
flux_fill_flux_1_dev,3135826945,1,0.2885691225528717
flux_fill_flux_1_dev,2466420387,0,0.043691057711839676
flux_fill_flux_1_dev,2466420387,1,0.4208375811576843
flux_fill_flux_1_dev,506082695,0,0.05223085358738899
flux_fill_flux_1_dev,506082695,1,0.9118099808692932
flux_fill_flux_1_dev,312788070,0,0.046378206461668015
flux_fill_flux_1_dev,312788070,1,0.4981689751148224
flux_fill_flux_1_dev,511749704,0,0.04885777831077576
flux_fill_flux_1_dev,511749704,1,0.8092759251594543
flux_fill_flux_1_dev,5733760,0,0.05033063143491745
flux_fill_flux_1_dev,5733760,1,0.5317565202713013
flux_fill_flux_1_dev,86131617,0,0.0384661927819252
flux_fill_flux_1_dev,86131617,1,0.7655933499336243
flux_fill_flux_1_dev,6981038793,0,0.11162799596786499
flux_fill_flux_1_dev,6981038793,1,0.837619960308075
flux_fill_flux_1_dev,3201517121,0,0.053009770810604095
flux_fill_flux_1_dev,3201517121,1,0.9149009585380554
flux_fill_flux_1_dev,97162852,0,0.04922211915254593
flux_fill_flux_1_dev,97162852,1,0.2429232895374298
flux_fill_flux_1_dev,3616525288,0,0.1127953976392746
flux_fill_flux_1_dev,3616525288,1,0.4729421138763428
flux_fill_flux_1_dev,2373932560,0,0.0427221953868866
flux_fill_flux_1_dev,2373932560,1,0.5458909869194031
flux_fill_flux_1_dev,4606967207,0,0.05582313984632492
flux_fill_flux_1_dev,4606967207,1,0.15102781355381012
flux_fill_flux_1_dev,3019609769,0,0.03594832494854927
flux_fill_flux_1_dev,3019609769,1,0.8856314420700073
flux_fill_flux_1_dev,86112875,0,0.034100428223609924
flux_fill_flux_1_dev,86112875,1,0.167763352394104
flux_fill_flux_1_dev,3678098428,0,0.04535257816314697
flux_fill_flux_1_dev,3678098428,1,0.08210662752389908
flux_fill_flux_1_dev,439171995,0,0.04569203406572342
flux_fill_flux_1_dev,439171995,1,0.5520567893981934
flux_fill_flux_1_dev,4052515931,0,0.05108273774385452
flux_fill_flux_1_dev,4052515931,1,0.3911733329296112
flux_fill_flux_1_dev,1775223211,0,0.22884513437747955
flux_fill_flux_1_dev,1775223211,1,0.207857146859169
flux_fill_flux_1_dev,3547000169,0,0.05707140266895294
flux_fill_flux_1_dev,3547000169,1,0.1127953976392746
flux_fill_flux_1_dev,20805896,0,0.055005282163619995
flux_fill_flux_1_dev,20805896,1,0.4584699273109436
flux_fill_flux_1_dev,3308171165,0,0.04707418009638786
flux_fill_flux_1_dev,3308171165,1,0.7229183912277222
flux_fill_flux_1_dev,463978865,0,0.26057755947113037
flux_fill_flux_1_dev,463978865,1,0.5067134499549866
flux_fill_flux_1_dev,4831683216,0,0.10594827681779861
flux_fill_flux_1_dev,4831683216,1,0.19744445383548737
flux_fill_flux_1_dev,2635938723,0,0.6109178066253662
flux_fill_flux_1_dev,2635938723,1,0.9753900170326233
flux_fill_flux_1_dev,3707585013,0,0.0541987270116806
flux_fill_flux_1_dev,3707585013,1,0.07864238321781158
flux_fill_flux_1_dev,4080351447,0,0.04778006672859192
flux_fill_flux_1_dev,4080351447,1,0.6800292134284973
flux_fill_flux_1_dev,3685373706,0,0.0541987270116806
flux_fill_flux_1_dev,3685373706,1,0.16026602685451508
flux_fill_flux_1_dev,3170122039,0,0.046378206461668015
flux_fill_flux_1_dev,3170122039,1,0.8998277187347412
flux_fill_flux_1_dev,3482974845,0,0.700894832611084
flux_fill_flux_1_dev,3482974845,1,0.8783142566680908
flux_fill_flux_1_dev,489134459,0,0.048136770725250244
flux_fill_flux_1_dev,489134459,1,0.2759094536304474
flux_fill_flux_1_dev,509987636,0,0.04240383207798004
flux_fill_flux_1_dev,509987636,1,0.9585376977920532
flux_fill_flux_1_dev,2822418176,0,0.07423136383295059
flux_fill_flux_1_dev,2822418176,1,0.42754608392715454
flux_fill_flux_1_dev,2640869832,0,0.057918086647987366
flux_fill_flux_1_dev,2640869832,1,0.11879339814186096
flux_fill_flux_1_dev,5631556013,0,0.030214589089155197
flux_fill_flux_1_dev,5631556013,1,0.6675812005996704
flux_fill_flux_1_dev,3143991972,0,0.038178276270627975
flux_fill_flux_1_dev,3143991972,1,0.8529354333877563
flux_fill_flux_1_dev,2717110088,0,0.03993731737136841
flux_fill_flux_1_dev,2717110088,1,0.389430433511734
flux_fill_flux_1_dev,4819772045,0,0.0627892017364502
flux_fill_flux_1_dev,4819772045,1,0.2546016275882721
flux_fill_flux_1_dev,4801764348,0,0.030675798654556274
flux_fill_flux_1_dev,4801764348,1,0.12210386246442795
flux_fill_flux_1_dev,3431671749,0,0.04672496020793915
flux_fill_flux_1_dev,3431671749,1,0.19868534803390503
flux_fill_flux_1_dev,3240637051,0,0.06705628335475922
flux_fill_flux_1_dev,3240637051,1,0.26170814037323
flux_fill_flux_1_dev,3643981804,0,0.049958523362874985
flux_fill_flux_1_dev,3643981804,1,0.06903792917728424
flux_fill_flux_1_dev,7498713846,0,0.03993731737136841
flux_fill_flux_1_dev,7498713846,1,0.40157046914100647
flux_fill_flux_1_dev,5399620276,0,0.06325051933526993
flux_fill_flux_1_dev,5399620276,1,0.06853749603033066
flux_fill_flux_1_dev,3262645599,0,0.05665242671966553
flux_fill_flux_1_dev,3262645599,1,0.8791467547416687
flux_fill_flux_1_dev,241345770,0,0.029760094359517097
flux_fill_flux_1_dev,241345770,1,0.15921740233898163
flux_fill_flux_1_dev,4257619114,0,0.027376487851142883
flux_fill_flux_1_dev,4257619114,1,0.42155182361602783
flux_fill_flux_1_dev,4912108775,0,0.034358687698841095
flux_fill_flux_1_dev,4912108775,1,0.2140335589647293
flux_fill_flux_1_dev,4024098174,0,0.049958523362874985
flux_fill_flux_1_dev,4024098174,1,0.28140559792518616
flux_fill_flux_1_dev,2741051940,0,0.04535257816314697
flux_fill_flux_1_dev,2741051940,1,0.267408162355423
flux_fill_flux_1_dev,3880366728,0,0.02615562081336975
flux_fill_flux_1_dev,3880366728,1,0.4675748944282532
flux_fill_flux_1_dev,1234206849,0,0.024237636476755142
flux_fill_flux_1_dev,1234206849,1,0.7866228222846985
flux_fill_flux_1_dev,1285874746,0,0.05033063143491745
flux_fill_flux_1_dev,1285874746,1,0.1859472095966339
flux_fill_flux_1_dev,7330749240,0,0.05665242671966553
flux_fill_flux_1_dev,7330749240,1,0.6268097162246704
flux_fill_flux_1_dev,3344040145,0,0.039048291742801666
flux_fill_flux_1_dev,3344040145,1,0.8344069123268127
flux_fill_flux_1_dev,3539817989,0,0.01912403665482998
flux_fill_flux_1_dev,3539817989,1,0.10521053522825241
flux_fill_flux_1_dev,965444691,0,0.022116590291261673
flux_fill_flux_1_dev,965444691,1,0.5644886493682861
flux_fill_flux_1_dev,4797050581,0,0.04922211915254593
flux_fill_flux_1_dev,4797050581,1,0.8494724035263062
flux_fill_flux_1_dev,1408958345,0,0.09138210862874985
flux_fill_flux_1_dev,1408958345,1,0.8563323616981506
flux_fill_flux_1_dev,3880726770,0,0.034358687698841095
flux_fill_flux_1_dev,3880726770,1,0.4174792766571045
flux_fill_flux_1_dev,2382950929,0,0.34775859117507935
flux_fill_flux_1_dev,2382950929,1,0.9339146018028259
flux_fill_flux_1_dev,2391442557,0,0.04535257816314697
flux_fill_flux_1_dev,2391442557,1,0.3674972355365753
flux_fill_flux_1_dev,234374617,0,0.04023794084787369
flux_fill_flux_1_dev,234374617,1,0.14560063183307648
flux_fill_flux_1_dev,369047365,0,0.3361130952835083
flux_fill_flux_1_dev,369047365,1,0.5133025646209717
flux_fill_flux_1_dev,5870701819,0,0.053799644112586975
flux_fill_flux_1_dev,5870701819,1,0.6302298903465271
flux_fill_flux_1_dev,259510411,0,0.05033063143491745
flux_fill_flux_1_dev,259510411,1,0.8778960704803467
flux_fill_flux_1_dev,1417941060,0,0.04535257816314697
flux_fill_flux_1_dev,1417941060,1,0.6531268954277039
flux_fill_flux_1_dev,1733853950,0,0.04672496020793915
flux_fill_flux_1_dev,1733853950,1,0.6980207562446594
flux_fill_flux_1_dev,4966861386,0,0.04569203406572342
flux_fill_flux_1_dev,4966861386,1,0.13161905109882355
flux_fill_flux_1_dev,4478063110,0,0.11716748028993607
flux_fill_flux_1_dev,4478063110,1,0.2247353047132492
flux_fill_flux_1_dev,473323374,0,0.043365802615880966
flux_fill_flux_1_dev,473323374,1,0.5079339146614075
flux_fill_flux_1_dev,2307757311,0,0.043365802615880966
flux_fill_flux_1_dev,2307757311,1,0.32896044850349426
flux_fill_flux_1_dev,2705922624,0,0.03875619173049927
flux_fill_flux_1_dev,2705922624,1,0.6279512047767639
flux_fill_flux_1_dev,2321865325,0,0.06512755155563354
flux_fill_flux_1_dev,2321865325,1,0.5046385526657104
flux_fill_flux_1_dev,4442382200,0,0.03649376705288887
flux_fill_flux_1_dev,4442382200,1,0.4002217948436737
flux_fill_flux_1_dev,1961696686,0,0.05108273774385452
flux_fill_flux_1_dev,1961696686,1,0.4863315522670746
flux_fill_flux_1_dev,2667242810,0,0.04240383207798004
flux_fill_flux_1_dev,2667242810,1,0.28977349400520325
flux_fill_flux_1_dev,4876517154,0,0.046378206461668015
flux_fill_flux_1_dev,4876517154,1,0.25534364581108093
flux_fill_flux_1_dev,2641049916,0,0.06142403930425644
flux_fill_flux_1_dev,2641049916,1,0.7082125544548035
flux_fill_flux_1_dev,3169184260,0,0.04177388176321983
flux_fill_flux_1_dev,3169184260,1,0.8418256044387817
flux_fill_flux_1_dev,3669527584,0,0.04742587357759476
flux_fill_flux_1_dev,3669527584,1,0.9458011984825134
flux_fill_flux_1_dev,4677535056,0,0.03185885772109032
flux_fill_flux_1_dev,4677535056,1,0.32896044850349426
flux_fill_flux_1_dev,3486831654,0,0.04707418009638786
flux_fill_flux_1_dev,3486831654,1,0.43821412324905396
flux_fill_flux_1_dev,4567003374,0,0.04707418009638786
flux_fill_flux_1_dev,4567003374,1,0.15765489637851715
flux_fill_flux_1_dev,5430267989,0,0.0427221953868866
flux_fill_flux_1_dev,5430267989,1,0.1661335527896881
flux_fill_flux_1_dev,140774394,0,0.03934250399470329
flux_fill_flux_1_dev,140774394,1,0.2869678735733032
flux_fill_flux_1_dev,380752558,0,0.04240383207798004
flux_fill_flux_1_dev,380752558,1,0.5632578134536743
flux_fill_flux_1_dev,2324804923,0,0.07864238321781158
flux_fill_flux_1_dev,2324804923,1,0.05749327689409256
flux_fill_flux_1_dev,434932657,0,0.04672496020793915
flux_fill_flux_1_dev,434932657,1,0.5167173743247986
flux_fill_flux_1_dev,6870444330,0,0.053009770810604095
flux_fill_flux_1_dev,6870444330,1,0.3086068034172058
flux_fill_flux_1_dev,1089755335,0,0.0541987270116806
flux_fill_flux_1_dev,1089755335,1,0.05582313984632492
flux_fill_flux_1_dev,4569926879,0,0.034100428223609924
flux_fill_flux_1_dev,4569926879,1,0.21436232328414917
flux_fill_flux_1_dev,2319389144,0,0.04401865229010582
flux_fill_flux_1_dev,2319389144,1,0.10447731614112854
flux_fill_flux_1_dev,617782839,0,0.03934250399470329
flux_fill_flux_1_dev,617782839,1,0.08632348477840424
flux_fill_flux_1_dev,3298573714,0,0.05184547230601311
flux_fill_flux_1_dev,3298573714,1,0.5031737685203552
flux_fill_flux_1_dev,4472750626,0,0.03185885772109032
flux_fill_flux_1_dev,4472750626,1,0.8757869601249695
flux_fill_flux_1_dev,4050916276,0,0.30115649104118347
flux_fill_flux_1_dev,4050916276,1,0.8169911503791809
flux_fill_flux_1_dev,411678041,0,0.04240383207798004
flux_fill_flux_1_dev,411678041,1,0.17328819632530212
flux_fill_flux_1_dev,4633043171,0,0.053009770810604095
flux_fill_flux_1_dev,4633043171,1,0.2869678735733032
flux_fill_flux_1_dev,2904714989,0,0.04778006672859192
flux_fill_flux_1_dev,2904714989,1,0.07211220264434814
flux_fill_flux_1_dev,3094034946,0,0.03649376705288887
flux_fill_flux_1_dev,3094034946,1,0.09467770159244537
flux_fill_flux_1_dev,3745405944,0,0.03258974477648735
flux_fill_flux_1_dev,3745405944,1,0.12210386246442795
flux_fill_flux_1_dev,5892931627,0,0.0446808747947216
flux_fill_flux_1_dev,5892931627,1,0.08850466459989548
flux_fill_flux_1_dev,2641098920,0,0.01971912570297718
flux_fill_flux_1_dev,2641098920,1,0.34048518538475037
flux_fill_flux_1_dev,3549614763,0,0.0443485826253891
flux_fill_flux_1_dev,3549614763,1,0.1127953976392746
flux_fill_flux_1_dev,1286805224,0,0.0534033328294754
flux_fill_flux_1_dev,1286805224,1,0.7272012233734131
flux_fill_flux_1_dev,6152180229,0,0.05223085358738899
flux_fill_flux_1_dev,6152180229,1,0.38722681999206543
flux_fill_flux_1_dev,2683823978,0,0.034358687698841095
flux_fill_flux_1_dev,2683823978,1,0.2018132209777832
flux_fill_flux_1_dev,2905200744,0,0.0446808747947216
flux_fill_flux_1_dev,2905200744,1,0.8872045874595642
flux_fill_flux_1_dev,59303979,0,0.4364118278026581
flux_fill_flux_1_dev,59303979,1,0.14463144540786743
flux_fill_flux_1_dev,4838943023,0,0.038178276270627975
flux_fill_flux_1_dev,4838943023,1,0.6996649503707886
flux_fill_flux_1_dev,2503250992,0,0.026556573808193207
flux_fill_flux_1_dev,2503250992,1,0.5097643733024597
flux_fill_flux_1_dev,2678171436,0,0.04084571823477745
flux_fill_flux_1_dev,2678171436,1,0.10052487254142761
flux_fill_flux_1_dev,2047543321,0,0.01784873753786087
flux_fill_flux_1_dev,2047543321,1,0.6041653752326965
flux_fill_flux_1_dev,3036894037,0,0.053009770810604095
flux_fill_flux_1_dev,3036894037,1,0.5175709128379822
flux_fill_flux_1_dev,221596640,0,0.06008664518594742
flux_fill_flux_1_dev,221596640,1,0.3953675925731659
flux_fill_flux_1_dev,2874876837,0,0.04885777831077576
flux_fill_flux_1_dev,2874876837,1,0.8848377466201782
flux_fill_flux_1_dev,2298661279,0,0.0792103260755539
flux_fill_flux_1_dev,2298661279,1,0.16885696351528168
flux_fill_flux_1_dev,6474645169,0,0.05184547230601311
flux_fill_flux_1_dev,6474645169,1,0.14511536061763763
flux_fill_flux_1_dev,3121219649,0,0.04023794084787369
flux_fill_flux_1_dev,3121219649,1,0.3019792139530182
flux_fill_flux_1_dev,5456862756,0,0.05033063143491745
flux_fill_flux_1_dev,5456862756,1,0.11436852067708969
flux_fill_flux_1_dev,2856524322,0,0.05146276578307152
flux_fill_flux_1_dev,2856524322,1,0.5820159912109375
flux_fill_flux_1_dev,4347441967,0,0.043365802615880966
flux_fill_flux_1_dev,4347441967,1,0.3897787928581238
flux_fill_flux_1_dev,3745474894,0,0.04177388176321983
flux_fill_flux_1_dev,3745474894,1,0.06465348601341248
flux_fill_flux_1_dev,3157745346,0,0.031143832951784134
flux_fill_flux_1_dev,3157745346,1,0.48072248697280884
flux_fill_flux_1_dev,4062259729,0,0.04958902671933174
flux_fill_flux_1_dev,4062259729,1,0.013636834919452667
flux_fill_flux_1_dev,456299217,0,0.06954174488782883
flux_fill_flux_1_dev,456299217,1,0.25017932057380676
flux_fill_flux_1_dev,311619377,0,0.04177388176321983
flux_fill_flux_1_dev,311619377,1,0.20817893743515015
flux_fill_flux_1_dev,7940321892,0,0.04569203406572342
flux_fill_flux_1_dev,7940321892,1,0.4420342743396759
flux_fill_flux_1_dev,4655361417,0,0.13846179842948914
flux_fill_flux_1_dev,4655361417,1,0.7098243832588196
flux_fill_flux_1_dev,2471447879,0,0.04146227240562439
flux_fill_flux_1_dev,2471447879,1,0.7233095169067383
flux_fill_flux_1_dev,137444523,0,0.02228618785738945
flux_fill_flux_1_dev,137444523,1,0.2735743820667267
flux_fill_flux_1_dev,3332248667,0,0.046378206461668015
flux_fill_flux_1_dev,3332248667,1,0.34576770663261414
flux_fill_flux_1_dev,5691210724,0,0.05033063143491745
flux_fill_flux_1_dev,5691210724,1,0.13296423852443695
flux_fill_flux_1_dev,1810651611,0,0.043042849749326706
flux_fill_flux_1_dev,1810651611,1,0.17781086266040802
flux_fill_flux_1_dev,4734162520,0,0.03649376705288887
flux_fill_flux_1_dev,4734162520,1,0.25645938515663147
flux_fill_flux_1_dev,7012109893,0,0.04922211915254593
flux_fill_flux_1_dev,7012109893,1,0.5427724123001099
flux_fill_flux_1_dev,7645680482,0,0.04707418009638786
flux_fill_flux_1_dev,7645680482,1,0.6309123635292053
flux_fill_flux_1_dev,2127166904,0,0.05223085358738899
flux_fill_flux_1_dev,2127166904,1,0.3722769320011139
flux_fill_flux_1_dev,3334866049,0,0.05033063143491745
flux_fill_flux_1_dev,3334866049,1,0.7839884757995605
flux_fill_flux_1_dev,3367399,0,0.04240383207798004
flux_fill_flux_1_dev,3367399,1,0.3106943964958191
flux_fill_flux_1_dev,3149038044,0,0.034618839621543884
flux_fill_flux_1_dev,3149038044,1,0.053799644112586975
flux_fill_flux_1_dev,450688968,0,0.03760863468050957
flux_fill_flux_1_dev,450688968,1,0.7490872144699097
flux_fill_flux_1_dev,4401136784,0,0.05146276578307152
flux_fill_flux_1_dev,4401136784,1,0.1208532303571701
flux_fill_flux_1_dev,4818675994,0,0.0333368219435215
flux_fill_flux_1_dev,4818675994,1,0.8791467547416687
flux_fill_flux_1_dev,345852737,0,0.05108273774385452
flux_fill_flux_1_dev,345852737,1,0.16132023930549622
flux_fill_flux_1_dev,5925544950,0,0.03704717382788658
flux_fill_flux_1_dev,5925544950,1,0.0534033328294754
flux_fill_flux_1_dev,4183662919,0,0.022977370768785477
flux_fill_flux_1_dev,4183662919,1,0.1555909812450409
flux_fill_flux_1_dev,4684005479,0,0.04707418009638786
flux_fill_flux_1_dev,4684005479,1,0.46490156650543213
flux_fill_flux_1_dev,253800791,0,0.05070536211133003
flux_fill_flux_1_dev,253800791,1,0.5529924035072327
flux_fill_flux_1_dev,8138745455,0,0.05184547230601311
flux_fill_flux_1_dev,8138745455,1,0.11357959359884262
flux_fill_flux_1_dev,95795877,0,0.05033063143491745
flux_fill_flux_1_dev,95795877,1,0.09842541813850403
flux_fill_flux_1_dev,6381062375,0,0.04240383207798004
flux_fill_flux_1_dev,6381062375,1,0.34953272342681885
flux_fill_flux_1_dev,4712636240,0,0.024237636476755142
flux_fill_flux_1_dev,4712636240,1,0.15713685750961304
flux_fill_flux_1_dev,3194533056,0,0.04401865229010582
flux_fill_flux_1_dev,3194533056,1,0.4653874933719635
flux_fill_flux_1_dev,4668948309,0,0.02779562398791313
flux_fill_flux_1_dev,4668948309,1,0.1841798573732376
flux_fill_flux_1_dev,268365231,0,0.030908960849046707
flux_fill_flux_1_dev,268365231,1,0.7283620238304138
flux_fill_flux_1_dev,4631131293,0,0.025760561227798462
flux_fill_flux_1_dev,4631131293,1,0.4207483232021332
flux_fill_flux_1_dev,1387014885,0,0.025565212592482567
flux_fill_flux_1_dev,1387014885,1,0.2658804953098297
flux_fill_flux_1_dev,2952320230,0,0.06804042309522629
flux_fill_flux_1_dev,2952320230,1,0.31742629408836365
flux_fill_flux_1_dev,6841943688,0,0.05108273774385452
flux_fill_flux_1_dev,6841943688,1,0.12294380366802216
flux_fill_flux_1_dev,4333374998,0,0.04535257816314697
flux_fill_flux_1_dev,4333374998,1,0.17328819632530212
flux_fill_flux_1_dev,3468635980,0,0.01332514826208353
flux_fill_flux_1_dev,3468635980,1,0.24077460169792175
flux_fill_flux_1_dev,3125628091,0,0.10521053522825241
flux_fill_flux_1_dev,3125628091,1,0.6399610638618469
flux_fill_flux_1_dev,534570169,0,0.034618839621543884
flux_fill_flux_1_dev,534570169,1,0.18359363079071045
flux_fill_flux_1_dev,4447160600,0,0.04885777831077576
flux_fill_flux_1_dev,4447160600,1,0.1352320909500122
flux_fill_flux_1_dev,2209751,0,0.038178276270627975
flux_fill_flux_1_dev,2209751,1,0.5591697096824646
flux_fill_flux_1_dev,2723929323,0,0.0541987270116806
flux_fill_flux_1_dev,2723929323,1,0.3881540894508362
flux_fill_flux_1_dev,6589292543,0,0.05070536211133003
flux_fill_flux_1_dev,6589292543,1,0.8807970285415649
flux_fill_flux_1_dev,3351586010,0,0.0378924235701561
flux_fill_flux_1_dev,3351586010,1,0.4613504707813263
flux_fill_flux_1_dev,3241531692,0,0.05877656117081642
flux_fill_flux_1_dev,3241531692,1,0.7126322984695435
flux_fill_flux_1_dev,4879951396,0,0.08632348477840424
flux_fill_flux_1_dev,4879951396,1,0.8316905498504639
flux_fill_flux_1_dev,3560502528,0,0.048496004194021225
flux_fill_flux_1_dev,3560502528,1,0.5729019641876221
flux_fill_flux_1_dev,3655074079,0,0.043042849749326706
flux_fill_flux_1_dev,3655074079,1,0.2620856761932373
flux_fill_flux_1_dev,4491044489,0,0.20434190332889557
flux_fill_flux_1_dev,4491044489,1,0.929440438747406
flux_fill_flux_1_dev,3105623068,0,0.04742587357759476
flux_fill_flux_1_dev,3105623068,1,0.4102245569229126
flux_fill_flux_1_dev,3965771582,0,0.05108273774385452
flux_fill_flux_1_dev,3965771582,1,0.06954174488782883
flux_fill_flux_1_dev,6839984356,0,0.13568954169750214
flux_fill_flux_1_dev,6839984356,1,0.12043881416320801
flux_fill_flux_1_dev,2103080234,0,0.05033063143491745
flux_fill_flux_1_dev,2103080234,1,0.8449215292930603
flux_fill_flux_1_dev,33497646,0,0.6893056035041809
flux_fill_flux_1_dev,33497646,1,0.35667070746421814
flux_fill_flux_1_dev,3590753142,0,0.053009770810604095
flux_fill_flux_1_dev,3590753142,1,0.6710395812988281
flux_fill_flux_1_dev,3784574313,0,0.04115288704633713
flux_fill_flux_1_dev,3784574313,1,0.11008787900209427
flux_fill_flux_1_dev,2728607980,0,0.04742587357759476
flux_fill_flux_1_dev,2728607980,1,0.8984104990959167
flux_fill_flux_1_dev,575853856,0,0.07004895806312561
flux_fill_flux_1_dev,575853856,1,0.3127896785736084
flux_fill_flux_1_dev,6472693569,0,0.08509904146194458
flux_fill_flux_1_dev,6472693569,1,0.8643104434013367
flux_fill_flux_1_dev,7117115809,0,0.9161096215248108
flux_fill_flux_1_dev,7117115809,1,0.41418784856796265
flux_fill_flux_1_dev,7796487260,0,0.05749327689409256
flux_fill_flux_1_dev,7796487260,1,0.21535073220729828
flux_fill_flux_1_dev,3119887967,0,0.053799644112586975
flux_fill_flux_1_dev,3119887967,1,0.46623799204826355
flux_fill_flux_1_dev,6925158300,0,0.05223085358738899
flux_fill_flux_1_dev,6925158300,1,0.30404165387153625
flux_fill_flux_1_dev,242558556,0,0.802555501461029
flux_fill_flux_1_dev,242558556,1,0.1859472095966339
flux_fill_flux_1_dev,3176499620,0,0.04177388176321983
flux_fill_flux_1_dev,3176499620,1,0.3652302920818329
flux_fill_flux_1_dev,4851268802,0,0.07211220264434814
flux_fill_flux_1_dev,4851268802,1,0.1766716092824936
flux_fill_flux_1_dev,3209564153,0,0.04778006672859192
flux_fill_flux_1_dev,3209564153,1,0.5976078510284424
flux_fill_flux_1_dev,3525978606,0,0.04535257816314697
flux_fill_flux_1_dev,3525978606,1,0.7229183912277222
flux_fill_flux_1_dev,3274495419,0,0.028870906680822372
flux_fill_flux_1_dev,3274495419,1,0.12463856488466263
flux_fill_flux_1_dev,3855173636,0,0.06052938848733902
flux_fill_flux_1_dev,3855173636,1,0.6570984721183777
flux_fill_flux_1_dev,2557922709,0,0.053799644112586975
flux_fill_flux_1_dev,2557922709,1,0.9362850189208984
flux_fill_flux_1_dev,2991994607,0,0.03258974477648735
flux_fill_flux_1_dev,2991994607,1,0.9591543078422546
flux_fill_flux_1_dev,4799951910,0,0.011508150026202202
flux_fill_flux_1_dev,4799951910,1,0.04885777831077576
flux_fill_flux_1_dev,4750766294,0,0.04084571823477745
flux_fill_flux_1_dev,4750766294,1,0.9059898257255554
flux_fill_flux_1_dev,3418462699,0,0.05070536211133003
flux_fill_flux_1_dev,3418462699,1,0.32466351985931396
flux_fill_flux_1_dev,3273892996,0,0.03934250399470329
flux_fill_flux_1_dev,3273892996,1,0.1901218295097351
flux_fill_flux_1_dev,54242432,0,0.030675798654556274
flux_fill_flux_1_dev,54242432,1,0.498779296875
flux_fill_flux_1_dev,3189464563,0,0.03875619173049927
flux_fill_flux_1_dev,3189464563,1,0.6486889719963074
flux_fill_flux_1_dev,4950889937,0,0.01578456163406372
flux_fill_flux_1_dev,4950889937,1,0.3609394133090973
flux_fill_flux_1_dev,2580707208,0,0.04240383207798004
flux_fill_flux_1_dev,2580707208,1,0.10230470448732376
flux_fill_flux_1_dev,6053720349,0,0.03488088771700859
flux_fill_flux_1_dev,6053720349,1,0.854884684085846
flux_fill_flux_1_dev,7353914844,0,0.06052938848733902
flux_fill_flux_1_dev,7353914844,1,0.22507576644420624
flux_fill_flux_1_dev,4768270751,0,0.04672496020793915
flux_fill_flux_1_dev,4768270751,1,0.20561504364013672
flux_fill_flux_1_dev,492587970,0,0.04240383207798004
flux_fill_flux_1_dev,492587970,1,0.43818408250808716
flux_fill_flux_1_dev,125635185,0,0.03993731737136841
flux_fill_flux_1_dev,125635185,1,0.5487037301063538
flux_fill_flux_1_dev,4876504906,0,0.05749327689409256
flux_fill_flux_1_dev,4876504906,1,0.285770446062088
flux_fill_flux_1_dev,2875823162,0,0.034100428223609924
flux_fill_flux_1_dev,2875823162,1,0.16451644897460938
flux_fill_flux_1_dev,4781019036,0,0.029986508190631866
flux_fill_flux_1_dev,4781019036,1,0.09501304477453232
flux_fill_flux_1_dev,4749166996,0,0.0541987270116806
flux_fill_flux_1_dev,4749166996,1,0.2881683111190796
flux_fill_flux_1_dev,6188266707,0,0.053009770810604095
flux_fill_flux_1_dev,6188266707,1,0.42497870326042175
flux_fill_flux_1_dev,314800643,0,0.024237636476755142
flux_fill_flux_1_dev,314800643,1,0.4250979721546173
flux_fill_flux_1_dev,8143343377,0,0.05921025201678276
flux_fill_flux_1_dev,8143343377,1,0.04672496020793915
flux_fill_flux_1_dev,123997871,0,0.03993731737136841
flux_fill_flux_1_dev,123997871,1,0.10230470448732376
flux_fill_flux_1_dev,3676460610,0,0.08035746961832047
flux_fill_flux_1_dev,3676460610,1,0.3873426616191864
flux_fill_flux_1_dev,201314419,0,0.04707418009638786
flux_fill_flux_1_dev,201314419,1,0.17441026866436005
flux_fill_flux_1_dev,252846811,0,0.026556573808193207
flux_fill_flux_1_dev,252846811,1,0.5972555875778198
flux_fill_flux_1_dev,4980795412,0,0.048136770725250244
flux_fill_flux_1_dev,4980795412,1,0.11357959359884262
flux_fill_flux_1_dev,4410033566,0,0.053009770810604095
flux_fill_flux_1_dev,4410033566,1,0.5855752229690552
flux_fill_flux_1_dev,2607097757,0,0.038178276270627975
flux_fill_flux_1_dev,2607097757,1,0.7138307690620422
flux_fill_flux_1_dev,2414397449,0,0.08882028609514236
flux_fill_flux_1_dev,2414397449,1,0.36161547899246216
flux_fill_flux_1_dev,3399284917,0,0.09877259284257889
flux_fill_flux_1_dev,3399284917,1,0.9257686138153076
flux_fill_flux_1_dev,4623000836,0,0.026759283617138863
flux_fill_flux_1_dev,4623000836,1,0.08093671500682831
flux_fill_flux_1_dev,154653766,0,0.04778006672859192
flux_fill_flux_1_dev,154653766,1,0.8643104434013367
flux_fill_flux_1_dev,3403263046,0,0.04240383207798004
flux_fill_flux_1_dev,3403263046,1,0.17781086266040802
flux_fill_flux_1_dev,4586247564,0,0.04401865229010582
flux_fill_flux_1_dev,4586247564,1,0.873214840888977
flux_fill_flux_1_dev,2125626631,0,0.04742587357759476
flux_fill_flux_1_dev,2125626631,1,0.07211220264434814
flux_fill_flux_1_dev,1872000955,0,0.034358687698841095
flux_fill_flux_1_dev,1872000955,1,0.570331335067749
flux_fill_flux_1_dev,4801849846,0,0.01065251138061285
flux_fill_flux_1_dev,4801849846,1,0.29787829518318176
flux_fill_flux_1_dev,5389294129,0,0.05582313984632492
flux_fill_flux_1_dev,5389294129,1,0.8499711751937866
flux_fill_flux_1_dev,3607969989,0,0.04885777831077576
flux_fill_flux_1_dev,3607969989,1,0.23757591843605042
flux_fill_flux_1_dev,3540241710,0,0.06705628335475922
flux_fill_flux_1_dev,3540241710,1,0.8056321740150452
flux_fill_flux_1_dev,3773298212,0,0.04742587357759476
flux_fill_flux_1_dev,3773298212,1,0.6980207562446594
flux_fill_flux_1_dev,5489602545,0,0.05184547230601311
flux_fill_flux_1_dev,5489602545,1,0.5803520083427429
flux_fill_flux_1_dev,558338473,0,0.04240383207798004
flux_fill_flux_1_dev,558338473,1,0.3768523931503296
flux_fill_flux_1_dev,3619322150,0,0.04054073989391327
flux_fill_flux_1_dev,3619322150,1,0.7627776861190796
flux_fill_flux_1_dev,3856155585,0,0.03993731737136841
flux_fill_flux_1_dev,3856155585,1,0.22270014882087708
flux_fill_flux_1_dev,101669240,0,0.048496004194021225
flux_fill_flux_1_dev,101669240,1,0.6023831963539124
flux_fill_flux_1_dev,3427233064,0,0.04922211915254593
flux_fill_flux_1_dev,3427233064,1,0.1755380630493164
flux_fill_flux_1_dev,19469520,0,0.0443485826253891
flux_fill_flux_1_dev,19469520,1,0.33328619599342346
flux_fill_flux_1_dev,83001714,0,0.038178276270627975
flux_fill_flux_1_dev,83001714,1,0.3508661091327667
flux_fill_flux_1_dev,177591612,0,0.02931223064661026
flux_fill_flux_1_dev,177591612,1,0.2590751051902771
flux_fill_flux_1_dev,427736337,0,0.01243165135383606
flux_fill_flux_1_dev,427736337,1,0.77390056848526
flux_fill_flux_1_dev,1546632452,0,0.05184547230601311
flux_fill_flux_1_dev,1546632452,1,0.20946969091892242
flux_fill_flux_1_dev,4631840705,0,0.03993731737136841
flux_fill_flux_1_dev,4631840705,1,0.3102762699127197
flux_fill_flux_1_dev,2757803246,0,0.4929509162902832
flux_fill_flux_1_dev,2757803246,1,0.7918210625648499
flux_fill_flux_1_dev,6927848734,0,0.03541072458028793
flux_fill_flux_1_dev,6927848734,1,0.8187368512153625
flux_fill_flux_1_dev,3362080042,0,0.04672496020793915
flux_fill_flux_1_dev,3362080042,1,0.05707140266895294
flux_fill_flux_1_dev,4940658755,0,0.04885777831077576
flux_fill_flux_1_dev,4940658755,1,0.18713268637657166
flux_fill_flux_1_dev,4903293024,0,0.04569203406572342
flux_fill_flux_1_dev,4903293024,1,0.1710611879825592
flux_fill_flux_1_dev,4016499639,0,0.03963884338736534
flux_fill_flux_1_dev,4016499639,1,0.07807815819978714
flux_fill_flux_1_dev,3809758561,0,0.04672496020793915
flux_fill_flux_1_dev,3809758561,1,0.20434190332889557
flux_fill_flux_1_dev,4736841029,0,0.048136770725250244
flux_fill_flux_1_dev,4736841029,1,0.8661325573921204
flux_fill_flux_1_dev,2284894733,0,0.03704717382788658
flux_fill_flux_1_dev,2284894733,1,0.5632278323173523
flux_fill_flux_1_dev,2378356400,0,0.06560482829809189
flux_fill_flux_1_dev,2378356400,1,0.11920291930437088
flux_fill_flux_1_dev,541063419,0,0.0427221953868866
flux_fill_flux_1_dev,541063419,1,0.9167081117630005
flux_fill_flux_1_dev,4948865477,0,0.03760863468050957
flux_fill_flux_1_dev,4948865477,1,0.3153141438961029
flux_fill_flux_1_dev,3327761688,0,0.023870835080742836
flux_fill_flux_1_dev,3327761688,1,0.2716379463672638
flux_fill_flux_1_dev,637245791,0,0.03934250399470329
flux_fill_flux_1_dev,637245791,1,0.13161905109882355
flux_fill_flux_1_dev,2230363312,0,0.02909075655043125
flux_fill_flux_1_dev,2230363312,1,0.858244001865387
flux_fill_flux_1_dev,2973269132,0,0.05223085358738899
flux_fill_flux_1_dev,2973269132,1,0.2512800693511963
flux_fill_flux_1_dev,2551602773,0,0.043042849749326706
flux_fill_flux_1_dev,2551602773,1,0.42929479479789734
flux_fill_flux_1_dev,732671252,0,0.05921025201678276
flux_fill_flux_1_dev,732671252,1,0.4396270215511322
flux_fill_flux_1_dev,3219606,0,0.015072628855705261
flux_fill_flux_1_dev,3219606,1,0.2120688110589981
flux_fill_flux_1_dev,905355838,0,0.027169233188033104
flux_fill_flux_1_dev,905355838,1,0.6888871788978577
flux_fill_flux_1_dev,4632869465,0,0.04778006672859192
flux_fill_flux_1_dev,4632869465,1,0.42042112350463867
flux_fill_flux_1_dev,281658181,0,0.05921025201678276
flux_fill_flux_1_dev,281658181,1,0.2393493503332138
flux_fill_flux_1_dev,3124455694,0,0.04535257816314697
flux_fill_flux_1_dev,3124455694,1,0.0838903859257698
flux_fill_flux_1_dev,3416339125,0,0.052618954330682755
flux_fill_flux_1_dev,3416339125,1,0.7360212802886963
flux_fill_flux_1_dev,2518853257,0,0.03676946461200714
flux_fill_flux_1_dev,2518853257,1,0.1200256273150444
flux_fill_flux_1_dev,5732777684,0,0.03594832494854927
flux_fill_flux_1_dev,5732777684,1,0.26057755947113037
flux_fill_flux_1_dev,1777816180,0,0.04922211915254593
flux_fill_flux_1_dev,1777816180,1,0.8050197958946228
flux_fill_flux_1_dev,5384132543,0,0.13072869181632996
flux_fill_flux_1_dev,5384132543,1,0.3557748794555664
flux_fill_flux_1_dev,2446830166,0,0.03934250399470329
flux_fill_flux_1_dev,2446830166,1,0.7846492528915405
flux_fill_flux_1_dev,288038357,0,0.024798160418868065
flux_fill_flux_1_dev,288038357,1,0.9348725080490112
flux_fill_flux_1_dev,6647904677,0,0.05108273774385452
flux_fill_flux_1_dev,6647904677,1,0.15456733107566833
flux_fill_flux_1_dev,620595746,0,0.05033063143491745
flux_fill_flux_1_dev,620595746,1,0.8433797955513
flux_fill_flux_1_dev,1423997242,0,0.034358687698841095
flux_fill_flux_1_dev,1423997242,1,0.6783269047737122
flux_fill_flux_1_dev,4941418090,0,0.053009770810604095
flux_fill_flux_1_dev,4941418090,1,0.07159119844436646
flux_fill_flux_1_dev,3909552008,0,0.04084571823477745
flux_fill_flux_1_dev,3909552008,1,0.7352616190910339
flux_fill_flux_1_dev,1505686764,0,0.03649376705288887
flux_fill_flux_1_dev,1505686764,1,0.3878062665462494
flux_fill_flux_1_dev,4770745669,0,0.0541987270116806
flux_fill_flux_1_dev,4770745669,1,0.13753247261047363
flux_fill_flux_1_dev,2752084369,0,0.037326883524656296
flux_fill_flux_1_dev,2752084369,1,0.9358173608779907
flux_fill_flux_1_dev,3466635681,0,0.15765489637851715
flux_fill_flux_1_dev,3466635681,1,0.572125256061554
flux_fill_flux_1_dev,4152957260,0,0.18952108919620514
flux_fill_flux_1_dev,4152957260,1,0.8504685759544373
flux_fill_flux_1_dev,4977528001,0,0.04778006672859192
flux_fill_flux_1_dev,4977528001,1,0.6245225667953491
flux_fill_flux_1_dev,2167644298,0,0.04672496020793915
flux_fill_flux_1_dev,2167644298,1,0.7086160182952881
flux_fill_flux_1_dev,6191516871,0,0.0443485826253891
flux_fill_flux_1_dev,6191516871,1,0.5519359707832336
flux_fill_flux_1_dev,4569102627,0,0.0384661927819252
flux_fill_flux_1_dev,4569102627,1,0.8836382031440735
flux_fill_flux_1_dev,72010346,0,0.0120537793263793
flux_fill_flux_1_dev,72010346,1,0.6258955001831055
flux_fill_flux_1_dev,4444686770,0,0.07107366621494293
flux_fill_flux_1_dev,4444686770,1,0.5841525197029114
flux_fill_flux_1_dev,3302986588,0,0.05223085358738899
flux_fill_flux_1_dev,3302986588,1,0.8116759657859802
flux_fill_flux_1_dev,4915658588,0,0.04535257816314697
flux_fill_flux_1_dev,4915658588,1,0.1716158092021942
flux_fill_flux_1_dev,5988551357,0,0.02843603491783142
flux_fill_flux_1_dev,5988551357,1,0.4732920825481415
flux_fill_flux_1_dev,230486268,0,0.04885777831077576
flux_fill_flux_1_dev,230486268,1,0.8489722013473511
flux_fill_flux_1_dev,3050606344,0,0.04742587357759476
flux_fill_flux_1_dev,3050606344,1,0.1710611879825592
flux_fill_flux_1_dev,3449846784,0,0.2075357437133789
flux_fill_flux_1_dev,3449846784,1,0.1830088496208191
flux_fill_flux_1_dev,4570151256,0,0.0753123089671135
flux_fill_flux_1_dev,4570151256,1,0.13892842829227448
flux_fill_flux_1_dev,3043510721,0,0.02615562081336975
flux_fill_flux_1_dev,3043510721,1,0.08945459872484207
flux_fill_flux_1_dev,4895355979,0,0.08570927381515503
flux_fill_flux_1_dev,4895355979,1,0.894789457321167
flux_fill_flux_1_dev,390369,0,0.05033063143491745
flux_fill_flux_1_dev,390369,1,0.18010665476322174
flux_fill_flux_1_dev,3390808408,0,0.05146276578307152
flux_fill_flux_1_dev,3390808408,1,0.22644132375717163
flux_fill_flux_1_dev,3523559027,0,0.06371499598026276
flux_fill_flux_1_dev,3523559027,1,0.28937169909477234
flux_fill_flux_1_dev,2980901328,0,0.048496004194021225
flux_fill_flux_1_dev,2980901328,1,0.8464508652687073
flux_fill_flux_1_dev,582788646,0,0.05184547230601311
flux_fill_flux_1_dev,582788646,1,0.5971381068229675
flux_fill_flux_1_dev,4490635744,0,0.027169233188033104
flux_fill_flux_1_dev,4490635744,1,0.09773432463407516
flux_fill_flux_1_dev,3636936656,0,0.12984342873096466
flux_fill_flux_1_dev,3636936656,1,0.104843370616436
flux_fill_flux_1_dev,6186146093,0,0.05184547230601311
flux_fill_flux_1_dev,6186146093,1,0.07978201657533646
flux_fill_flux_1_dev,345284642,0,0.04084571823477745
flux_fill_flux_1_dev,345284642,1,0.4809662103652954
flux_fill_flux_1_dev,3620764461,0,0.03875619173049927
flux_fill_flux_1_dev,3620764461,1,0.7229183912277222
flux_fill_flux_1_dev,141841337,0,0.014728613197803497
flux_fill_flux_1_dev,141841337,1,0.11436852067708969
flux_fill_flux_1_dev,4712411908,0,0.049958523362874985
flux_fill_flux_1_dev,4712411908,1,0.5508489608764648
flux_fill_flux_1_dev,4803926618,0,0.04603390023112297
flux_fill_flux_1_dev,4803926618,1,0.9429286122322083
flux_fill_flux_1_dev,1625306051,0,0.0443485826253891
flux_fill_flux_1_dev,1625306051,1,0.8433797955513
flux_fill_flux_1_dev,2515822745,0,0.04054073989391327
flux_fill_flux_1_dev,2515822745,1,0.8169911503791809
flux_fill_flux_1_dev,4328538175,0,0.029535336419939995
flux_fill_flux_1_dev,4328538175,1,0.7106282711029053
flux_fill_flux_1_dev,2202059975,0,0.04023794084787369
flux_fill_flux_1_dev,2202059975,1,0.45374593138694763
flux_fill_flux_1_dev,4316585644,0,0.048496004194021225
flux_fill_flux_1_dev,4316585644,1,0.7924642562866211
flux_fill_flux_1_dev,499165634,0,0.05541279539465904
flux_fill_flux_1_dev,499165634,1,0.801314651966095
flux_fill_flux_1_dev,4734146340,0,0.024053553119301796
flux_fill_flux_1_dev,4734146340,1,0.13660839200019836
flux_fill_flux_1_dev,1160441615,0,0.05223085358738899
flux_fill_flux_1_dev,1160441615,1,0.3718206584453583
flux_fill_flux_1_dev,6958079140,0,0.04054073989391327
flux_fill_flux_1_dev,6958079140,1,0.26020142436027527
flux_fill_flux_1_dev,3562606482,0,0.02280263602733612
flux_fill_flux_1_dev,3562606482,1,0.7450275421142578
flux_fill_flux_1_dev,23016347,0,0.027585284784436226
flux_fill_flux_1_dev,23016347,1,0.8438951373100281
flux_fill_flux_1_dev,6194677011,0,0.05033063143491745
flux_fill_flux_1_dev,6194677011,1,0.957277774810791
flux_fill_flux_1_dev,6774537791,0,0.02843603491783142
flux_fill_flux_1_dev,6774537791,1,0.5090322494506836
flux_fill_flux_1_dev,2577972703,0,0.04146227240562439
flux_fill_flux_1_dev,2577972703,1,0.9118099808692932
flux_fill_flux_1_dev,3221036999,0,0.05623634159564972
flux_fill_flux_1_dev,3221036999,1,0.46239718794822693
flux_fill_flux_1_dev,2797188545,0,0.04535257816314697
flux_fill_flux_1_dev,2797188545,1,0.2869678735733032
flux_fill_flux_1_dev,1181708011,0,0.03934250399470329
flux_fill_flux_1_dev,1181708011,1,0.83601975440979
flux_fill_flux_1_dev,2978040423,0,0.06754669547080994
flux_fill_flux_1_dev,2978040423,1,0.3991088569164276
flux_fill_flux_1_dev,3249597269,0,0.04742587357759476
flux_fill_flux_1_dev,3249597269,1,0.7725306749343872
flux_fill_flux_1_dev,1066831905,0,0.02178117260336876
flux_fill_flux_1_dev,1066831905,1,0.8991213440895081
flux_fill_flux_1_dev,2844202978,0,0.0378924235701561
flux_fill_flux_1_dev,2844202978,1,0.18068422377109528
flux_fill_flux_1_dev,2363540508,0,0.0384661927819252
flux_fill_flux_1_dev,2363540508,1,0.2632204592227936
flux_fill_flux_1_dev,3353400143,0,0.05749327689409256
flux_fill_flux_1_dev,3353400143,1,0.17328819632530212
flux_fill_flux_1_dev,3362592729,0,0.04177388176321983
flux_fill_flux_1_dev,3362592729,1,0.363646924495697
flux_fill_flux_1_dev,91875542,0,0.03875619173049927
flux_fill_flux_1_dev,91875542,1,0.11240507662296295
flux_fill_flux_1_dev,2507831979,0,0.018264278769493103
flux_fill_flux_1_dev,2507831979,1,0.6551154255867004
flux_fill_flux_1_dev,2841909138,0,0.04177388176321983
flux_fill_flux_1_dev,2841909138,1,0.4522939622402191
flux_fill_flux_1_dev,462383841,0,0.05582313984632492
flux_fill_flux_1_dev,462383841,1,0.04922211915254593
flux_fill_flux_1_dev,4448279884,0,0.05108273774385452
flux_fill_flux_1_dev,4448279884,1,0.6671476364135742
flux_fill_flux_1_dev,3081330705,0,0.0443485826253891
flux_fill_flux_1_dev,3081330705,1,0.9039745330810547
flux_fill_flux_1_dev,4900761380,0,0.05184547230601311
flux_fill_flux_1_dev,4900761380,1,0.2254166156053543
flux_fill_flux_1_dev,5925539370,0,0.04603390023112297
flux_fill_flux_1_dev,5925539370,1,0.3697701096534729
flux_fill_flux_1_dev,1288909046,0,0.03760863468050957
flux_fill_flux_1_dev,1288909046,1,0.671470582485199
flux_fill_flux_1_dev,437549483,0,0.1650540828704834
flux_fill_flux_1_dev,437549483,1,0.13341520726680756
flux_fill_flux_1_dev,520913429,0,0.04603390023112297
flux_fill_flux_1_dev,520913429,1,0.09982065856456757
flux_fill_flux_1_dev,3732728142,0,0.07696083933115005
flux_fill_flux_1_dev,3732728142,1,0.4321832060813904
flux_fill_flux_1_dev,1235455146,0,0.0446808747947216
flux_fill_flux_1_dev,1235455146,1,0.896251380443573
flux_fill_flux_1_dev,3186527735,0,0.031143832951784134
flux_fill_flux_1_dev,3186527735,1,0.18952108919620514
flux_fill_flux_1_dev,3567604049,0,0.09670579433441162
flux_fill_flux_1_dev,3567604049,1,0.4391759932041168
flux_fill_flux_1_dev,78058719,0,0.01578456163406372
flux_fill_flux_1_dev,78058719,1,0.31090354919433594
flux_fill_flux_1_dev,1235099089,0,0.05223085358738899
flux_fill_flux_1_dev,1235099089,1,0.5820159912109375
flux_fill_flux_1_dev,4584266249,0,0.07159119844436646
flux_fill_flux_1_dev,4584266249,1,0.15974101424217224
flux_fill_flux_1_dev,4751932433,0,0.04401865229010582
flux_fill_flux_1_dev,4751932433,1,0.5710790157318115
flux_fill_flux_1_dev,3529333786,0,0.03963884338736534
flux_fill_flux_1_dev,3529333786,1,0.4039194881916046
flux_fill_flux_1_dev,3640329164,0,0.057918086647987366
flux_fill_flux_1_dev,3640329164,1,0.05108273774385452
flux_fill_flux_1_dev,2396746868,0,0.2465333491563797
flux_fill_flux_1_dev,2396746868,1,0.4720749855041504
flux_fill_flux_1_dev,411008311,0,0.04054073989391327
flux_fill_flux_1_dev,411008311,1,0.586759626865387
flux_fill_flux_1_dev,2800990525,0,0.04707418009638786
flux_fill_flux_1_dev,2800990525,1,0.30528295040130615
flux_fill_flux_1_dev,3522495606,0,0.03210070729255676
flux_fill_flux_1_dev,3522495606,1,0.4621392488479614
flux_fill_flux_1_dev,4803984649,0,0.0443485826253891
flux_fill_flux_1_dev,4803984649,1,0.23863890767097473
flux_fill_flux_1_dev,3376741717,0,0.03934250399470329
flux_fill_flux_1_dev,3376741717,1,0.0792103260755539
flux_fill_flux_1_dev,3246724744,0,0.06512755155563354
flux_fill_flux_1_dev,3246724744,1,0.8175744414329529
flux_fill_flux_1_dev,3243866702,0,0.05184547230601311
flux_fill_flux_1_dev,3243866702,1,0.9304582476615906
flux_fill_flux_1_dev,2903617548,0,0.03622005879878998
flux_fill_flux_1_dev,2903617548,1,0.2137051820755005
flux_fill_flux_1_dev,7711598144,0,0.048496004194021225
flux_fill_flux_1_dev,7711598144,1,0.6372565627098083
flux_fill_flux_1_dev,2305437797,0,0.04535257816314697
flux_fill_flux_1_dev,2305437797,1,0.896975576877594
flux_fill_flux_1_dev,91251257,0,0.026556573808193207
flux_fill_flux_1_dev,91251257,1,0.8459424376487732
flux_fill_flux_1_dev,514165525,0,0.04778006672859192
flux_fill_flux_1_dev,514165525,1,0.2802222669124603
flux_fill_flux_1_dev,3708748633,0,0.021125193685293198
flux_fill_flux_1_dev,3708748633,1,0.418221652507782
flux_fill_flux_1_dev,6315352509,0,0.05623634159564972
flux_fill_flux_1_dev,6315352509,1,0.8392075896263123
flux_fill_flux_1_dev,3728015645,0,0.859663724899292
flux_fill_flux_1_dev,3728015645,1,0.08694165199995041
flux_fill_flux_1_dev,1378557186,0,0.04146227240562439
flux_fill_flux_1_dev,1378557186,1,0.08570927381515503
flux_fill_flux_1_dev,4719086173,0,0.06052938848733902
flux_fill_flux_1_dev,4719086173,1,0.7924642562866211
flux_fill_flux_1_dev,4893369019,0,0.04501553252339363
flux_fill_flux_1_dev,4893369019,1,0.8418256044387817
flux_fill_flux_1_dev,65845718,0,0.11357959359884262
flux_fill_flux_1_dev,65845718,1,0.7420480251312256
flux_fill_flux_1_dev,2537819002,0,0.0427221953868866
flux_fill_flux_1_dev,2537819002,1,0.44924160838127136
flux_fill_flux_1_dev,1112334131,0,0.022457055747509003
flux_fill_flux_1_dev,1112334131,1,0.801314651966095
flux_fill_flux_1_dev,697582336,0,0.04177388176321983
flux_fill_flux_1_dev,697582336,1,0.40886667370796204
flux_fill_flux_1_dev,2602279427,0,0.03358950465917587
flux_fill_flux_1_dev,2602279427,1,0.8723474144935608
flux_fill_flux_1_dev,4365035558,0,0.2613309323787689
flux_fill_flux_1_dev,4365035558,1,0.8037906289100647
flux_fill_flux_1_dev,524360969,0,0.043042849749326706
flux_fill_flux_1_dev,524360969,1,0.4005148708820343
flux_fill_flux_1_dev,4944644486,0,0.14033624529838562
flux_fill_flux_1_dev,4944644486,1,0.7606506943702698
flux_fill_flux_1_dev,4320494335,0,0.02779562398791313
flux_fill_flux_1_dev,4320494335,1,0.7570766806602478
flux_fill_flux_1_dev,2596474836,0,0.04146227240562439
flux_fill_flux_1_dev,2596474836,1,0.2913839817047119
flux_fill_flux_1_dev,8173029395,0,0.048136770725250244
flux_fill_flux_1_dev,8173029395,1,0.3670433759689331
flux_fill_flux_1_dev,2691641332,0,0.043042849749326706
flux_fill_flux_1_dev,2691641332,1,0.1196136623620987
flux_fill_flux_1_dev,6987411804,0,0.034358687698841095
flux_fill_flux_1_dev,6987411804,1,0.05964694544672966
flux_fill_flux_1_dev,2637510448,0,0.043691057711839676
flux_fill_flux_1_dev,2637510448,1,0.68804931640625
flux_fill_flux_1_dev,2871691966,0,0.04922211915254593
flux_fill_flux_1_dev,2871691966,1,0.7174080014228821
flux_fill_flux_1_dev,3194034449,0,0.04885777831077576
flux_fill_flux_1_dev,3194034449,1,0.15713685750961304
flux_fill_flux_1_dev,512309690,0,0.021287351846694946
flux_fill_flux_1_dev,512309690,1,0.2778647243976593
flux_fill_flux_1_dev,1606988704,0,0.09009299427270889
flux_fill_flux_1_dev,1606988704,1,0.07696083933115005
flux_fill_flux_1_dev,2278490028,0,0.03934250399470329
flux_fill_flux_1_dev,2278490028,1,0.4489094018936157
flux_fill_flux_1_dev,84509831,0,0.03258974477648735
flux_fill_flux_1_dev,84509831,1,0.9046505093574524
flux_fill_flux_1_dev,3562816250,0,0.06608537584543228
flux_fill_flux_1_dev,3562816250,1,0.8665847778320312
flux_fill_flux_1_dev,2834752476,0,0.13072869181632996
flux_fill_flux_1_dev,2834752476,1,0.894789457321167
flux_fill_flux_1_dev,687513087,0,0.07585817575454712
flux_fill_flux_1_dev,687513087,1,0.21933749318122864
flux_fill_flux_1_dev,3724946689,0,0.11357959359884262
flux_fill_flux_1_dev,3724946689,1,0.09170696884393692
flux_fill_flux_1_dev,5009687058,0,0.03875619173049927
flux_fill_flux_1_dev,5009687058,1,0.08694165199995041
flux_fill_flux_1_dev,7173939318,0,0.028007520362734795
flux_fill_flux_1_dev,7173939318,1,0.8856314420700073
flux_fill_flux_1_dev,3307563498,0,0.04707418009638786
flux_fill_flux_1_dev,3307563498,1,0.8563323616981506
flux_fill_flux_1_dev,3316725440,0,0.052618954330682755
flux_fill_flux_1_dev,3316725440,1,0.6783269047737122
flux_fill_flux_1_dev,2671602981,0,0.06903792917728424
flux_fill_flux_1_dev,2671602981,1,0.2440025508403778
flux_fill_flux_1_dev,6728801573,0,0.05223085358738899
flux_fill_flux_1_dev,6728801573,1,0.3858374059200287
flux_fill_flux_1_dev,378336163,0,0.3727335035800934
flux_fill_flux_1_dev,378336163,1,0.8638516664505005
flux_fill_flux_1_dev,319870744,0,0.04501553252339363
flux_fill_flux_1_dev,319870744,1,0.3553273677825928
flux_fill_flux_1_dev,299303069,0,0.042087726294994354
flux_fill_flux_1_dev,299303069,1,0.8558511734008789
flux_fill_flux_1_dev,479545053,0,0.04177388176321983
flux_fill_flux_1_dev,479545053,1,0.4698851406574249
flux_fill_flux_1_dev,2504056718,0,0.03622005879878998
flux_fill_flux_1_dev,2504056718,1,0.5957277417182922
flux_fill_flux_1_dev,141203926,0,0.05184547230601311
flux_fill_flux_1_dev,141203926,1,0.16238002479076385
flux_fill_flux_1_dev,415604639,0,0.0378924235701561
flux_fill_flux_1_dev,415604639,1,0.41519519686698914
flux_fill_flux_1_dev,421153376,0,0.04958902671933174
flux_fill_flux_1_dev,421153376,1,0.28656840324401855
flux_fill_flux_1_dev,745880539,0,0.07107366621494293
flux_fill_flux_1_dev,745880539,1,0.5496405959129333
flux_fill_flux_1_dev,3231749680,0,0.02822098508477211
flux_fill_flux_1_dev,3231749680,1,0.3300391733646393
flux_fill_flux_1_dev,2666234771,0,0.05623634159564972
flux_fill_flux_1_dev,2666234771,1,0.29665428400039673
flux_fill_flux_1_dev,3079917032,0,0.03676946461200714
flux_fill_flux_1_dev,3079917032,1,0.13117322325706482
flux_fill_flux_1_dev,3773323977,0,0.034618839621543884
flux_fill_flux_1_dev,3773323977,1,0.13799647986888885
flux_fill_flux_1_dev,4971580248,0,0.03963884338736534
flux_fill_flux_1_dev,4971580248,1,0.4386349320411682
flux_fill_flux_1_dev,6680789117,0,0.0541987270116806
flux_fill_flux_1_dev,6680789117,1,0.9046505093574524
flux_fill_flux_1_dev,208025491,0,0.0446808747947216
flux_fill_flux_1_dev,208025491,1,0.1830088496208191
flux_fill_flux_1_dev,4912808658,0,0.03649376705288887
flux_fill_flux_1_dev,4912808658,1,0.06656918674707413
flux_fill_flux_1_dev,3504379205,0,0.043365802615880966
flux_fill_flux_1_dev,3504379205,1,0.8459424376487732
flux_fill_flux_1_dev,172097783,0,0.04707418009638786
flux_fill_flux_1_dev,172097783,1,0.930962085723877
flux_fill_flux_1_dev,3355683198,0,0.39140594005584717
flux_fill_flux_1_dev,3355683198,1,0.10087861120700836
flux_fill_flux_1_dev,2909982588,0,0.04535257816314697
flux_fill_flux_1_dev,2909982588,1,0.6042822003364563
flux_fill_flux_1_dev,1406296515,0,0.9339146018028259
flux_fill_flux_1_dev,1406296515,1,0.8629302382469177
flux_fill_flux_1_dev,3163281186,0,0.4367421269416809
flux_fill_flux_1_dev,3163281186,1,0.851952850818634
flux_fill_flux_1_dev,444051472,0,0.05749327689409256
flux_fill_flux_1_dev,444051472,1,0.15456733107566833
flux_fill_flux_1_dev,4523218758,0,0.026556573808193207
flux_fill_flux_1_dev,4523218758,1,0.06371499598026276
flux_fill_flux_1_dev,3368569524,0,0.032344330102205276
flux_fill_flux_1_dev,3368569524,1,0.3734187185764313
flux_fill_flux_1_dev,2391509645,0,0.06954174488782883
flux_fill_flux_1_dev,2391509645,1,0.45534998178482056
flux_fill_flux_1_dev,3041642723,0,0.03308597952127457
flux_fill_flux_1_dev,3041642723,1,0.06754669547080994
flux_fill_flux_1_dev,3469609037,0,0.05070536211133003
flux_fill_flux_1_dev,3469609037,1,0.06097518280148506
flux_fill_flux_1_dev,1157215900,0,0.030444350093603134
flux_fill_flux_1_dev,1157215900,1,0.2140335589647293
flux_fill_flux_1_dev,536537638,0,0.024798160418868065
flux_fill_flux_1_dev,536537638,1,0.6744794249534607
flux_fill_flux_1_dev,69830857,0,0.023330768570303917
flux_fill_flux_1_dev,69830857,1,0.0541987270116806
flux_fill_flux_1_dev,4594224630,0,0.04177388176321983
flux_fill_flux_1_dev,4594224630,1,0.5946689248085022
flux_fill_flux_1_dev,4560100704,0,0.0443485826253891
flux_fill_flux_1_dev,4560100704,1,0.8692712783813477
flux_fill_flux_1_dev,4948403203,0,0.14511536061763763
flux_fill_flux_1_dev,4948403203,1,0.8514594435691833
flux_fill_flux_1_dev,2441313372,0,0.03875619173049927
flux_fill_flux_1_dev,2441313372,1,0.4948732256889343
flux_fill_flux_1_dev,3325960085,0,0.03875619173049927
flux_fill_flux_1_dev,3325960085,1,0.87103670835495
flux_fill_flux_1_dev,2317271,0,0.048496004194021225
flux_fill_flux_1_dev,2317271,1,0.28140559792518616
flux_fill_flux_1_dev,3640348910,0,0.05460060387849808
flux_fill_flux_1_dev,3640348910,1,0.11240507662296295
flux_fill_flux_1_dev,536495604,0,0.03993731737136841
flux_fill_flux_1_dev,536495604,1,0.4851118326187134
flux_fill_flux_1_dev,122301379,0,0.03567855432629585
flux_fill_flux_1_dev,122301379,1,0.6404110193252563
flux_fill_flux_1_dev,1011572216,0,0.04401865229010582
flux_fill_flux_1_dev,1011572216,1,0.28537195920944214
flux_fill_flux_1_dev,1580159719,0,0.017309095710515976
flux_fill_flux_1_dev,1580159719,1,0.05707140266895294
flux_fill_flux_1_dev,4451504790,0,0.029760094359517097
flux_fill_flux_1_dev,4451504790,1,0.7859664559364319
flux_fill_flux_1_dev,3809063851,0,0.022457055747509003
flux_fill_flux_1_dev,3809063851,1,0.7950222492218018
flux_fill_flux_1_dev,3667781063,0,0.017442483454942703
flux_fill_flux_1_dev,3667781063,1,0.9213575720787048
flux_fill_flux_1_dev,4751250311,0,0.05070536211133003
flux_fill_flux_1_dev,4751250311,1,0.1859472095966339
flux_fill_flux_1_dev,3311724634,0,0.04603390023112297
flux_fill_flux_1_dev,3311724634,1,0.09670579433441162
flux_fill_flux_1_dev,4494075018,0,0.05070536211133003
flux_fill_flux_1_dev,4494075018,1,0.9161096215248108
flux_fill_flux_1_dev,3259229498,0,0.053799644112586975
flux_fill_flux_1_dev,3259229498,1,0.10052487254142761
flux_fill_flux_1_dev,2993049054,0,0.030908960849046707
flux_fill_flux_1_dev,2993049054,1,0.19072401523590088
flux_fill_flux_1_dev,2629784415,0,0.48249006271362305
flux_fill_flux_1_dev,2629784415,1,0.44718870520591736
flux_fill_flux_1_dev,2731298834,0,0.049958523362874985
flux_fill_flux_1_dev,2731298834,1,0.8910549879074097
flux_fill_flux_1_dev,4118638516,0,0.0443485826253891
flux_fill_flux_1_dev,4118638516,1,0.07807815819978714
flux_fill_flux_1_dev,3827176890,0,0.06705628335475922
flux_fill_flux_1_dev,3827176890,1,0.14223188161849976
flux_fill_flux_1_dev,4180952377,0,0.032344330102205276
flux_fill_flux_1_dev,4180952377,1,0.42316004633903503
flux_fill_flux_1_dev,5614715384,0,0.053009770810604095
flux_fill_flux_1_dev,5614715384,1,0.25720494985580444
flux_fill_flux_1_dev,2147866213,0,0.05070536211133003
flux_fill_flux_1_dev,2147866213,1,0.601944625377655
flux_fill_flux_1_dev,4825488431,0,0.05582313984632492
flux_fill_flux_1_dev,4825488431,1,0.929440438747406
flux_fill_flux_1_dev,4857776520,0,0.029535336419939995
flux_fill_flux_1_dev,4857776520,1,0.9059898257255554
flux_fill_flux_1_dev,4920617810,0,0.0427221953868866
flux_fill_flux_1_dev,4920617810,1,0.24908174574375153
flux_fill_flux_1_dev,7129695767,0,0.06418264657258987
flux_fill_flux_1_dev,7129695767,1,0.08694165199995041
flux_fill_flux_1_dev,3399944164,0,0.3199707269668579
flux_fill_flux_1_dev,3399944164,1,0.11636176705360413
flux_fill_flux_1_dev,3726551176,0,0.04603390023112297
flux_fill_flux_1_dev,3726551176,1,0.29665428400039673
flux_fill_flux_1_dev,1196886054,0,0.04177388176321983
flux_fill_flux_1_dev,1196886054,1,0.8056321740150452
flux_fill_flux_1_dev,2579460386,0,0.042087726294994354
flux_fill_flux_1_dev,2579460386,1,0.3697701096534729
flux_fill_flux_1_dev,4899635195,0,0.048136770725250244
flux_fill_flux_1_dev,4899635195,1,0.7457688450813293
flux_fill_flux_1_dev,7430272380,0,0.0960254967212677
flux_fill_flux_1_dev,7430272380,1,0.19132769107818604
flux_fill_flux_1_dev,2265106886,0,0.04922211915254593
flux_fill_flux_1_dev,2265106886,1,0.10158944129943848
flux_fill_flux_1_dev,5513727638,0,0.0541987270116806
flux_fill_flux_1_dev,5513727638,1,0.3637598752975464
flux_fill_flux_1_dev,2682194299,0,0.04084571823477745
flux_fill_flux_1_dev,2682194299,1,0.6083614230155945
flux_fill_flux_1_dev,2837804631,0,0.03649376705288887
flux_fill_flux_1_dev,2837804631,1,0.8714748620986938
flux_fill_flux_1_dev,4480270643,0,0.043691057711839676
flux_fill_flux_1_dev,4480270643,1,0.4058607816696167
flux_fill_flux_1_dev,6156276992,0,0.04501553252339363
flux_fill_flux_1_dev,6156276992,1,0.4397774338722229
flux_fill_flux_1_dev,4555935886,0,0.05223085358738899
flux_fill_flux_1_dev,4555935886,1,0.09534946084022522
flux_fill_flux_1_dev,3609952704,0,0.02822098508477211
flux_fill_flux_1_dev,3609952704,1,0.7606506943702698
flux_fill_flux_1_dev,263494261,0,0.037326883524656296
flux_fill_flux_1_dev,263494261,1,0.9161096215248108
flux_fill_flux_1_dev,3451290730,0,0.03934250399470329
flux_fill_flux_1_dev,3451290730,1,0.43002769351005554
flux_fill_flux_1_dev,549520317,0,0.08509904146194458
flux_fill_flux_1_dev,549520317,1,0.4261125922203064
flux_fill_flux_1_dev,4514987995,0,0.04535257816314697
flux_fill_flux_1_dev,4514987995,1,0.12635333836078644
flux_fill_flux_1_dev,7252718418,0,0.05108273774385452
flux_fill_flux_1_dev,7252718418,1,0.2778647243976593
flux_fill_flux_1_dev,288025239,0,0.0534033328294754
flux_fill_flux_1_dev,288025239,1,0.6048657894134521
flux_fill_flux_1_dev,76466808,0,0.0838903859257698
flux_fill_flux_1_dev,76466808,1,0.7892336845397949
flux_fill_flux_1_dev,2900905937,0,0.026556573808193207
flux_fill_flux_1_dev,2900905937,1,0.6522414088249207
flux_fill_flux_1_dev,2313551145,0,0.048136770725250244
flux_fill_flux_1_dev,2313551145,1,0.7585106492042542
flux_fill_flux_1_dev,524036004,0,0.10781264305114746
flux_fill_flux_1_dev,524036004,1,0.9219217896461487
flux_fill_flux_1_dev,3772446893,0,0.04146227240562439
flux_fill_flux_1_dev,3772446893,1,0.1540575623512268
flux_fill_flux_1_dev,3094629328,0,0.034618839621543884
flux_fill_flux_1_dev,3094629328,1,0.33306920528411865
flux_fill_flux_1_dev,3139160252,0,0.053009770810604095
flux_fill_flux_1_dev,3139160252,1,0.17497345805168152
flux_fill_flux_1_dev,118854260,0,0.07004895806312561
flux_fill_flux_1_dev,118854260,1,0.21535073220729828
flux_fill_flux_1_dev,2448393373,0,0.042087726294994354
flux_fill_flux_1_dev,2448393373,1,0.23370634019374847
flux_fill_flux_1_dev,4222067827,0,0.0534033328294754
flux_fill_flux_1_dev,4222067827,1,0.6288633942604065
flux_fill_flux_1_dev,449352117,0,0.04240383207798004
flux_fill_flux_1_dev,449352117,1,0.9219217896461487
flux_fill_flux_1_dev,2735558076,0,0.028652669861912727
flux_fill_flux_1_dev,2735558076,1,0.2146914154291153
flux_fill_flux_1_dev,4858175898,0,0.03993731737136841
flux_fill_flux_1_dev,4858175898,1,0.3917549252510071
flux_fill_flux_1_dev,4442319130,0,0.0378924235701561
flux_fill_flux_1_dev,4442319130,1,0.1276526302099228
flux_fill_flux_1_dev,2954929479,0,0.04401865229010582
flux_fill_flux_1_dev,2954929479,1,0.8762113451957703
flux_fill_flux_1_dev,16158623,0,0.0384661927819252
flux_fill_flux_1_dev,16158623,1,0.4808443486690521
flux_fill_flux_1_dev,5501340599,0,0.04707418009638786
flux_fill_flux_1_dev,5501340599,1,0.39770445227622986
flux_fill_flux_1_dev,1015118661,0,0.028007520362734795
flux_fill_flux_1_dev,1015118661,1,0.4995117485523224
flux_fill_sd_3_5_large,1016887272,0,0.05033063143491745
flux_fill_sd_3_5_large,1016887272,1,0.07640768587589264
flux_fill_sd_3_5_large,7162685234,0,0.7745833992958069
flux_fill_sd_3_5_large,7162685234,1,0.07055959850549698
flux_fill_sd_3_5_large,3000017878,0,0.05834583565592766
flux_fill_sd_3_5_large,3000017878,1,0.20561504364013672
flux_fill_sd_3_5_large,4971484184,0,0.05921025201678276
flux_fill_sd_3_5_large,4971484184,1,0.16344544291496277
flux_fill_sd_3_5_large,92679312,0,0.07864238321781158
flux_fill_sd_3_5_large,92679312,1,0.16026602685451508
flux_fill_sd_3_5_large,2853682342,0,0.0534033328294754
flux_fill_sd_3_5_large,2853682342,1,0.06804042309522629
flux_fill_sd_3_5_large,5131842202,0,0.049958523362874985
flux_fill_sd_3_5_large,5131842202,1,0.21667379140853882
flux_fill_sd_3_5_large,4859170265,0,0.05146276578307152
flux_fill_sd_3_5_large,4859170265,1,0.12984342873096466
flux_fill_sd_3_5_large,2612125121,0,0.02822098508477211
flux_fill_sd_3_5_large,2612125121,1,0.07585817575454712
flux_fill_sd_3_5_large,3134644844,0,0.03384403511881828
flux_fill_sd_3_5_large,3134644844,1,0.14223188161849976
flux_fill_sd_3_5_large,316298162,0,0.027585284784436226
flux_fill_sd_3_5_large,316298162,1,0.10194651782512665
flux_fill_sd_3_5_large,3601843201,0,0.0534033328294754
flux_fill_sd_3_5_large,3601843201,1,0.09073548763990402
flux_fill_sd_3_5_large,5086989679,0,0.12252321094274521
flux_fill_sd_3_5_large,5086989679,1,0.8000679016113281
flux_fill_sd_3_5_large,1246863003,0,0.02843603491783142
flux_fill_sd_3_5_large,1246863003,1,0.3751339912414551
flux_fill_sd_3_5_large,2193001254,0,0.200557678937912
flux_fill_sd_3_5_large,2193001254,1,0.1325145661830902
flux_fill_sd_3_5_large,4283472819,0,0.04401865229010582
flux_fill_sd_3_5_large,4283472819,1,0.46623799204826355
flux_fill_sd_3_5_large,1117972841,0,0.14706452190876007
flux_fill_sd_3_5_large,1117972841,1,0.09401018917560577
flux_fill_sd_3_5_large,48614561,0,0.05108273774385452
flux_fill_sd_3_5_large,48614561,1,0.7752646803855896
flux_fill_sd_3_5_large,6232601127,0,0.025371313095092773
flux_fill_sd_3_5_large,6232601127,1,0.28219619393348694
flux_fill_sd_3_5_large,4439654945,0,0.03963884338736534
flux_fill_sd_3_5_large,4439654945,1,0.14366760849952698
flux_fill_sd_3_5_large,269898428,0,0.023330768570303917
flux_fill_sd_3_5_large,269898428,1,0.28656840324401855
flux_fill_sd_3_5_large,2113592981,0,0.04146227240562439
flux_fill_sd_3_5_large,2113592981,1,0.0960254967212677
flux_fill_sd_3_5_large,1542970158,0,0.020645931363105774
flux_fill_sd_3_5_large,1542970158,1,0.11676400899887085
flux_fill_sd_3_5_large,4743795506,0,0.03488088771700859
flux_fill_sd_3_5_large,4743795506,1,0.5834407210350037
flux_fill_sd_3_5_large,1313961775,0,0.052618954330682755
flux_fill_sd_3_5_large,1313961775,1,0.200557678937912
flux_fill_sd_3_5_large,4005756399,0,0.027376487851142883
flux_fill_sd_3_5_large,4005756399,1,0.05541279539465904
flux_fill_sd_3_5_large,4844409798,0,0.048496004194021225
flux_fill_sd_3_5_large,4844409798,1,0.8705973029136658
flux_fill_sd_3_5_large,4970590451,0,0.048136770725250244
flux_fill_sd_3_5_large,4970590451,1,0.6566582322120667
flux_fill_sd_3_5_large,2536995789,0,0.01640303246676922
flux_fill_sd_3_5_large,2536995789,1,0.0792103260755539
flux_fill_sd_3_5_large,2230134548,0,0.03488088771700859
flux_fill_sd_3_5_large,2230134548,1,0.19993211328983307
flux_fill_sd_3_5_large,1295719054,0,0.04672496020793915
flux_fill_sd_3_5_large,1295719054,1,0.2062537968158722
flux_fill_sd_3_5_large,407815946,0,0.07159119844436646
flux_fill_sd_3_5_large,407815946,1,0.05707140266895294
flux_fill_sd_3_5_large,4726677489,0,0.046378206461668015
flux_fill_sd_3_5_large,4726677489,1,0.16079244017601013
flux_fill_sd_3_5_large,2431723485,0,0.05541279539465904
flux_fill_sd_3_5_large,2431723485,1,0.7416740655899048
flux_fill_sd_3_5_large,4686568156,0,0.030908960849046707
flux_fill_sd_3_5_large,4686568156,1,0.8820220232009888
flux_fill_sd_3_5_large,688926797,0,0.03308597952127457
flux_fill_sd_3_5_large,688926797,1,0.29057809710502625
flux_fill_sd_3_5_large,3245460937,0,0.053009770810604095
flux_fill_sd_3_5_large,3245460937,1,0.7520125508308411
flux_fill_sd_3_5_large,4759710534,0,0.06325051933526993
flux_fill_sd_3_5_large,4759710534,1,0.07585817575454712
flux_fill_sd_3_5_large,6338704,0,0.013955710455775261
flux_fill_sd_3_5_large,6338704,1,0.08210662752389908
flux_fill_sd_3_5_large,2723024306,0,0.038178276270627975
flux_fill_sd_3_5_large,2723024306,1,0.9314625263214111
flux_fill_sd_3_5_large,23473996,0,0.027169233188033104
flux_fill_sd_3_5_large,23473996,1,0.04958902671933174
flux_fill_sd_3_5_large,2831215155,0,0.07159119844436646
flux_fill_sd_3_5_large,2831215155,1,0.3086068034172058
flux_fill_sd_3_5_large,4682929932,0,0.057918086647987366
flux_fill_sd_3_5_large,4682929932,1,0.8661325573921204
flux_fill_sd_3_5_large,2736263351,0,0.024053553119301796
flux_fill_sd_3_5_large,2736263351,1,0.16238002479076385
flux_fill_sd_3_5_large,4376363559,0,0.05665242671966553
flux_fill_sd_3_5_large,4376363559,1,0.15152934193611145
flux_fill_sd_3_5_large,4937441878,0,0.018124720081686974
flux_fill_sd_3_5_large,4937441878,1,0.1352320909500122
flux_fill_sd_3_5_large,6386880789,0,0.04707418009638786
flux_fill_sd_3_5_large,6386880789,1,0.41312193870544434
flux_fill_sd_3_5_large,3698607223,0,0.05665242671966553
flux_fill_sd_3_5_large,3698607223,1,0.0753123089671135
flux_fill_sd_3_5_large,3134341610,0,0.06097518280148506
flux_fill_sd_3_5_large,3134341610,1,0.24148939549922943
flux_fill_sd_3_5_large,11551286,0,0.048136770725250244
flux_fill_sd_3_5_large,11551286,1,0.34576770663261414
flux_fill_sd_3_5_large,214166720,0,0.03704717382788658
flux_fill_sd_3_5_large,214166720,1,0.4993896484375
flux_fill_sd_3_5_large,3179223972,0,0.0427221953868866
flux_fill_sd_3_5_large,3179223972,1,0.7193835973739624
flux_fill_sd_3_5_large,4540165999,0,0.04569203406572342
flux_fill_sd_3_5_large,4540165999,1,0.05108273774385452
flux_fill_sd_3_5_large,3217187564,0,0.04885777831077576
flux_fill_sd_3_5_large,3217187564,1,0.8812065720558167
flux_fill_sd_3_5_large,1097710887,0,0.05033063143491745
flux_fill_sd_3_5_large,1097710887,1,0.1030244305729866
flux_fill_sd_3_5_large,5138003138,0,0.0534033328294754
flux_fill_sd_3_5_large,5138003138,1,0.27125170826911926
flux_fill_sd_3_5_large,2743465453,0,0.03704717382788658
flux_fill_sd_3_5_large,2743465453,1,0.3954843282699585
flux_fill_sd_3_5_large,4650780114,0,0.03676946461200714
flux_fill_sd_3_5_large,4650780114,1,0.5492779612541199
flux_fill_sd_3_5_large,3518443604,0,0.03283695504069328
flux_fill_sd_3_5_large,3518443604,1,0.3119506239891052
flux_fill_sd_3_5_large,55438559,0,0.02931223064661026
flux_fill_sd_3_5_large,55438559,1,0.1233656108379364
flux_fill_sd_3_5_large,3381788544,0,0.034100428223609924
flux_fill_sd_3_5_large,3381788544,1,0.3510885536670685
flux_fill_sd_3_5_large,3584603849,0,0.04958902671933174
flux_fill_sd_3_5_large,3584603849,1,0.9026095867156982
flux_fill_sd_3_5_large,2790909995,0,0.13117322325706482
flux_fill_sd_3_5_large,2790909995,1,0.791176438331604
flux_fill_sd_3_5_large,777288299,0,0.053799644112586975
flux_fill_sd_3_5_large,777288299,1,0.23792991042137146
flux_fill_sd_3_5_large,16396205,0,0.028007520362734795
flux_fill_sd_3_5_large,16396205,1,0.23757591843605042
flux_fill_sd_3_5_large,3774986130,0,0.04922211915254593
flux_fill_sd_3_5_large,3774986130,1,0.11318691074848175
flux_fill_sd_3_5_large,4979293130,0,0.04115288704633713
flux_fill_sd_3_5_large,4979293130,1,0.5256123542785645
flux_fill_sd_3_5_large,553918837,0,0.04146227240562439
flux_fill_sd_3_5_large,553918837,1,0.8910549879074097
flux_fill_sd_3_5_large,4507048434,0,0.05184547230601311
flux_fill_sd_3_5_large,4507048434,1,0.1475551873445511
flux_fill_sd_3_5_large,2970183443,0,0.0427221953868866
flux_fill_sd_3_5_large,2970183443,1,0.23899394273757935
flux_fill_sd_3_5_large,2645724661,0,0.05070536211133003
flux_fill_sd_3_5_large,2645724661,1,0.6146253347396851
flux_fill_sd_3_5_large,4274214534,0,0.04084571823477745
flux_fill_sd_3_5_large,4274214534,1,0.12852513790130615
flux_fill_sd_3_5_large,322563288,0,0.04535257816314697
flux_fill_sd_3_5_large,322563288,1,0.30777397751808167
flux_fill_sd_3_5_large,144571886,0,0.05070536211133003
flux_fill_sd_3_5_large,144571886,1,0.06052938848733902
flux_fill_sd_3_5_large,405615014,0,0.030675798654556274
flux_fill_sd_3_5_large,405615014,1,0.10894504189491272
flux_fill_sd_3_5_large,4848645410,0,0.048136770725250244
flux_fill_sd_3_5_large,4848645410,1,0.42679932713508606
flux_fill_sd_3_5_large,4563177695,0,0.05582313984632492
flux_fill_sd_3_5_large,4563177695,1,0.18010665476322174
flux_fill_sd_3_5_large,86120682,0,0.0446808747947216
flux_fill_sd_3_5_large,86120682,1,0.23405632376670837
flux_fill_sd_3_5_large,4623878206,0,0.02161533385515213
flux_fill_sd_3_5_large,4623878206,1,0.08570927381515503
flux_fill_sd_3_5_large,392467282,0,0.053009770810604095
flux_fill_sd_3_5_large,392467282,1,0.6390605568885803
flux_fill_sd_3_5_large,3310851569,0,0.03308597952127457
flux_fill_sd_3_5_large,3310851569,1,0.08570927381515503
flux_fill_sd_3_5_large,3415178926,0,0.06512755155563354
flux_fill_sd_3_5_large,3415178926,1,0.19132769107818604
flux_fill_sd_3_5_large,5123000955,0,0.28378137946128845
flux_fill_sd_3_5_large,5123000955,1,0.45895490050315857
flux_fill_sd_3_5_large,2517489722,0,0.04885777831077576
flux_fill_sd_3_5_large,2517489722,1,0.1550784707069397
flux_fill_sd_3_5_large,410422753,0,0.04742587357759476
flux_fill_sd_3_5_large,410422753,1,0.8836382031440735
flux_fill_sd_3_5_large,4716376540,0,0.03514484688639641
flux_fill_sd_3_5_large,4716376540,1,0.15817435085773468
flux_fill_sd_3_5_large,2229108152,0,0.038178276270627975
flux_fill_sd_3_5_large,2229108152,1,0.3656831979751587
flux_fill_sd_3_5_large,4558580445,0,0.04401865229010582
flux_fill_sd_3_5_large,4558580445,1,0.6150878667831421
flux_fill_sd_3_5_large,4964794183,0,0.04535257816314697
flux_fill_sd_3_5_large,4964794183,1,0.0627892017364502
flux_fill_sd_3_5_large,2705101739,0,0.0443485826253891
flux_fill_sd_3_5_large,2705101739,1,0.7130321860313416
flux_fill_sd_3_5_large,4692725862,0,0.08570927381515503
flux_fill_sd_3_5_large,4692725862,1,0.053009770810604095
flux_fill_sd_3_5_large,4752721674,0,0.04569203406572342
flux_fill_sd_3_5_large,4752721674,1,0.267408162355423
flux_fill_sd_3_5_large,3516087269,0,0.049958523362874985
flux_fill_sd_3_5_large,3516087269,1,0.11838509887456894
flux_fill_sd_3_5_large,4465093007,0,0.028007520362734795
flux_fill_sd_3_5_large,4465093007,1,0.6388352513313293
flux_fill_sd_3_5_large,3019667009,0,0.02615562081336975
flux_fill_sd_3_5_large,3019667009,1,0.2991051971912384
flux_fill_sd_3_5_large,4565084634,0,0.03138043358922005
flux_fill_sd_3_5_large,4565084634,1,0.5788946151733398
flux_fill_sd_3_5_large,4550700462,0,0.04501553252339363
flux_fill_sd_3_5_large,4550700462,1,0.1830088496208191
flux_fill_sd_3_5_large,3365783912,0,0.034618839621543884
flux_fill_sd_3_5_large,3365783912,1,0.4144692122936249
flux_fill_sd_3_5_large,3501457496,0,0.04023794084787369
flux_fill_sd_3_5_large,3501457496,1,0.08945459872484207
flux_fill_sd_3_5_large,241109594,0,0.05033063143491745
flux_fill_sd_3_5_large,241109594,1,0.06233103945851326
flux_fill_sd_3_5_large,2123838998,0,0.05033063143491745
flux_fill_sd_3_5_large,2123838998,1,0.3146820068359375
flux_fill_sd_3_5_large,218225539,0,0.04054073989391327
flux_fill_sd_3_5_large,218225539,1,0.7201715111732483
flux_fill_sd_3_5_large,2608623292,0,0.2240554690361023
flux_fill_sd_3_5_large,2608623292,1,0.049958523362874985
flux_fill_sd_3_5_large,5662260935,0,0.05707140266895294
flux_fill_sd_3_5_large,5662260935,1,0.39969444274902344
flux_fill_sd_3_5_large,3396251819,0,0.05921025201678276
flux_fill_sd_3_5_large,3396251819,1,0.1772405207157135
flux_fill_sd_3_5_large,7472814756,0,0.06656918674707413
flux_fill_sd_3_5_large,7472814756,1,0.4803568124771118
flux_fill_sd_3_5_large,227689211,0,0.03622005879878998
flux_fill_sd_3_5_large,227689211,1,0.14366760849952698
flux_fill_sd_3_5_large,2394003437,0,0.02909075655043125
flux_fill_sd_3_5_large,2394003437,1,0.09534946084022522
flux_fill_sd_3_5_large,4074473431,0,0.043365802615880966
flux_fill_sd_3_5_large,4074473431,1,0.38214144110679626
flux_fill_sd_3_5_large,370445133,0,0.0446808747947216
flux_fill_sd_3_5_large,370445133,1,0.6632328629493713
flux_fill_sd_3_5_large,5526795355,0,0.14463144540786743
flux_fill_sd_3_5_large,5526795355,1,0.05877656117081642
flux_fill_sd_3_5_large,2768972186,0,0.04958902671933174
flux_fill_sd_3_5_large,2768972186,1,0.052618954330682755
flux_fill_sd_3_5_large,16630920,0,0.05707140266895294
flux_fill_sd_3_5_large,16630920,1,0.1325145661830902
flux_fill_sd_3_5_large,3560081723,0,0.11476478725671768
flux_fill_sd_3_5_large,3560081723,1,0.3182732164859772
flux_fill_sd_3_5_large,2881378816,0,0.019870713353157043
flux_fill_sd_3_5_large,2881378816,1,0.05921025201678276
flux_fill_sd_3_5_large,4695471709,0,0.04603390023112297
flux_fill_sd_3_5_large,4695471709,1,0.7981867790222168
flux_fill_sd_3_5_large,551315867,0,0.06097518280148506
flux_fill_sd_3_5_large,551315867,1,0.16451644897460938
flux_fill_sd_3_5_large,2657844508,0,0.05146276578307152
flux_fill_sd_3_5_large,2657844508,1,0.15921740233898163
flux_fill_sd_3_5_large,39024981,0,0.01428193412721157
flux_fill_sd_3_5_large,39024981,1,0.12043881416320801
flux_fill_sd_3_5_large,3114944484,0,0.024423090741038322
flux_fill_sd_3_5_large,3114944484,1,0.6270381808280945
flux_fill_sd_3_5_large,4770473055,0,0.048496004194021225
flux_fill_sd_3_5_large,4770473055,1,0.2393493503332138
flux_fill_sd_3_5_large,4764087782,0,0.043042849749326706
flux_fill_sd_3_5_large,4764087782,1,0.19620943069458008
flux_fill_sd_3_5_large,6693881913,0,0.032344330102205276
flux_fill_sd_3_5_large,6693881913,1,0.19868534803390503
flux_fill_sd_3_5_large,7235990180,0,0.0541987270116806
flux_fill_sd_3_5_large,7235990180,1,0.3910570442676544
flux_fill_sd_3_5_large,6084817815,0,0.048136770725250244
flux_fill_sd_3_5_large,6084817815,1,0.10052487254142761
flux_fill_sd_3_5_large,2229177914,0,0.053799644112586975
flux_fill_sd_3_5_large,2229177914,1,0.36296921968460083
flux_fill_sd_3_5_large,2113996953,0,0.024798160418868065
flux_fill_sd_3_5_large,2113996953,1,0.052618954330682755
flux_fill_sd_3_5_large,4878415659,0,0.06008664518594742
flux_fill_sd_3_5_large,4878415659,1,0.442516028881073
flux_fill_sd_3_5_large,2313598755,0,0.020023440942168236
flux_fill_sd_3_5_large,2313598755,1,0.19559407234191895
flux_fill_sd_3_5_large,3169276423,0,0.049958523362874985
flux_fill_sd_3_5_large,3169276423,1,0.2140335589647293
flux_fill_sd_3_5_large,3805877081,0,0.06097518280148506
flux_fill_sd_3_5_large,3805877081,1,0.4926762878894806
flux_fill_sd_3_5_large,7784556300,0,0.08151975274085999
flux_fill_sd_3_5_large,7784556300,1,0.3891982436180115
flux_fill_sd_3_5_large,1303727066,0,0.05623634159564972
flux_fill_sd_3_5_large,1303727066,1,0.3153141438961029
flux_fill_sd_3_5_large,3247052319,0,0.07585817575454712
flux_fill_sd_3_5_large,3247052319,1,0.13386750221252441
flux_fill_sd_3_5_large,2949337912,0,0.0427221953868866
flux_fill_sd_3_5_large,2949337912,1,0.05070536211133003
flux_fill_sd_3_5_large,2324581814,0,0.02460992895066738
flux_fill_sd_3_5_large,2324581814,1,0.1937568634748459
flux_fill_sd_3_5_large,7046014201,0,0.03649376705288887
flux_fill_sd_3_5_large,7046014201,1,0.10017222166061401
flux_fill_sd_3_5_large,4494095559,0,0.053799644112586975
flux_fill_sd_3_5_large,4494095559,1,0.09982065856456757
flux_fill_sd_3_5_large,3199895624,0,0.029986508190631866
flux_fill_sd_3_5_large,3199895624,1,0.8723474144935608
flux_fill_sd_3_5_large,3126753745,0,0.031143832951784134
flux_fill_sd_3_5_large,3126753745,1,0.2516477108001709
flux_fill_sd_3_5_large,269440642,0,0.0446808747947216
flux_fill_sd_3_5_large,269440642,1,0.4532921016216278
flux_fill_sd_3_5_large,3676788491,0,0.03649376705288887
flux_fill_sd_3_5_large,3676788491,1,0.398406445980072
flux_fill_sd_3_5_large,5009047021,0,0.0541987270116806
flux_fill_sd_3_5_large,5009047021,1,0.0844927579164505
flux_fill_sd_3_5_large,3072074170,0,0.03993731737136841
flux_fill_sd_3_5_large,3072074170,1,0.47073662281036377
flux_fill_sd_3_5_large,2852982055,0,0.04501553252339363
flux_fill_sd_3_5_large,2852982055,1,0.03258974477648735
flux_fill_sd_3_5_large,460326010,0,0.0541987270116806
flux_fill_sd_3_5_large,460326010,1,0.26020142436027527
flux_fill_sd_3_5_large,3090398639,0,0.09203286468982697
flux_fill_sd_3_5_large,3090398639,1,0.30033501982688904
flux_fill_sd_3_5_large,3707283973,0,0.05108273774385452
flux_fill_sd_3_5_large,3707283973,1,0.07807815819978714
flux_fill_sd_3_5_large,4090827772,0,0.0443485826253891
flux_fill_sd_3_5_large,4090827772,1,0.1830088496208191
flux_fill_sd_3_5_large,5194023863,0,0.04885777831077576
flux_fill_sd_3_5_large,5194023863,1,0.5822535157203674
flux_fill_sd_3_5_large,116409198,0,0.04569203406572342
flux_fill_sd_3_5_large,116409198,1,0.07423136383295059
flux_fill_sd_3_5_large,81125088,0,0.05541279539465904
flux_fill_sd_3_5_large,81125088,1,0.4533526301383972
flux_fill_sd_3_5_large,3634400263,0,0.04569203406572342
flux_fill_sd_3_5_large,3634400263,1,0.8305941224098206
flux_fill_sd_3_5_large,4893545292,0,0.053009770810604095
flux_fill_sd_3_5_large,4893545292,1,0.09636510163545609
flux_fill_sd_3_5_large,5171155099,0,0.049958523362874985
flux_fill_sd_3_5_large,5171155099,1,0.1276526302099228
flux_fill_sd_3_5_large,2725441885,0,0.04501553252339363
flux_fill_sd_3_5_large,2725441885,1,0.09009299427270889
flux_fill_sd_3_5_large,5062422406,0,0.034618839621543884
flux_fill_sd_3_5_large,5062422406,1,0.3557748794555664
flux_fill_sd_3_5_large,4978901111,0,0.05665242671966553
flux_fill_sd_3_5_large,4978901111,1,0.7994422912597656
flux_fill_sd_3_5_large,2327240505,0,0.034618839621543884
flux_fill_sd_3_5_large,2327240505,1,0.26817411184310913
flux_fill_sd_3_5_large,280840823,0,0.02145073190331459
flux_fill_sd_3_5_large,280840823,1,0.5079339146614075
flux_fill_sd_3_5_large,491987177,0,0.05184547230601311
flux_fill_sd_3_5_large,491987177,1,0.17050801217556
flux_fill_sd_3_5_large,2889113059,0,0.038178276270627975
flux_fill_sd_3_5_large,2889113059,1,0.06560482829809189
flux_fill_sd_3_5_large,519228867,0,0.1127953976392746
flux_fill_sd_3_5_large,519228867,1,0.2440025508403778
flux_fill_sd_3_5_large,4455065396,0,0.028870906680822372
flux_fill_sd_3_5_large,4455065396,1,0.2560870945453644
flux_fill_sd_3_5_large,2437392162,0,0.2267836183309555
flux_fill_sd_3_5_large,2437392162,1,0.11162799596786499
flux_fill_sd_3_5_large,7990849887,0,0.03384403511881828
flux_fill_sd_3_5_large,7990849887,1,0.07211220264434814
flux_fill_sd_3_5_large,4918525947,0,0.04958902671933174
flux_fill_sd_3_5_large,4918525947,1,0.1550784707069397
flux_fill_sd_3_5_large,2384401298,0,0.043042849749326706
flux_fill_sd_3_5_large,2384401298,1,0.05070536211133003
flux_fill_sd_3_5_large,451547131,0,0.030675798654556274
flux_fill_sd_3_5_large,451547131,1,0.16940587759017944
flux_fill_sd_3_5_large,2174648405,0,0.15152934193611145
flux_fill_sd_3_5_large,2174648405,1,0.06325051933526993
flux_fill_sd_3_5_large,6828750292,0,0.025565212592482567
flux_fill_sd_3_5_large,6828750292,1,0.06142403930425644
flux_fill_sd_3_5_large,101262930,0,0.04778006672859192
flux_fill_sd_3_5_large,101262930,1,0.20434190332889557
flux_fill_sd_3_5_large,3183330562,0,0.04115288704633713
flux_fill_sd_3_5_large,3183330562,1,0.22815649211406708
flux_fill_sd_3_5_large,4459033855,0,0.05460060387849808
flux_fill_sd_3_5_large,4459033855,1,0.70537930727005
flux_fill_sd_3_5_large,3297272270,0,0.04922211915254593
flux_fill_sd_3_5_large,3297272270,1,0.3073580265045166
flux_fill_sd_3_5_large,146019208,0,0.04146227240562439
flux_fill_sd_3_5_large,146019208,1,0.5522680282592773
flux_fill_sd_3_5_large,4511879942,0,0.05460060387849808
flux_fill_sd_3_5_large,4511879942,1,0.15102781355381012
flux_fill_sd_3_5_large,3422458549,0,0.15052762627601624
flux_fill_sd_3_5_large,3422458549,1,0.14804719388484955
flux_fill_sd_3_5_large,2543589122,0,0.08093671500682831
flux_fill_sd_3_5_large,2543589122,1,0.8918110132217407
flux_fill_sd_3_5_large,44619131,0,0.04054073989391327
flux_fill_sd_3_5_large,44619131,1,0.12549345195293427
flux_fill_sd_3_5_large,20702864,0,0.052618954330682755
flux_fill_sd_3_5_large,20702864,1,0.1139734610915184
flux_fill_sd_3_5_large,2971478694,0,0.11716748028993607
flux_fill_sd_3_5_large,2971478694,1,0.12294380366802216
flux_fill_sd_3_5_large,5220880759,0,0.048136770725250244
flux_fill_sd_3_5_large,5220880759,1,0.10856641829013824
flux_fill_sd_3_5_large,2549946671,0,0.03567855432629585
flux_fill_sd_3_5_large,2549946671,1,0.8539127111434937
flux_fill_sd_3_5_large,5896386113,0,0.055005282163619995
flux_fill_sd_3_5_large,5896386113,1,0.17497345805168152
flux_fill_sd_3_5_large,4917931600,0,0.03760863468050957
flux_fill_sd_3_5_large,4917931600,1,0.21337716281414032
flux_fill_sd_3_5_large,160566014,0,0.043042849749326706
flux_fill_sd_3_5_large,160566014,1,0.4463740587234497
flux_fill_sd_3_5_large,2997939824,0,0.04535257816314697
flux_fill_sd_3_5_large,2997939824,1,0.0627892017364502
flux_fill_sd_3_5_large,2646540383,0,0.06560482829809189
flux_fill_sd_3_5_large,2646540383,1,0.3832949697971344
flux_fill_sd_3_5_large,3553056438,0,0.03704717382788658
flux_fill_sd_3_5_large,3553056438,1,0.5971381068229675
flux_fill_sd_3_5_large,7081584189,0,0.0832919329404831
flux_fill_sd_3_5_large,7081584189,1,0.49072372913360596
flux_fill_sd_3_5_large,707941195,0,0.13706977665424347
flux_fill_sd_3_5_large,707941195,1,0.47402241826057434
flux_fill_sd_3_5_large,3120921482,0,0.04742587357759476
flux_fill_sd_3_5_large,3120921482,1,0.391289621591568
flux_fill_sd_3_5_large,4715269800,0,0.043691057711839676
flux_fill_sd_3_5_large,4715269800,1,0.34048518538475037
flux_fill_sd_3_5_large,484280924,0,0.04115288704633713
flux_fill_sd_3_5_large,484280924,1,0.1465752124786377
flux_fill_sd_3_5_large,1554713437,0,0.04707418009638786
flux_fill_sd_3_5_large,1554713437,1,0.13846179842948914
flux_fill_sd_3_5_large,4689487867,0,0.03963884338736534
flux_fill_sd_3_5_large,4689487867,1,0.3988746106624603
flux_fill_sd_3_5_large,313385842,0,0.05070536211133003
flux_fill_sd_3_5_large,313385842,1,0.10669060051441193
flux_fill_sd_3_5_large,74635420,0,0.0427221953868866
flux_fill_sd_3_5_large,74635420,1,0.09203286468982697
flux_fill_sd_3_5_large,2638177115,0,0.04778006672859192
flux_fill_sd_3_5_large,2638177115,1,0.31489264965057373
flux_fill_sd_3_5_large,3218861747,0,0.04023794084787369
flux_fill_sd_3_5_large,3218861747,1,0.3127896785736084
flux_fill_sd_3_5_large,2842439618,0,0.0446808747947216
flux_fill_sd_3_5_large,2842439618,1,0.26817411184310913
flux_fill_sd_3_5_large,4830307454,0,0.05707140266895294
flux_fill_sd_3_5_large,4830307454,1,0.267408162355423
flux_fill_sd_3_5_large,837919879,0,0.039048291742801666
flux_fill_sd_3_5_large,837919879,1,0.22135069966316223
flux_fill_sd_3_5_large,503357436,0,0.048136770725250244
flux_fill_sd_3_5_large,503357436,1,0.14033624529838562
flux_fill_sd_3_5_large,4549641134,0,0.05223085358738899
flux_fill_sd_3_5_large,4549641134,1,0.1830088496208191
flux_fill_sd_3_5_large,4145119743,0,0.02460992895066738
flux_fill_sd_3_5_large,4145119743,1,0.2658804953098297
flux_fill_sd_3_5_large,455714074,0,0.02178117260336876
flux_fill_sd_3_5_large,455714074,1,0.06465348601341248
flux_fill_sd_3_5_large,6848277313,0,0.0541987270116806
flux_fill_sd_3_5_large,6848277313,1,0.4115246832370758
flux_fill_sd_3_5_large,1329832826,0,0.04501553252339363
flux_fill_sd_3_5_large,1329832826,1,0.10970577597618103
flux_fill_sd_3_5_large,3667788497,0,0.07640768587589264
flux_fill_sd_3_5_large,3667788497,1,0.22202469408512115
flux_fill_sd_3_5_large,4851524954,0,0.048136770725250244
flux_fill_sd_3_5_large,4851524954,1,0.11757213622331619
flux_fill_sd_3_5_large,6066650935,0,0.12678517401218414
flux_fill_sd_3_5_large,6066650935,1,0.2885691225528717
flux_fill_sd_3_5_large,289639811,0,0.019419347867369652
flux_fill_sd_3_5_large,289639811,1,0.605682373046875
flux_fill_sd_3_5_large,4791485167,0,0.05146276578307152
flux_fill_sd_3_5_large,4791485167,1,0.38133475184440613
flux_fill_sd_3_5_large,3738685861,0,0.03514484688639641
flux_fill_sd_3_5_large,3738685861,1,0.6053325533866882
flux_fill_sd_3_5_large,1558753996,0,0.04401865229010582
flux_fill_sd_3_5_large,1558753996,1,0.13206614553928375
flux_fill_sd_3_5_large,4433634883,0,0.04054073989391327
flux_fill_sd_3_5_large,4433634883,1,0.36251774430274963
flux_fill_sd_3_5_large,516360813,0,0.053799644112586975
flux_fill_sd_3_5_large,516360813,1,0.10743747651576996
flux_fill_sd_3_5_large,4486484038,0,0.06097518280148506
flux_fill_sd_3_5_large,4486484038,1,0.6542322635650635
flux_fill_sd_3_5_large,3508522093,0,0.03760863468050957
flux_fill_sd_3_5_large,3508522093,1,0.8891444206237793
flux_fill_sd_3_5_large,151215569,0,0.02080448903143406
flux_fill_sd_3_5_large,151215569,1,0.20689405500888824
flux_fill_sd_3_5_large,2618322793,0,0.08269733935594559
flux_fill_sd_3_5_large,2618322793,1,0.08570927381515503
flux_fill_sd_3_5_large,4817804359,0,0.025371313095092773
flux_fill_sd_3_5_large,4817804359,1,0.4700067639350891
flux_fill_sd_3_5_large,2747436384,0,0.0446808747947216
flux_fill_sd_3_5_large,2747436384,1,0.4498457610607147
flux_fill_sd_3_5_large,4812155149,0,0.048136770725250244
flux_fill_sd_3_5_large,4812155149,1,0.07696083933115005
flux_fill_sd_3_5_large,28041138,0,0.048496004194021225
flux_fill_sd_3_5_large,28041138,1,0.21933749318122864
flux_fill_sd_3_5_large,3307667255,0,0.6601723432540894
flux_fill_sd_3_5_large,3307667255,1,0.640186071395874
flux_fill_sd_3_5_large,2536957963,0,0.034100428223609924
flux_fill_sd_3_5_large,2536957963,1,0.18010665476322174
flux_fill_sd_3_5_large,430964917,0,0.029986508190631866
flux_fill_sd_3_5_large,430964917,1,0.8474634885787964
flux_fill_sd_3_5_large,2279432034,0,0.043042849749326706
flux_fill_sd_3_5_large,2279432034,1,0.14463144540786743
flux_fill_sd_3_5_large,4614358086,0,0.03760863468050957
flux_fill_sd_3_5_large,4614358086,1,0.0960254967212677
flux_fill_sd_3_5_large,3515451715,0,0.05108273774385452
flux_fill_sd_3_5_large,3515451715,1,0.26057755947113037
flux_fill_sd_3_5_large,4975536758,0,0.053799644112586975
flux_fill_sd_3_5_large,4975536758,1,0.2018132209777832
flux_fill_sd_3_5_large,3085590738,0,0.049958523362874985
flux_fill_sd_3_5_large,3085590738,1,0.11476478725671768
flux_fill_sd_3_5_large,7772052674,0,0.05146276578307152
flux_fill_sd_3_5_large,7772052674,1,0.412648469209671
flux_fill_sd_3_5_large,6847401646,0,0.0541987270116806
flux_fill_sd_3_5_large,6847401646,1,0.4517194926738739
flux_fill_sd_3_5_large,3640870001,0,0.048496004194021225
flux_fill_sd_3_5_large,3640870001,1,0.17272931337356567
flux_fill_sd_3_5_large,2908493594,0,0.030908960849046707
flux_fill_sd_3_5_large,2908493594,1,0.07263670116662979
flux_fill_sd_3_5_large,45334151,0,0.043042849749326706
flux_fill_sd_3_5_large,45334151,1,0.7826625108718872
flux_fill_sd_3_5_large,135444196,0,0.0792103260755539
flux_fill_sd_3_5_large,135444196,1,0.08269733935594559
flux_fill_sd_3_5_large,3700322513,0,0.04778006672859192
flux_fill_sd_3_5_large,3700322513,1,0.28616926074028015
flux_fill_sd_3_5_large,7746984692,0,0.048136770725250244
flux_fill_sd_3_5_large,7746984692,1,0.3600389063358307
flux_fill_sd_3_5_large,3727740053,0,0.04401865229010582
flux_fill_sd_3_5_large,3727740053,1,0.1427091360092163
flux_fill_sd_3_5_large,6160193920,0,0.1212688684463501
flux_fill_sd_3_5_large,6160193920,1,0.06705628335475922
flux_fill_sd_3_5_large,1196746186,0,0.0844927579164505
flux_fill_sd_3_5_large,1196746186,1,0.10743747651576996
flux_fill_sd_3_5_large,2654943319,0,0.038178276270627975
flux_fill_sd_3_5_large,2654943319,1,0.24041776359081268
flux_fill_sd_3_5_large,3815318559,0,0.06853749603033066
flux_fill_sd_3_5_large,3815318559,1,0.1766716092824936
flux_fill_sd_3_5_large,4935046155,0,0.042087726294994354
flux_fill_sd_3_5_large,4935046155,1,0.2568320035934448
flux_fill_sd_3_5_large,2527411111,0,0.014392335899174213
flux_fill_sd_3_5_large,2527411111,1,0.12635333836078644
flux_fill_sd_3_5_large,428979011,0,0.030675798654556274
flux_fill_sd_3_5_large,428979011,1,0.689723789691925
flux_fill_sd_3_5_large,2255266906,0,0.04240383207798004
flux_fill_sd_3_5_large,2255266906,1,0.6208515167236328
flux_fill_sd_3_5_large,3559693175,0,0.049958523362874985
flux_fill_sd_3_5_large,3559693175,1,0.07864238321781158
flux_fill_sd_3_5_large,3320411267,0,0.053009770810604095
flux_fill_sd_3_5_large,3320411267,1,0.18359363079071045
flux_fill_sd_3_5_large,3475111806,0,0.03384403511881828
flux_fill_sd_3_5_large,3475111806,1,0.13341520726680756
flux_fill_sd_3_5_large,6952893010,0,0.07055959850549698
flux_fill_sd_3_5_large,6952893010,1,0.4374029040336609
flux_fill_sd_3_5_large,3595412126,0,0.043042849749326706
flux_fill_sd_3_5_large,3595412126,1,0.18772760033607483
flux_fill_sd_3_5_large,3599780784,0,0.05108273774385452
flux_fill_sd_3_5_large,3599780784,1,0.1561049073934555
flux_fill_sd_3_5_large,3024022266,0,0.07211220264434814
flux_fill_sd_3_5_large,3024022266,1,0.16079244017601013
flux_fill_sd_3_5_large,1444710198,0,0.049958523362874985
flux_fill_sd_3_5_large,1444710198,1,0.13072869181632996
flux_fill_sd_3_5_large,4936302238,0,0.08269733935594559
flux_fill_sd_3_5_large,4936302238,1,0.32295289635658264
flux_fill_sd_3_5_large,4287633714,0,0.04054073989391327
flux_fill_sd_3_5_large,4287633714,1,0.22439520061016083
flux_fill_sd_3_5_large,7616312438,0,0.03210070729255676
flux_fill_sd_3_5_large,7616312438,1,0.07585817575454712
flux_fill_sd_3_5_large,4480923732,0,0.08819004893302917
flux_fill_sd_3_5_large,4480923732,1,0.23899394273757935
flux_fill_sd_3_5_large,4890932738,0,0.05877656117081642
flux_fill_sd_3_5_large,4890932738,1,0.20689405500888824
flux_fill_sd_3_5_large,3996889070,0,0.06512755155563354
flux_fill_sd_3_5_large,3996889070,1,0.1525365114212036
flux_fill_sd_3_5_large,253924161,0,0.028652669861912727
flux_fill_sd_3_5_large,253924161,1,0.08269733935594559
flux_fill_sd_3_5_large,4838106858,0,0.0832919329404831
flux_fill_sd_3_5_large,4838106858,1,0.3090237081050873
flux_fill_sd_3_5_large,3329207492,0,0.049958523362874985
flux_fill_sd_3_5_large,3329207492,1,0.38861799240112305
flux_fill_sd_3_5_large,2058124718,0,0.04569203406572342
flux_fill_sd_3_5_large,2058124718,1,0.15974101424217224
flux_fill_sd_3_5_large,2532047708,0,0.053799644112586975
flux_fill_sd_3_5_large,2532047708,1,0.2778647243976593
flux_fill_sd_3_5_large,4690278994,0,0.06608537584543228
flux_fill_sd_3_5_large,4690278994,1,0.11636176705360413
flux_fill_sd_3_5_large,1806580620,0,0.06465348601341248
flux_fill_sd_3_5_large,1806580620,1,0.6399610638618469
flux_fill_sd_3_5_large,358355700,0,0.034358687698841095
flux_fill_sd_3_5_large,358355700,1,0.1859472095966339
flux_fill_sd_3_5_large,3449114979,0,0.03934250399470329
flux_fill_sd_3_5_large,3449114979,1,0.08509904146194458
flux_fill_sd_3_5_large,104285082,0,0.09138210862874985
flux_fill_sd_3_5_large,104285082,1,0.1629120409488678
flux_fill_sd_3_5_large,2763090857,0,0.05070536211133003
flux_fill_sd_3_5_large,2763090857,1,0.05877656117081642
flux_fill_sd_3_5_large,3168327945,0,0.03760863468050957
flux_fill_sd_3_5_large,3168327945,1,0.35309356451034546
flux_fill_sd_3_5_large,3455019076,0,0.04569203406572342
flux_fill_sd_3_5_large,3455019076,1,0.2120688110589981
flux_fill_sd_3_5_large,4676792744,0,0.04023794084787369
flux_fill_sd_3_5_large,4676792744,1,0.1629120409488678
flux_fill_sd_3_5_large,2589156742,0,0.030908960849046707
flux_fill_sd_3_5_large,2589156742,1,0.21076630055904388
flux_fill_sd_3_5_large,530170010,0,0.037326883524656296
flux_fill_sd_3_5_large,530170010,1,0.7918210625648499
flux_fill_sd_3_5_large,3373544964,0,0.03993731737136841
flux_fill_sd_3_5_large,3373544964,1,0.18242551386356354
flux_fill_sd_3_5_large,4821810079,0,0.0446808747947216
flux_fill_sd_3_5_large,4821810079,1,0.4248892068862915
flux_fill_sd_3_5_large,2293149170,0,0.03185885772109032
flux_fill_sd_3_5_large,2293149170,1,0.3510885536670685
flux_fill_sd_3_5_large,4368362518,0,0.09807932376861572
flux_fill_sd_3_5_large,4368362518,1,0.08570927381515503
flux_fill_sd_3_5_large,4925573161,0,0.04569203406572342
flux_fill_sd_3_5_large,4925573161,1,0.4275161921977997
flux_fill_sd_3_5_large,2834103050,0,0.0443485826253891
flux_fill_sd_3_5_large,2834103050,1,0.31615808606147766
flux_fill_sd_3_5_large,2923086298,0,0.05146276578307152
flux_fill_sd_3_5_large,2923086298,1,0.1830088496208191
flux_fill_sd_3_5_large,2468906010,0,0.05108273774385452
flux_fill_sd_3_5_large,2468906010,1,0.1325145661830902
flux_fill_sd_3_5_large,160541986,0,0.02822098508477211
flux_fill_sd_3_5_large,160541986,1,0.6710395812988281
flux_fill_sd_3_5_large,2404959574,0,0.03934250399470329
flux_fill_sd_3_5_large,2404959574,1,0.66888028383255
flux_fill_sd_3_5_large,3494151850,0,0.8844391107559204
flux_fill_sd_3_5_large,3494151850,1,0.38885006308555603
flux_fill_sd_3_5_large,2537002791,0,0.06325051933526993
flux_fill_sd_3_5_large,2537002791,1,0.11716748028993607
flux_fill_sd_3_5_large,3354474353,0,0.053009770810604095
flux_fill_sd_3_5_large,3354474353,1,0.08694165199995041
flux_fill_sd_3_5_large,517942470,0,0.031618766486644745
flux_fill_sd_3_5_large,517942470,1,0.0832919329404831
flux_fill_sd_3_5_large,3461041826,0,0.048496004194021225
flux_fill_sd_3_5_large,3461041826,1,0.09807932376861572
flux_fill_sd_3_5_large,2763601657,0,0.02779562398791313
flux_fill_sd_3_5_large,2763601657,1,0.19682620465755463
flux_fill_sd_3_5_large,6314475602,0,0.10158944129943848
flux_fill_sd_3_5_large,6314475602,1,0.2970619201660156
flux_fill_sd_3_5_large,2249682069,0,0.0384661927819252
flux_fill_sd_3_5_large,2249682069,1,0.4236070513725281
flux_fill_sd_3_5_large,4694894610,0,0.037326883524656296
flux_fill_sd_3_5_large,4694894610,1,0.05623634159564972
flux_fill_sd_3_5_large,3771613841,0,0.042087726294994354
flux_fill_sd_3_5_large,3771613841,1,0.06656918674707413
flux_fill_sd_3_5_large,4791513183,0,0.05070536211133003
flux_fill_sd_3_5_large,4791513183,1,0.19744445383548737
flux_fill_sd_3_5_large,498404951,0,0.09842541813850403
flux_fill_sd_3_5_large,498404951,1,0.1859472095966339
flux_fill_sd_3_5_large,3799708677,0,0.22202469408512115
flux_fill_sd_3_5_large,3799708677,1,0.318909227848053
flux_fill_sd_3_5_large,4973611817,0,0.025760561227798462
flux_fill_sd_3_5_large,4973611817,1,0.13296423852443695
flux_fill_sd_3_5_large,3027397797,0,0.04115288704633713
flux_fill_sd_3_5_large,3027397797,1,0.09467770159244537
flux_fill_sd_3_5_large,3539960792,0,0.0333368219435215
flux_fill_sd_3_5_large,3539960792,1,0.28101083636283875
flux_fill_sd_3_5_large,1424775129,0,0.052618954330682755
flux_fill_sd_3_5_large,1424775129,1,0.731442391872406
flux_fill_sd_3_5_large,3635194562,0,0.08882028609514236
flux_fill_sd_3_5_large,3635194562,1,0.6779006123542786
flux_fill_sd_3_5_large,8034139464,0,0.06512755155563354
flux_fill_sd_3_5_large,8034139464,1,0.5920770764350891
flux_fill_sd_3_5_large,2393971707,0,0.04922211915254593
flux_fill_sd_3_5_large,2393971707,1,0.18359363079071045
flux_fill_sd_3_5_large,2474776724,0,0.038178276270627975
flux_fill_sd_3_5_large,2474776724,1,0.8933094143867493
flux_fill_sd_3_5_large,2910885196,0,0.04922211915254593
flux_fill_sd_3_5_large,2910885196,1,0.21011725068092346
flux_fill_sd_3_5_large,5199439325,0,0.05623634159564972
flux_fill_sd_3_5_large,5199439325,1,0.9046505093574524
flux_fill_sd_3_5_large,2786245676,0,0.9284088015556335
flux_fill_sd_3_5_large,2786245676,1,0.5708996057510376
flux_fill_sd_3_5_large,7610186624,0,0.0446808747947216
flux_fill_sd_3_5_large,7610186624,1,0.8832359910011292
flux_fill_sd_3_5_large,8038092309,0,0.029986508190631866
flux_fill_sd_3_5_large,8038092309,1,0.22439520061016083
flux_fill_sd_3_5_large,2123995873,0,0.030444350093603134
flux_fill_sd_3_5_large,2123995873,1,0.13846179842948914
flux_fill_sd_3_5_large,852427632,0,0.039048291742801666
flux_fill_sd_3_5_large,852427632,1,0.5150101780891418
flux_fill_sd_3_5_large,4885036157,0,0.046378206461668015
flux_fill_sd_3_5_large,4885036157,1,0.15713685750961304
flux_fill_sd_3_5_large,6632464405,0,0.05108273774385452
flux_fill_sd_3_5_large,6632464405,1,0.13753247261047363
flux_fill_sd_3_5_large,3522989916,0,0.038178276270627975
flux_fill_sd_3_5_large,3522989916,1,0.04778006672859192
flux_fill_sd_3_5_large,5901845159,0,0.04742587357759476
flux_fill_sd_3_5_large,5901845159,1,0.14080817997455597
flux_fill_sd_3_5_large,4326893429,0,0.05921025201678276
flux_fill_sd_3_5_large,4326893429,1,0.8661325573921204
flux_fill_sd_3_5_large,2584487952,0,0.0427221953868866
flux_fill_sd_3_5_large,2584487952,1,0.06371499598026276
flux_fill_sd_3_5_large,2335428699,0,0.0443485826253891
flux_fill_sd_3_5_large,2335428699,1,0.7178037762641907
flux_fill_sd_3_5_large,3416050480,0,0.896975576877594
flux_fill_sd_3_5_large,3416050480,1,0.04958902671933174
flux_fill_sd_3_5_large,3597715122,0,0.04603390023112297
flux_fill_sd_3_5_large,3597715122,1,0.23405632376670837
flux_fill_sd_3_5_large,128395402,0,0.08882028609514236
flux_fill_sd_3_5_large,128395402,1,0.13892842829227448
flux_fill_sd_3_5_large,2507182524,0,0.04742587357759476
flux_fill_sd_3_5_large,2507182524,1,0.2628418505191803
flux_fill_sd_3_5_large,2860432302,0,0.046378206461668015
flux_fill_sd_3_5_large,2860432302,1,0.4562886357307434
flux_fill_sd_3_5_large,3046312861,0,0.007460643537342548
flux_fill_sd_3_5_large,3046312861,1,0.879561185836792
flux_fill_sd_3_5_large,5661511556,0,0.049958523362874985
flux_fill_sd_3_5_large,5661511556,1,0.3208213150501251
flux_fill_sd_3_5_large,3357416302,0,0.05033063143491745
flux_fill_sd_3_5_large,3357416302,1,0.21076630055904388
flux_fill_sd_3_5_large,6043589490,0,0.04535257816314697
flux_fill_sd_3_5_large,6043589490,1,0.18772760033607483
flux_fill_sd_3_5_large,2822265828,0,0.03649376705288887
flux_fill_sd_3_5_large,2822265828,1,0.10123348236083984
flux_fill_sd_3_5_large,2254913901,0,0.08882028609514236
flux_fill_sd_3_5_large,2254913901,1,0.16451644897460938
flux_fill_sd_3_5_large,170405864,0,0.04240383207798004
flux_fill_sd_3_5_large,170405864,1,0.1555909812450409
flux_fill_sd_3_5_large,2256447557,0,0.05541279539465904
flux_fill_sd_3_5_large,2256447557,1,0.05964694544672966
flux_fill_sd_3_5_large,2422482455,0,0.0427221953868866
flux_fill_sd_3_5_large,2422482455,1,0.06418264657258987
flux_fill_sd_3_5_large,6870585516,0,0.048496004194021225
flux_fill_sd_3_5_large,6870585516,1,0.0443485826253891
flux_fill_sd_3_5_large,2219805467,0,0.6597340106964111
flux_fill_sd_3_5_large,2219805467,1,0.8158201575279236
flux_fill_sd_3_5_large,3456579559,0,0.05070536211133003
flux_fill_sd_3_5_large,3456579559,1,0.06656918674707413
flux_fill_sd_3_5_large,427936315,0,0.03138043358922005
flux_fill_sd_3_5_large,427936315,1,0.11636176705360413
flux_fill_sd_3_5_large,2741990005,0,0.12984342873096466
flux_fill_sd_3_5_large,2741990005,1,0.23686911165714264
flux_fill_sd_3_5_large,4704083135,0,0.04958902671933174
flux_fill_sd_3_5_large,4704083135,1,0.09534946084022522
flux_fill_sd_3_5_large,7738368186,0,0.06754669547080994
flux_fill_sd_3_5_large,7738368186,1,0.1037486270070076
flux_fill_sd_3_5_large,2922807898,0,0.06371499598026276
flux_fill_sd_3_5_large,2922807898,1,0.2689414322376251
flux_fill_sd_3_5_large,21514026,0,0.02080448903143406
flux_fill_sd_3_5_large,21514026,1,0.285770446062088
flux_fill_sd_3_5_large,118939364,0,0.048496004194021225
flux_fill_sd_3_5_large,118939364,1,0.14175599813461304
flux_fill_sd_3_5_large,74759622,0,0.04885777831077576
flux_fill_sd_3_5_large,74759622,1,0.36251774430274963
flux_fill_sd_3_5_large,4071750215,0,0.07055959850549698
flux_fill_sd_3_5_large,4071750215,1,0.6229182481765747
flux_fill_sd_3_5_large,3893510114,0,0.042087726294994354
flux_fill_sd_3_5_large,3893510114,1,0.06325051933526993
flux_fill_sd_3_5_large,3477315700,0,0.22135069966316223
flux_fill_sd_3_5_large,3477315700,1,0.12210386246442795
flux_fill_sd_3_5_large,4857558207,0,0.04958902671933174
flux_fill_sd_3_5_large,4857558207,1,0.08632348477840424
flux_fill_sd_3_5_large,137444466,0,0.01798621006309986
flux_fill_sd_3_5_large,137444466,1,0.1475551873445511
flux_fill_sd_3_5_large,3819214047,0,0.06142403930425644
flux_fill_sd_3_5_large,3819214047,1,0.1525365114212036
flux_fill_sd_3_5_large,5504963988,0,0.0541987270116806
flux_fill_sd_3_5_large,5504963988,1,0.6588566303253174
flux_fill_sd_3_5_large,470887785,0,0.02161533385515213
flux_fill_sd_3_5_large,470887785,1,0.3510885536670685
flux_fill_sd_3_5_large,4397606831,0,0.0541987270116806
flux_fill_sd_3_5_large,4397606831,1,0.18242551386356354
flux_fill_sd_3_5_large,3272847211,0,0.043365802615880966
flux_fill_sd_3_5_large,3272847211,1,0.1949802190065384
flux_fill_sd_3_5_large,3691394196,0,0.0384661927819252
flux_fill_sd_3_5_large,3691394196,1,0.03963884338736534
flux_fill_sd_3_5_large,62057380,0,0.0534033328294754
flux_fill_sd_3_5_large,62057380,1,0.08694165199995041
flux_fill_sd_3_5_large,191592626,0,0.053799644112586975
flux_fill_sd_3_5_large,191592626,1,0.8484706878662109
flux_fill_sd_3_5_large,3761067976,0,0.055005282163619995
flux_fill_sd_3_5_large,3761067976,1,0.1550784707069397
flux_fill_sd_3_5_large,3084472304,0,0.04501553252339363
flux_fill_sd_3_5_large,3084472304,1,0.8991213440895081
flux_fill_sd_3_5_large,4606522320,0,0.05749327689409256
flux_fill_sd_3_5_large,4606522320,1,0.6304574012756348
flux_fill_sd_3_5_large,4361156028,0,0.04885777831077576
flux_fill_sd_3_5_large,4361156028,1,0.07751765847206116
flux_fill_sd_3_5_large,2324963565,0,0.04535257816314697
flux_fill_sd_3_5_large,2324963565,1,0.37068089842796326
flux_fill_sd_3_5_large,1389264266,0,0.030908960849046707
flux_fill_sd_3_5_large,1389264266,1,0.03649376705288887
flux_fill_sd_3_5_large,129662899,0,0.027169233188033104
flux_fill_sd_3_5_large,129662899,1,0.06097518280148506
flux_fill_sd_3_5_large,3326249355,0,0.04707418009638786
flux_fill_sd_3_5_large,3326249355,1,0.41513592004776
flux_fill_sd_3_5_large,2176874361,0,0.0627892017364502
flux_fill_sd_3_5_large,2176874361,1,0.18653921782970428
flux_fill_sd_3_5_large,247189554,0,0.11716748028993607
flux_fill_sd_3_5_large,247189554,1,0.8344069123268127
flux_fill_sd_3_5_large,241347243,0,0.06233103945851326
flux_fill_sd_3_5_large,241347243,1,0.1127953976392746
flux_fill_sd_3_5_large,3347798761,0,0.5393471717834473
flux_fill_sd_3_5_large,3347798761,1,0.30528295040130615
flux_fill_sd_3_5_large,4974263771,0,0.03541072458028793
flux_fill_sd_3_5_large,4974263771,1,0.06187598407268524
flux_fill_sd_3_5_large,97138973,0,0.026355354115366936
flux_fill_sd_3_5_large,97138973,1,0.3036285638809204
flux_fill_sd_3_5_large,2281054343,0,0.02595735713839531
flux_fill_sd_3_5_large,2281054343,1,0.09467770159244537
flux_fill_sd_3_5_large,3063544435,0,0.06142403930425644
flux_fill_sd_3_5_large,3063544435,1,0.15456733107566833
flux_fill_sd_3_5_large,4631804601,0,0.04023794084787369
flux_fill_sd_3_5_large,4631804601,1,0.2934044897556305
flux_fill_sd_3_5_large,123101580,0,0.02498779445886612
flux_fill_sd_3_5_large,123101580,1,0.08509904146194458
flux_fill_sd_3_5_large,4775763666,0,0.014615669846534729
flux_fill_sd_3_5_large,4775763666,1,0.2833845913410187
flux_fill_sd_3_5_large,1012150929,0,0.04177388176321983
flux_fill_sd_3_5_large,1012150929,1,0.09501304477453232
flux_fill_sd_3_5_large,4787867133,0,0.03384403511881828
flux_fill_sd_3_5_large,4787867133,1,0.22884513437747955
flux_fill_sd_3_5_large,2806632713,0,0.04778006672859192
flux_fill_sd_3_5_large,2806632713,1,0.8504685759544373
flux_fill_sd_3_5_large,287212060,0,0.01615283451974392
flux_fill_sd_3_5_large,287212060,1,0.38006842136383057
flux_fill_sd_3_5_large,2723785828,0,0.030908960849046707
flux_fill_sd_3_5_large,2723785828,1,0.897335946559906
flux_fill_sd_3_5_large,6869365418,0,0.04958902671933174
flux_fill_sd_3_5_large,6869365418,1,0.5620863437652588
flux_fill_sd_3_5_large,269361490,0,0.02909075655043125
flux_fill_sd_3_5_large,269361490,1,0.22918997704982758
flux_fill_sd_3_5_large,2701892321,0,0.02931223064661026
flux_fill_sd_3_5_large,2701892321,1,0.48450204730033875
flux_fill_sd_3_5_large,1330645772,0,0.034358687698841095
flux_fill_sd_3_5_large,1330645772,1,0.18010665476322174
flux_fill_sd_3_5_large,179778822,0,0.043365802615880966
flux_fill_sd_3_5_large,179778822,1,0.8670357465744019
flux_fill_sd_3_5_large,3955157194,0,0.055005282163619995
flux_fill_sd_3_5_large,3955157194,1,0.1919327974319458
flux_fill_sd_3_5_large,2540884723,0,0.030908960849046707
flux_fill_sd_3_5_large,2540884723,1,0.14706452190876007
flux_fill_sd_3_5_large,388837010,0,0.022116590291261673
flux_fill_sd_3_5_large,388837010,1,0.12463856488466263
flux_fill_sd_3_5_large,4852819911,0,0.0384661927819252
flux_fill_sd_3_5_large,4852819911,1,0.05582313984632492
flux_fill_sd_3_5_large,3256274183,0,0.04672496020793915
flux_fill_sd_3_5_large,3256274183,1,0.07640768587589264
flux_fill_sd_3_5_large,3549006919,0,0.055005282163619995
flux_fill_sd_3_5_large,3549006919,1,0.28776782751083374
flux_fill_sd_3_5_large,2527628435,0,0.04672496020793915
flux_fill_sd_3_5_large,2527628435,1,0.13892842829227448
flux_fill_sd_3_5_large,7003919692,0,0.06954174488782883
flux_fill_sd_3_5_large,7003919692,1,0.4185780882835388
flux_fill_sd_3_5_large,4967261262,0,0.05623634159564972
flux_fill_sd_3_5_large,4967261262,1,0.6757646203041077
flux_fill_sd_3_5_large,5196783191,0,0.05582313984632492
flux_fill_sd_3_5_large,5196783191,1,0.7711548805236816
flux_fill_sd_3_5_large,5428390334,0,0.05964694544672966
flux_fill_sd_3_5_large,5428390334,1,0.10123348236083984
flux_fill_sd_3_5_large,3595080592,0,0.04885777831077576
flux_fill_sd_3_5_large,3595080592,1,0.9099069833755493
flux_fill_sd_3_5_large,6218244928,0,0.05707140266895294
flux_fill_sd_3_5_large,6218244928,1,0.7082125544548035
flux_fill_sd_3_5_large,1260816604,0,0.0446808747947216
flux_fill_sd_3_5_large,1260816604,1,0.13386750221252441
flux_fill_sd_3_5_large,2501548593,0,0.11318691074848175
flux_fill_sd_3_5_large,2501548593,1,0.22270014882087708
flux_fill_sd_3_5_large,3063054647,0,0.05184547230601311
flux_fill_sd_3_5_large,3063054647,1,0.21568095684051514
flux_fill_sd_3_5_large,4791975111,0,0.043691057711839676
flux_fill_sd_3_5_large,4791975111,1,0.2802222669124603
flux_fill_sd_3_5_large,1053116826,0,0.05146276578307152
flux_fill_sd_3_5_large,1053116826,1,0.13341520726680756
flux_fill_sd_3_5_large,6901412,0,0.03622005879878998
flux_fill_sd_3_5_large,6901412,1,0.34554681181907654
flux_fill_sd_3_5_large,2700788458,0,0.03138043358922005
flux_fill_sd_3_5_large,2700788458,1,0.2030746340751648
flux_fill_sd_3_5_large,378453580,0,0.03875619173049927
flux_fill_sd_3_5_large,378453580,1,0.4493623971939087
flux_fill_sd_3_5_large,3944497603,0,0.017712296918034554
flux_fill_sd_3_5_large,3944497603,1,0.07978201657533646
flux_fill_sd_3_5_large,393043864,0,0.05223085358738899
flux_fill_sd_3_5_large,393043864,1,0.5903069972991943
flux_fill_sd_3_5_large,2511798599,0,0.031618766486644745
flux_fill_sd_3_5_large,2511798599,1,0.3285294473171234
flux_fill_sd_3_5_large,241345522,0,0.03283695504069328
flux_fill_sd_3_5_large,241345522,1,0.42647090554237366
flux_fill_sd_3_5_large,5623287052,0,0.09009299427270889
flux_fill_sd_3_5_large,5623287052,1,0.7412996292114258
flux_fill_sd_3_5_large,292198220,0,0.04672496020793915
flux_fill_sd_3_5_large,292198220,1,0.2114168256521225
flux_fill_sd_3_5_large,1483574454,0,0.04742587357759476
flux_fill_sd_3_5_large,1483574454,1,0.07316471636295319
flux_fill_sd_3_5_large,6206278823,0,0.21337716281414032
flux_fill_sd_3_5_large,6206278823,1,0.28656840324401855
flux_fill_sd_3_5_large,2782480767,0,0.05223085358738899
flux_fill_sd_3_5_large,2782480767,1,0.12463856488466263
flux_fill_sd_3_5_large,3701699584,0,0.04054073989391327
flux_fill_sd_3_5_large,3701699584,1,0.14223188161849976
flux_fill_sd_3_5_large,4772885285,0,0.04603390023112297
flux_fill_sd_3_5_large,4772885285,1,0.10338596254587173
flux_fill_sd_3_5_large,4443088094,0,0.0378924235701561
flux_fill_sd_3_5_large,4443088094,1,0.055005282163619995
flux_fill_sd_3_5_large,4672132178,0,0.043365802615880966
flux_fill_sd_3_5_large,4672132178,1,0.06608537584543228
flux_fill_sd_3_5_large,2597958208,0,0.0443485826253891
flux_fill_sd_3_5_large,2597958208,1,0.2885691225528717
flux_fill_sd_3_5_large,7249187716,0,0.04535257816314697
flux_fill_sd_3_5_large,7249187716,1,0.22202469408512115
flux_fill_sd_3_5_large,77740577,0,0.026963500306010246
flux_fill_sd_3_5_large,77740577,1,0.501220703125
flux_fill_sd_3_5_large,2307118114,0,0.08819004893302917
flux_fill_sd_3_5_large,2307118114,1,0.1980641782283783
flux_fill_sd_3_5_large,2823575468,0,0.04742587357759476
flux_fill_sd_3_5_large,2823575468,1,0.8895288705825806
flux_fill_sd_3_5_large,213583123,0,0.05665242671966553
flux_fill_sd_3_5_large,213583123,1,0.9202179908752441
flux_fill_sd_3_5_large,6333818443,0,0.04569203406572342
flux_fill_sd_3_5_large,6333818443,1,0.2889702320098877
flux_fill_sd_3_5_large,3543294190,0,0.0446808747947216
flux_fill_sd_3_5_large,3543294190,1,0.1949802190065384
flux_fill_sd_3_5_large,3421131122,0,0.05665242671966553
flux_fill_sd_3_5_large,3421131122,1,0.9005298018455505
flux_fill_sd_3_5_large,439916996,0,0.03676946461200714
flux_fill_sd_3_5_large,439916996,1,0.24077460169792175
flux_fill_sd_3_5_large,4828433053,0,0.048136770725250244
flux_fill_sd_3_5_large,4828433053,1,0.7364006042480469
flux_fill_sd_3_5_large,2409312675,0,0.05184547230601311
flux_fill_sd_3_5_large,2409312675,1,0.09073548763990402
flux_fill_sd_3_5_large,4328528475,0,0.025371313095092773
flux_fill_sd_3_5_large,4328528475,1,0.167763352394104
flux_fill_sd_3_5_large,2922222717,0,0.02779562398791313
flux_fill_sd_3_5_large,2922222717,1,0.7509182095527649
flux_fill_sd_3_5_large,4673314291,0,0.03138043358922005
flux_fill_sd_3_5_large,4673314291,1,0.05033063143491745
flux_fill_sd_3_5_large,2222732183,0,0.03185885772109032
flux_fill_sd_3_5_large,2222732183,1,0.29057809710502625
flux_fill_sd_3_5_large,2877088081,0,0.07751765847206116
flux_fill_sd_3_5_large,2877088081,1,0.11240507662296295
flux_fill_sd_3_5_large,3731739486,0,0.049958523362874985
flux_fill_sd_3_5_large,3731739486,1,0.12210386246442795
flux_fill_sd_3_5_large,3944169186,0,0.039048291742801666
flux_fill_sd_3_5_large,3944169186,1,0.13477592170238495
flux_fill_sd_3_5_large,3279228339,0,0.05146276578307152
flux_fill_sd_3_5_large,3279228339,1,0.2549724578857422
flux_fill_sd_3_5_large,46663846,0,0.0443485826253891
flux_fill_sd_3_5_large,46663846,1,0.8856314420700073
flux_fill_sd_3_5_large,466877726,0,0.017309095710515976
flux_fill_sd_3_5_large,466877726,1,0.07055959850549698
flux_fill_sd_3_5_large,6274918824,0,0.03676946461200714
flux_fill_sd_3_5_large,6274918824,1,0.09842541813850403
flux_fill_sd_3_5_large,7212803242,0,0.12168575078248978
flux_fill_sd_3_5_large,7212803242,1,0.685528576374054
flux_fill_sd_3_5_large,143688205,0,0.09982065856456757
flux_fill_sd_3_5_large,143688205,1,0.08151975274085999
flux_fill_sd_3_5_large,618771382,0,0.07107366621494293
flux_fill_sd_3_5_large,618771382,1,0.665410578250885
flux_fill_sd_3_5_large,2463394631,0,0.029986508190631866
flux_fill_sd_3_5_large,2463394631,1,0.13706977665424347
flux_fill_sd_3_5_large,1138784872,0,0.05108273774385452
flux_fill_sd_3_5_large,1138784872,1,0.1901218295097351
flux_fill_sd_3_5_large,821599220,0,0.04707418009638786
flux_fill_sd_3_5_large,821599220,1,0.5360245108604431
flux_fill_sd_3_5_large,4716333601,0,0.03594832494854927
flux_fill_sd_3_5_large,4716333601,1,0.14804719388484955
flux_fill_sd_3_5_large,3019776218,0,0.05223085358738899
flux_fill_sd_3_5_large,3019776218,1,0.1041124165058136
flux_fill_sd_3_5_large,2088460083,0,0.02080448903143406
flux_fill_sd_3_5_large,2088460083,1,0.8169911503791809
flux_fill_sd_3_5_large,6225843702,0,0.19436782598495483
flux_fill_sd_3_5_large,6225843702,1,0.1830088496208191
flux_fill_sd_3_5_large,305979887,0,0.043365802615880966
flux_fill_sd_3_5_large,305979887,1,0.5403175950050354
flux_fill_sd_3_5_large,4842876705,0,0.043691057711839676
flux_fill_sd_3_5_large,4842876705,1,0.07978201657533646
flux_fill_sd_3_5_large,2984174290,0,0.04535257816314697
flux_fill_sd_3_5_large,2984174290,1,0.87103670835495
flux_fill_sd_3_5_large,4441980889,0,0.05223085358738899
flux_fill_sd_3_5_large,4441980889,1,0.2643583416938782
flux_fill_sd_3_5_large,509778093,0,0.05541279539465904
flux_fill_sd_3_5_large,509778093,1,0.36931508779525757
flux_fill_sd_3_5_large,4912431886,0,0.03704717382788658
flux_fill_sd_3_5_large,4912431886,1,0.08945459872484207
flux_fill_sd_3_5_large,2955099064,0,0.024237636476755142
flux_fill_sd_3_5_large,2955099064,1,0.06560482829809189
flux_fill_sd_3_5_large,1737441377,0,0.043691057711839676
flux_fill_sd_3_5_large,1737441377,1,0.18713268637657166
flux_fill_sd_3_5_large,3223809913,0,0.053009770810604095
flux_fill_sd_3_5_large,3223809913,1,0.2075357437133789
flux_fill_sd_3_5_large,423782935,0,0.04023794084787369
flux_fill_sd_3_5_large,423782935,1,0.5839152932167053
flux_fill_sd_3_5_large,263233914,0,0.1259227693080902
flux_fill_sd_3_5_large,263233914,1,0.544195830821991
flux_fill_sd_3_5_large,6420396169,0,0.04742587357759476
flux_fill_sd_3_5_large,6420396169,1,0.9367494583129883
flux_fill_sd_3_5_large,4603099757,0,0.03934250399470329
flux_fill_sd_3_5_large,4603099757,1,0.8255897164344788
flux_fill_sd_3_5_large,2858456847,0,0.03210070729255676
flux_fill_sd_3_5_large,2858456847,1,0.1535491794347763
flux_fill_sd_3_5_large,1453366750,0,0.05223085358738899
flux_fill_sd_3_5_large,1453366750,1,0.9304582476615906
flux_fill_sd_3_5_large,3604391853,0,0.055005282163619995
flux_fill_sd_3_5_large,3604391853,1,0.21967211365699768
flux_fill_sd_3_5_large,2987588136,0,0.028652669861912727
flux_fill_sd_3_5_large,2987588136,1,0.44435378909111023
flux_fill_sd_3_5_large,4400746838,0,0.07807815819978714
flux_fill_sd_3_5_large,4400746838,1,0.8692712783813477
flux_fill_sd_3_5_large,401405215,0,0.04569203406572342
flux_fill_sd_3_5_large,401405215,1,0.16132023930549622
flux_fill_sd_3_5_large,4825458628,0,0.586759626865387
flux_fill_sd_3_5_large,4825458628,1,0.5525397062301636
flux_fill_sd_3_5_large,6059154572,0,0.08945459872484207
flux_fill_sd_3_5_large,6059154572,1,0.07978201657533646
flux_fill_sd_3_5_large,3514184232,0,0.0534033328294754
flux_fill_sd_3_5_large,3514184232,1,0.5727227926254272
flux_fill_sd_3_5_large,4474749623,0,0.031143832951784134
flux_fill_sd_3_5_large,4474749623,1,0.1196136623620987
flux_fill_sd_3_5_large,618797331,0,0.03488088771700859
flux_fill_sd_3_5_large,618797331,1,0.896251380443573
flux_fill_sd_3_5_large,2622624460,0,0.043042849749326706
flux_fill_sd_3_5_large,2622624460,1,0.07369627058506012
flux_fill_sd_3_5_large,400345058,0,0.9504110217094421
flux_fill_sd_3_5_large,400345058,1,0.3268083333969116
flux_fill_sd_3_5_large,3747007211,0,0.0427221953868866
flux_fill_sd_3_5_large,3747007211,1,0.06325051933526993
flux_fill_sd_3_5_large,3135826945,0,0.19620943069458008
flux_fill_sd_3_5_large,3135826945,1,0.4664810299873352
flux_fill_sd_3_5_large,2466420387,0,0.043691057711839676
flux_fill_sd_3_5_large,2466420387,1,0.31742629408836365
flux_fill_sd_3_5_large,506082695,0,0.05223085358738899
flux_fill_sd_3_5_large,506082695,1,0.5360700488090515
flux_fill_sd_3_5_large,312788070,0,0.046378206461668015
flux_fill_sd_3_5_large,312788070,1,0.3647775948047638
flux_fill_sd_3_5_large,511749704,0,0.04885777831077576
flux_fill_sd_3_5_large,511749704,1,0.7146279811859131
flux_fill_sd_3_5_large,5733760,0,0.05033063143491745
flux_fill_sd_3_5_large,5733760,1,0.6345432996749878
flux_fill_sd_3_5_large,86131617,0,0.0384661927819252
flux_fill_sd_3_5_large,86131617,1,0.06052938848733902
flux_fill_sd_3_5_large,6981038793,0,0.11162799596786499
flux_fill_sd_3_5_large,6981038793,1,0.06008664518594742
flux_fill_sd_3_5_large,3201517121,0,0.053009770810604095
flux_fill_sd_3_5_large,3201517121,1,0.5050047039985657
flux_fill_sd_3_5_large,97162852,0,0.04922211915254593
flux_fill_sd_3_5_large,97162852,1,0.15921740233898163
flux_fill_sd_3_5_large,3616525288,0,0.1127953976392746
flux_fill_sd_3_5_large,3616525288,1,0.2643583416938782
flux_fill_sd_3_5_large,2373932560,0,0.0427221953868866
flux_fill_sd_3_5_large,2373932560,1,0.6024124622344971
flux_fill_sd_3_5_large,4606967207,0,0.05582313984632492
flux_fill_sd_3_5_large,4606967207,1,0.22575780749320984
flux_fill_sd_3_5_large,3019609769,0,0.03594832494854927
flux_fill_sd_3_5_large,3019609769,1,0.4818195402622223
flux_fill_sd_3_5_large,86112875,0,0.034100428223609924
flux_fill_sd_3_5_large,86112875,1,0.1629120409488678
flux_fill_sd_3_5_large,3678098428,0,0.04535257816314697
flux_fill_sd_3_5_large,3678098428,1,0.499755859375
flux_fill_sd_3_5_large,439171995,0,0.04569203406572342
flux_fill_sd_3_5_large,439171995,1,0.15869519114494324
flux_fill_sd_3_5_large,4052515931,0,0.05108273774385452
flux_fill_sd_3_5_large,4052515931,1,0.1661335527896881
flux_fill_sd_3_5_large,1775223211,0,0.22884513437747955
flux_fill_sd_3_5_large,1775223211,1,0.4632014334201813
flux_fill_sd_3_5_large,3547000169,0,0.05707140266895294
flux_fill_sd_3_5_large,3547000169,1,0.09501304477453232
flux_fill_sd_3_5_large,20805896,0,0.055005282163619995
flux_fill_sd_3_5_large,20805896,1,0.6187804341316223
flux_fill_sd_3_5_large,3308171165,0,0.04707418009638786
flux_fill_sd_3_5_large,3308171165,1,0.12252321094274521
flux_fill_sd_3_5_large,463978865,0,0.26057755947113037
flux_fill_sd_3_5_large,463978865,1,0.0832919329404831
flux_fill_sd_3_5_large,4831683216,0,0.10594827681779861
flux_fill_sd_3_5_large,4831683216,1,0.9059898257255554
flux_fill_sd_3_5_large,2635938723,0,0.6109178066253662
flux_fill_sd_3_5_large,2635938723,1,0.9724147915840149
flux_fill_sd_3_5_large,3707585013,0,0.0541987270116806
flux_fill_sd_3_5_large,3707585013,1,0.05184547230601311
flux_fill_sd_3_5_large,4080351447,0,0.04778006672859192
flux_fill_sd_3_5_large,4080351447,1,0.11636176705360413
flux_fill_sd_3_5_large,3685373706,0,0.0541987270116806
flux_fill_sd_3_5_large,3685373706,1,0.1037486270070076
flux_fill_sd_3_5_large,3170122039,0,0.046378206461668015
flux_fill_sd_3_5_large,3170122039,1,0.9019206762313843
flux_fill_sd_3_5_large,3482974845,0,0.700894832611084
flux_fill_sd_3_5_large,3482974845,1,0.9130582809448242
flux_fill_sd_3_5_large,489134459,0,0.048136770725250244
flux_fill_sd_3_5_large,489134459,1,0.5576345324516296
flux_fill_sd_3_5_large,509987636,0,0.04240383207798004
flux_fill_sd_3_5_large,509987636,1,0.11636176705360413
flux_fill_sd_3_5_large,2822418176,0,0.07423136383295059
flux_fill_sd_3_5_large,2822418176,1,0.1208532303571701
flux_fill_sd_3_5_large,2640869832,0,0.057918086647987366
flux_fill_sd_3_5_large,2640869832,1,0.858244001865387
flux_fill_sd_3_5_large,5631556013,0,0.030214589089155197
flux_fill_sd_3_5_large,5631556013,1,0.4817890524864197
flux_fill_sd_3_5_large,3143991972,0,0.038178276270627975
flux_fill_sd_3_5_large,3143991972,1,0.07369627058506012
flux_fill_sd_3_5_large,2717110088,0,0.03993731737136841
flux_fill_sd_3_5_large,2717110088,1,0.37811458110809326
flux_fill_sd_3_5_large,4819772045,0,0.0627892017364502
flux_fill_sd_3_5_large,4819772045,1,0.33220207691192627
flux_fill_sd_3_5_large,4801764348,0,0.030675798654556274
flux_fill_sd_3_5_large,4801764348,1,0.2889702320098877
flux_fill_sd_3_5_large,3431671749,0,0.04672496020793915
flux_fill_sd_3_5_large,3431671749,1,0.07263670116662979
flux_fill_sd_3_5_large,3240637051,0,0.06705628335475922
flux_fill_sd_3_5_large,3240637051,1,0.07107366621494293
flux_fill_sd_3_5_large,3643981804,0,0.049958523362874985
flux_fill_sd_3_5_large,3643981804,1,0.06008664518594742
flux_fill_sd_3_5_large,7498713846,0,0.03993731737136841
flux_fill_sd_3_5_large,7498713846,1,0.11556088179349899
flux_fill_sd_3_5_large,5399620276,0,0.06325051933526993
flux_fill_sd_3_5_large,5399620276,1,0.0534033328294754
flux_fill_sd_3_5_large,3262645599,0,0.05665242671966553
flux_fill_sd_3_5_large,3262645599,1,0.9105454087257385
flux_fill_sd_3_5_large,241345770,0,0.029760094359517097
flux_fill_sd_3_5_large,241345770,1,0.46065282821655273
flux_fill_sd_3_5_large,4257619114,0,0.027376487851142883
flux_fill_sd_3_5_large,4257619114,1,0.61555016040802
flux_fill_sd_3_5_large,4912108775,0,0.034358687698841095
flux_fill_sd_3_5_large,4912108775,1,0.2140335589647293
flux_fill_sd_3_5_large,4024098174,0,0.049958523362874985
flux_fill_sd_3_5_large,4024098174,1,0.914290726184845
flux_fill_sd_3_5_large,2741051940,0,0.04535257816314697
flux_fill_sd_3_5_large,2741051940,1,0.0832919329404831
flux_fill_sd_3_5_large,3880366728,0,0.02615562081336975
flux_fill_sd_3_5_large,3880366728,1,0.2628418505191803
flux_fill_sd_3_5_large,1234206849,0,0.024237636476755142
flux_fill_sd_3_5_large,1234206849,1,0.06560482829809189
flux_fill_sd_3_5_large,1285874746,0,0.05033063143491745
flux_fill_sd_3_5_large,1285874746,1,0.2786492109298706
flux_fill_sd_3_5_large,7330749240,0,0.05665242671966553
flux_fill_sd_3_5_large,7330749240,1,0.13892842829227448
flux_fill_sd_3_5_large,3344040145,0,0.039048291742801666
flux_fill_sd_3_5_large,3344040145,1,0.08756384998559952
flux_fill_sd_3_5_large,3539817989,0,0.01912403665482998
flux_fill_sd_3_5_large,3539817989,1,0.09138210862874985
flux_fill_sd_3_5_large,965444691,0,0.022116590291261673
flux_fill_sd_3_5_large,965444691,1,0.2240554690361023
flux_fill_sd_3_5_large,4797050581,0,0.04922211915254593
flux_fill_sd_3_5_large,4797050581,1,0.14128142595291138
flux_fill_sd_3_5_large,1408958345,0,0.09138210862874985
flux_fill_sd_3_5_large,1408958345,1,0.9257686138153076
flux_fill_sd_3_5_large,3880726770,0,0.034358687698841095
flux_fill_sd_3_5_large,3880726770,1,0.2372223287820816
flux_fill_sd_3_5_large,2382950929,0,0.34775859117507935
flux_fill_sd_3_5_large,2382950929,1,0.425426185131073
flux_fill_sd_3_5_large,2391442557,0,0.04535257816314697
flux_fill_sd_3_5_large,2391442557,1,0.1841798573732376
flux_fill_sd_3_5_large,234374617,0,0.04023794084787369
flux_fill_sd_3_5_large,234374617,1,0.3199707269668579
flux_fill_sd_3_5_large,369047365,0,0.3361130952835083
flux_fill_sd_3_5_large,369047365,1,0.41051992774009705
flux_fill_sd_3_5_large,5870701819,0,0.053799644112586975
flux_fill_sd_3_5_large,5870701819,1,0.8504685759544373
flux_fill_sd_3_5_large,259510411,0,0.05033063143491745
flux_fill_sd_3_5_large,259510411,1,0.11124120652675629
flux_fill_sd_3_5_large,1417941060,0,0.04535257816314697
flux_fill_sd_3_5_large,1417941060,1,0.8665847778320312
flux_fill_sd_3_5_large,1733853950,0,0.04672496020793915
flux_fill_sd_3_5_large,1733853950,1,0.06142403930425644
flux_fill_sd_3_5_large,4966861386,0,0.04569203406572342
flux_fill_sd_3_5_large,4966861386,1,0.18713268637657166
flux_fill_sd_3_5_large,4478063110,0,0.11716748028993607
flux_fill_sd_3_5_large,4478063110,1,0.7606506943702698
flux_fill_sd_3_5_large,473323374,0,0.043365802615880966
flux_fill_sd_3_5_large,473323374,1,0.2454465627670288
flux_fill_sd_3_5_large,2307757311,0,0.043365802615880966
flux_fill_sd_3_5_large,2307757311,1,0.03676946461200714
flux_fill_sd_3_5_large,2705922624,0,0.03875619173049927
flux_fill_sd_3_5_large,2705922624,1,0.363646924495697
flux_fill_sd_3_5_large,2321865325,0,0.06512755155563354
flux_fill_sd_3_5_large,2321865325,1,0.07004895806312561
flux_fill_sd_3_5_large,4442382200,0,0.03649376705288887
flux_fill_sd_3_5_large,4442382200,1,0.13072869181632996
flux_fill_sd_3_5_large,1961696686,0,0.05108273774385452
flux_fill_sd_3_5_large,1961696686,1,0.2546016275882721
flux_fill_sd_3_5_large,2667242810,0,0.04240383207798004
flux_fill_sd_3_5_large,2667242810,1,0.4098111391067505
flux_fill_sd_3_5_large,4876517154,0,0.046378206461668015
flux_fill_sd_3_5_large,4876517154,1,0.38606879115104675
flux_fill_sd_3_5_large,2641049916,0,0.06142403930425644
flux_fill_sd_3_5_large,2641049916,1,0.10781264305114746
flux_fill_sd_3_5_large,3169184260,0,0.04177388176321983
flux_fill_sd_3_5_large,3169184260,1,0.9136765599250793
flux_fill_sd_3_5_large,3669527584,0,0.04742587357759476
flux_fill_sd_3_5_large,3669527584,1,0.6270381808280945
flux_fill_sd_3_5_large,4677535056,0,0.03185885772109032
flux_fill_sd_3_5_large,4677535056,1,0.12852513790130615
flux_fill_sd_3_5_large,3486831654,0,0.04707418009638786
flux_fill_sd_3_5_large,3486831654,1,0.3559987246990204
flux_fill_sd_3_5_large,4567003374,0,0.04707418009638786
flux_fill_sd_3_5_large,4567003374,1,0.12984342873096466
flux_fill_sd_3_5_large,5430267989,0,0.0427221953868866
flux_fill_sd_3_5_large,5430267989,1,0.5508489608764648
flux_fill_sd_3_5_large,140774394,0,0.03934250399470329
flux_fill_sd_3_5_large,140774394,1,0.1661335527896881
flux_fill_sd_3_5_large,380752558,0,0.04240383207798004
flux_fill_sd_3_5_large,380752558,1,0.1037486270070076
flux_fill_sd_3_5_large,2324804923,0,0.07864238321781158
flux_fill_sd_3_5_large,2324804923,1,0.15974101424217224
flux_fill_sd_3_5_large,434932657,0,0.04672496020793915
flux_fill_sd_3_5_large,434932657,1,0.12043881416320801
flux_fill_sd_3_5_large,6870444330,0,0.053009770810604095
flux_fill_sd_3_5_large,6870444330,1,0.2538610100746155
flux_fill_sd_3_5_large,1089755335,0,0.0541987270116806
flux_fill_sd_3_5_large,1089755335,1,0.03963884338736534
flux_fill_sd_3_5_large,4569926879,0,0.034100428223609924
flux_fill_sd_3_5_large,4569926879,1,0.14128142595291138
flux_fill_sd_3_5_large,2319389144,0,0.04401865229010582
flux_fill_sd_3_5_large,2319389144,1,0.0541987270116806
flux_fill_sd_3_5_large,617782839,0,0.03934250399470329
flux_fill_sd_3_5_large,617782839,1,0.45550134778022766
flux_fill_sd_3_5_large,3298573714,0,0.05184547230601311
flux_fill_sd_3_5_large,3298573714,1,0.043691057711839676
flux_fill_sd_3_5_large,4472750626,0,0.03185885772109032
flux_fill_sd_3_5_large,4472750626,1,0.1919327974319458
flux_fill_sd_3_5_large,4050916276,0,0.30115649104118347
flux_fill_sd_3_5_large,4050916276,1,0.07107366621494293
flux_fill_sd_3_5_large,411678041,0,0.04240383207798004
flux_fill_sd_3_5_large,411678041,1,0.09947021305561066
flux_fill_sd_3_5_large,4633043171,0,0.053009770810604095
flux_fill_sd_3_5_large,4633043171,1,0.2869678735733032
flux_fill_sd_3_5_large,2904714989,0,0.04778006672859192
flux_fill_sd_3_5_large,2904714989,1,0.11797802150249481
flux_fill_sd_3_5_large,3094034946,0,0.03649376705288887
flux_fill_sd_3_5_large,3094034946,1,0.09739039838314056
flux_fill_sd_3_5_large,3745405944,0,0.03258974477648735
flux_fill_sd_3_5_large,3745405944,1,0.6113819479942322
flux_fill_sd_3_5_large,5892931627,0,0.0446808747947216
flux_fill_sd_3_5_large,5892931627,1,0.07369627058506012
flux_fill_sd_3_5_large,2641098920,0,0.01971912570297718
flux_fill_sd_3_5_large,2641098920,1,0.7457688450813293
flux_fill_sd_3_5_large,3549614763,0,0.0443485826253891
flux_fill_sd_3_5_large,3549614763,1,0.5411057472229004
flux_fill_sd_3_5_large,1286805224,0,0.0534033328294754
flux_fill_sd_3_5_large,1286805224,1,0.6568784117698669
flux_fill_sd_3_5_large,6152180229,0,0.05223085358738899
flux_fill_sd_3_5_large,6152180229,1,0.4186375141143799
flux_fill_sd_3_5_large,2683823978,0,0.034358687698841095
flux_fill_sd_3_5_large,2683823978,1,0.14463144540786743
flux_fill_sd_3_5_large,2905200744,0,0.0446808747947216
flux_fill_sd_3_5_large,2905200744,1,0.1041124165058136
flux_fill_sd_3_5_large,59303979,0,0.4364118278026581
flux_fill_sd_3_5_large,59303979,1,0.3023911118507385
flux_fill_sd_3_5_large,4838943023,0,0.038178276270627975
flux_fill_sd_3_5_large,4838943023,1,0.6980207562446594
flux_fill_sd_3_5_large,2503250992,0,0.026556573808193207
flux_fill_sd_3_5_large,2503250992,1,0.23370634019374847
flux_fill_sd_3_5_large,2678171436,0,0.04084571823477745
flux_fill_sd_3_5_large,2678171436,1,0.8816148638725281
flux_fill_sd_3_5_large,2047543321,0,0.01784873753786087
flux_fill_sd_3_5_large,2047543321,1,0.3298233151435852
flux_fill_sd_3_5_large,3036894037,0,0.053009770810604095
flux_fill_sd_3_5_large,3036894037,1,0.5399537086486816
flux_fill_sd_3_5_large,221596640,0,0.06008664518594742
flux_fill_sd_3_5_large,221596640,1,0.37845906615257263
flux_fill_sd_3_5_large,2874876837,0,0.04885777831077576
flux_fill_sd_3_5_large,2874876837,1,0.2120688110589981
flux_fill_sd_3_5_large,2298661279,0,0.0792103260755539
flux_fill_sd_3_5_large,2298661279,1,0.0792103260755539
flux_fill_sd_3_5_large,6474645169,0,0.05184547230601311
flux_fill_sd_3_5_large,6474645169,1,0.30445513129234314
flux_fill_sd_3_5_large,3121219649,0,0.04023794084787369
flux_fill_sd_3_5_large,3121219649,1,0.39280256628990173
flux_fill_sd_3_5_large,5456862756,0,0.05033063143491745
flux_fill_sd_3_5_large,5456862756,1,0.24256429076194763
flux_fill_sd_3_5_large,2856524322,0,0.05146276578307152
flux_fill_sd_3_5_large,2856524322,1,0.35064369440078735
flux_fill_sd_3_5_large,4347441967,0,0.043365802615880966
flux_fill_sd_3_5_large,4347441967,1,0.12896330654621124
flux_fill_sd_3_5_large,3745474894,0,0.04177388176321983
flux_fill_sd_3_5_large,3745474894,1,0.07585817575454712
flux_fill_sd_3_5_large,3157745346,0,0.031143832951784134
flux_fill_sd_3_5_large,3157745346,1,0.5360700488090515
flux_fill_sd_3_5_large,4062259729,0,0.04958902671933174
flux_fill_sd_3_5_large,4062259729,1,0.09401018917560577
flux_fill_sd_3_5_large,456299217,0,0.06954174488782883
flux_fill_sd_3_5_large,456299217,1,0.07159119844436646
flux_fill_sd_3_5_large,311619377,0,0.04177388176321983
flux_fill_sd_3_5_large,311619377,1,0.10894504189491272
flux_fill_sd_3_5_large,7940321892,0,0.04569203406572342
flux_fill_sd_3_5_large,7940321892,1,0.09807932376861572
flux_fill_sd_3_5_large,4655361417,0,0.13846179842948914
flux_fill_sd_3_5_large,4655361417,1,0.08269733935594559
flux_fill_sd_3_5_large,2471447879,0,0.04146227240562439
flux_fill_sd_3_5_large,2471447879,1,0.052618954330682755
flux_fill_sd_3_5_large,137444523,0,0.02228618785738945
flux_fill_sd_3_5_large,137444523,1,0.7065955400466919
flux_fill_sd_3_5_large,3332248667,0,0.046378206461668015
flux_fill_sd_3_5_large,3332248667,1,0.07211220264434814
flux_fill_sd_3_5_large,5691210724,0,0.05033063143491745
flux_fill_sd_3_5_large,5691210724,1,0.9385759830474854
flux_fill_sd_3_5_large,1810651611,0,0.043042849749326706
flux_fill_sd_3_5_large,1810651611,1,0.05834583565592766
flux_fill_sd_3_5_large,4734162520,0,0.03649376705288887
flux_fill_sd_3_5_large,4734162520,1,0.11716748028993607
flux_fill_sd_3_5_large,7012109893,0,0.04922211915254593
flux_fill_sd_3_5_large,7012109893,1,0.36161547899246216
flux_fill_sd_3_5_large,7645680482,0,0.04707418009638786
flux_fill_sd_3_5_large,7645680482,1,0.0534033328294754
flux_fill_sd_3_5_large,2127166904,0,0.05223085358738899
flux_fill_sd_3_5_large,2127166904,1,0.07107366621494293
flux_fill_sd_3_5_large,3334866049,0,0.05033063143491745
flux_fill_sd_3_5_large,3334866049,1,0.2913839817047119
flux_fill_sd_3_5_large,3367399,0,0.04240383207798004
flux_fill_sd_3_5_large,3367399,1,0.28937169909477234
flux_fill_sd_3_5_large,3149038044,0,0.034618839621543884
flux_fill_sd_3_5_large,3149038044,1,0.7676898241043091
flux_fill_sd_3_5_large,450688968,0,0.03760863468050957
flux_fill_sd_3_5_large,450688968,1,0.18535663187503815
flux_fill_sd_3_5_large,4401136784,0,0.05146276578307152
flux_fill_sd_3_5_large,4401136784,1,0.2818007469177246
flux_fill_sd_3_5_large,4818675994,0,0.0333368219435215
flux_fill_sd_3_5_large,4818675994,1,0.33982762694358826
flux_fill_sd_3_5_large,345852737,0,0.05108273774385452
flux_fill_sd_3_5_large,345852737,1,0.2693256139755249
flux_fill_sd_3_5_large,5925544950,0,0.03704717382788658
flux_fill_sd_3_5_large,5925544950,1,0.5434690713882446
flux_fill_sd_3_5_large,4183662919,0,0.022977370768785477
flux_fill_sd_3_5_large,4183662919,1,0.7329742908477783
flux_fill_sd_3_5_large,4684005479,0,0.04707418009638786
flux_fill_sd_3_5_large,4684005479,1,0.18010665476322174
flux_fill_sd_3_5_large,253800791,0,0.05070536211133003
flux_fill_sd_3_5_large,253800791,1,0.9433475732803345
flux_fill_sd_3_5_large,8138745455,0,0.05184547230601311
flux_fill_sd_3_5_large,8138745455,1,0.09670579433441162
flux_fill_sd_3_5_large,95795877,0,0.05033063143491745
flux_fill_sd_3_5_large,95795877,1,0.04146227240562439
flux_fill_sd_3_5_large,6381062375,0,0.04240383207798004
flux_fill_sd_3_5_large,6381062375,1,0.1755380630493164
flux_fill_sd_3_5_large,4712636240,0,0.024237636476755142
flux_fill_sd_3_5_large,4712636240,1,0.6057990789413452
flux_fill_sd_3_5_large,3194533056,0,0.04401865229010582
flux_fill_sd_3_5_large,3194533056,1,0.34842339158058167
flux_fill_sd_3_5_large,4668948309,0,0.02779562398791313
flux_fill_sd_3_5_large,4668948309,1,0.6774740219116211
flux_fill_sd_3_5_large,268365231,0,0.030908960849046707
flux_fill_sd_3_5_large,268365231,1,0.5451949238777161
flux_fill_sd_3_5_large,4631131293,0,0.025760561227798462
flux_fill_sd_3_5_large,4631131293,1,0.19072401523590088
flux_fill_sd_3_5_large,1387014885,0,0.025565212592482567
flux_fill_sd_3_5_large,1387014885,1,0.3081902265548706
flux_fill_sd_3_5_large,2952320230,0,0.06804042309522629
flux_fill_sd_3_5_large,2952320230,1,0.08945459872484207
flux_fill_sd_3_5_large,6841943688,0,0.05108273774385452
flux_fill_sd_3_5_large,6841943688,1,0.10087861120700836
flux_fill_sd_3_5_large,4333374998,0,0.04535257816314697
flux_fill_sd_3_5_large,4333374998,1,0.30466198921203613
flux_fill_sd_3_5_large,3468635980,0,0.01332514826208353
flux_fill_sd_3_5_large,3468635980,1,0.3905920684337616
flux_fill_sd_3_5_large,3125628091,0,0.10521053522825241
flux_fill_sd_3_5_large,3125628091,1,0.6943026781082153
flux_fill_sd_3_5_large,534570169,0,0.034618839621543884
flux_fill_sd_3_5_large,534570169,1,0.07978201657533646
flux_fill_sd_3_5_large,4447160600,0,0.04885777831077576
flux_fill_sd_3_5_large,4447160600,1,0.06608537584543228
flux_fill_sd_3_5_large,2209751,0,0.038178276270627975
flux_fill_sd_3_5_large,2209751,1,0.1233656108379364
flux_fill_sd_3_5_large,2723929323,0,0.0541987270116806
flux_fill_sd_3_5_large,2723929323,1,0.12252321094274521
flux_fill_sd_3_5_large,6589292543,0,0.05070536211133003
flux_fill_sd_3_5_large,6589292543,1,0.40886667370796204
flux_fill_sd_3_5_large,3351586010,0,0.0378924235701561
flux_fill_sd_3_5_large,3351586010,1,0.2620856761932373
flux_fill_sd_3_5_large,3241531692,0,0.05877656117081642
flux_fill_sd_3_5_large,3241531692,1,0.23616373538970947
flux_fill_sd_3_5_large,4879951396,0,0.08632348477840424
flux_fill_sd_3_5_large,4879951396,1,0.1127953976392746
flux_fill_sd_3_5_large,3560502528,0,0.048496004194021225
flux_fill_sd_3_5_large,3560502528,1,0.05460060387849808
flux_fill_sd_3_5_large,3655074079,0,0.043042849749326706
flux_fill_sd_3_5_large,3655074079,1,0.3378585875034332
flux_fill_sd_3_5_large,4491044489,0,0.20434190332889557
flux_fill_sd_3_5_large,4491044489,1,0.24508501589298248
flux_fill_sd_3_5_large,3105623068,0,0.04742587357759476
flux_fill_sd_3_5_large,3105623068,1,0.3555510938167572
flux_fill_sd_3_5_large,3965771582,0,0.05108273774385452
flux_fill_sd_3_5_large,3965771582,1,0.1041124165058136
flux_fill_sd_3_5_large,6839984356,0,0.13568954169750214
flux_fill_sd_3_5_large,6839984356,1,0.09334687888622284
flux_fill_sd_3_5_large,2103080234,0,0.05033063143491745
flux_fill_sd_3_5_large,2103080234,1,0.31869715452194214
flux_fill_sd_3_5_large,33497646,0,0.6893056035041809
flux_fill_sd_3_5_large,33497646,1,0.267408162355423
flux_fill_sd_3_5_large,3590753142,0,0.053009770810604095
flux_fill_sd_3_5_large,3590753142,1,0.2901756167411804
flux_fill_sd_3_5_large,3784574313,0,0.04115288704633713
flux_fill_sd_3_5_large,3784574313,1,0.06954174488782883
flux_fill_sd_3_5_large,2728607980,0,0.04742587357759476
flux_fill_sd_3_5_large,2728607980,1,0.11162799596786499
flux_fill_sd_3_5_large,575853856,0,0.07004895806312561
flux_fill_sd_3_5_large,575853856,1,0.31111282110214233
flux_fill_sd_3_5_large,6472693569,0,0.08509904146194458
flux_fill_sd_3_5_large,6472693569,1,0.8770562410354614
flux_fill_sd_3_5_large,7117115809,0,0.9161096215248108
flux_fill_sd_3_5_large,7117115809,1,0.3582407832145691
flux_fill_sd_3_5_large,7796487260,0,0.05749327689409256
flux_fill_sd_3_5_large,7796487260,1,0.6649755239486694
flux_fill_sd_3_5_large,3119887967,0,0.053799644112586975
flux_fill_sd_3_5_large,3119887967,1,0.15203224122524261
flux_fill_sd_3_5_large,6925158300,0,0.05223085358738899
flux_fill_sd_3_5_large,6925158300,1,0.16667540371418
flux_fill_sd_3_5_large,242558556,0,0.802555501461029
flux_fill_sd_3_5_large,242558556,1,0.2568320035934448
flux_fill_sd_3_5_large,3176499620,0,0.04177388176321983
flux_fill_sd_3_5_large,3176499620,1,0.09009299427270889
flux_fill_sd_3_5_large,4851268802,0,0.07211220264434814
flux_fill_sd_3_5_large,4851268802,1,0.04958902671933174
flux_fill_sd_3_5_large,3209564153,0,0.04778006672859192
flux_fill_sd_3_5_large,3209564153,1,0.0541987270116806
flux_fill_sd_3_5_large,3525978606,0,0.04535257816314697
flux_fill_sd_3_5_large,3525978606,1,0.37799975275993347
flux_fill_sd_3_5_large,3274495419,0,0.028870906680822372
flux_fill_sd_3_5_large,3274495419,1,0.1716158092021942
flux_fill_sd_3_5_large,3855173636,0,0.06052938848733902
flux_fill_sd_3_5_large,3855173636,1,0.7969253659248352
flux_fill_sd_3_5_large,2557922709,0,0.053799644112586975
flux_fill_sd_3_5_large,2557922709,1,0.2613309323787689
flux_fill_sd_3_5_large,2991994607,0,0.03258974477648735
flux_fill_sd_3_5_large,2991994607,1,0.13753247261047363
flux_fill_sd_3_5_large,4799951910,0,0.011508150026202202
flux_fill_sd_3_5_large,4799951910,1,0.17895591259002686
flux_fill_sd_3_5_large,4750766294,0,0.04084571823477745
flux_fill_sd_3_5_large,4750766294,1,0.2658804953098297
flux_fill_sd_3_5_large,3418462699,0,0.05070536211133003
flux_fill_sd_3_5_large,3418462699,1,0.6821503639221191
flux_fill_sd_3_5_large,3273892996,0,0.03934250399470329
flux_fill_sd_3_5_large,3273892996,1,0.2925953269004822
flux_fill_sd_3_5_large,54242432,0,0.030675798654556274
flux_fill_sd_3_5_large,54242432,1,0.5286551117897034
flux_fill_sd_3_5_large,3189464563,0,0.03875619173049927
flux_fill_sd_3_5_large,3189464563,1,0.6697448492050171
flux_fill_sd_3_5_large,4950889937,0,0.01578456163406372
flux_fill_sd_3_5_large,4950889937,1,0.13206614553928375
flux_fill_sd_3_5_large,2580707208,0,0.04240383207798004
flux_fill_sd_3_5_large,2580707208,1,0.9136765599250793
flux_fill_sd_3_5_large,6053720349,0,0.03488088771700859
flux_fill_sd_3_5_large,6053720349,1,0.6437773108482361
flux_fill_sd_3_5_large,7353914844,0,0.06052938848733902
flux_fill_sd_3_5_large,7353914844,1,0.37822940945625305
flux_fill_sd_3_5_large,4768270751,0,0.04672496020793915
flux_fill_sd_3_5_large,4768270751,1,0.8238958716392517
flux_fill_sd_3_5_large,492587970,0,0.04240383207798004
flux_fill_sd_3_5_large,492587970,1,0.5109845399856567
flux_fill_sd_3_5_large,125635185,0,0.03993731737136841
flux_fill_sd_3_5_large,125635185,1,0.367951363325119
flux_fill_sd_3_5_large,4876504906,0,0.05749327689409256
flux_fill_sd_3_5_large,4876504906,1,0.2845759987831116
flux_fill_sd_3_5_large,2875823162,0,0.034100428223609924
flux_fill_sd_3_5_large,2875823162,1,0.07864238321781158
flux_fill_sd_3_5_large,4781019036,0,0.029986508190631866
flux_fill_sd_3_5_large,4781019036,1,0.08509904146194458
flux_fill_sd_3_5_large,4749166996,0,0.0541987270116806
flux_fill_sd_3_5_large,4749166996,1,0.4264410138130188
flux_fill_sd_3_5_large,6188266707,0,0.053009770810604095
flux_fill_sd_3_5_large,6188266707,1,0.1037486270070076
flux_fill_sd_3_5_large,314800643,0,0.024237636476755142
flux_fill_sd_3_5_large,314800643,1,0.4350012540817261
flux_fill_sd_3_5_large,8143343377,0,0.05921025201678276
flux_fill_sd_3_5_large,8143343377,1,0.07585817575454712
flux_fill_sd_3_5_large,123997871,0,0.03993731737136841
flux_fill_sd_3_5_large,123997871,1,0.13799647986888885
flux_fill_sd_3_5_large,3676460610,0,0.08035746961832047
flux_fill_sd_3_5_large,3676460610,1,0.12896330654621124
flux_fill_sd_3_5_large,201314419,0,0.04707418009638786
flux_fill_sd_3_5_large,201314419,1,0.07423136383295059
flux_fill_sd_3_5_large,252846811,0,0.026556573808193207
flux_fill_sd_3_5_large,252846811,1,0.5763929486274719
flux_fill_sd_3_5_large,4980795412,0,0.048136770725250244
flux_fill_sd_3_5_large,4980795412,1,0.23616373538970947
flux_fill_sd_3_5_large,4410033566,0,0.053009770810604095
flux_fill_sd_3_5_large,4410033566,1,0.14463144540786743
flux_fill_sd_3_5_large,2607097757,0,0.038178276270627975
flux_fill_sd_3_5_large,2607097757,1,0.24508501589298248
flux_fill_sd_3_5_large,2414397449,0,0.08882028609514236
flux_fill_sd_3_5_large,2414397449,1,0.05623634159564972
flux_fill_sd_3_5_large,3399284917,0,0.09877259284257889
flux_fill_sd_3_5_large,3399284917,1,0.09401018917560577
flux_fill_sd_3_5_large,4623000836,0,0.026759283617138863
flux_fill_sd_3_5_large,4623000836,1,0.17050801217556
flux_fill_sd_3_5_large,154653766,0,0.04778006672859192
flux_fill_sd_3_5_large,154653766,1,0.08509904146194458
flux_fill_sd_3_5_large,3403263046,0,0.04240383207798004
flux_fill_sd_3_5_large,3403263046,1,0.9039745330810547
flux_fill_sd_3_5_large,4586247564,0,0.04401865229010582
flux_fill_sd_3_5_large,4586247564,1,0.06853749603033066
flux_fill_sd_3_5_large,2125626631,0,0.04742587357759476
flux_fill_sd_3_5_large,2125626631,1,0.06418264657258987
flux_fill_sd_3_5_large,1872000955,0,0.034358687698841095
flux_fill_sd_3_5_large,1872000955,1,0.2538610100746155
flux_fill_sd_3_5_large,4801849846,0,0.01065251138061285
flux_fill_sd_3_5_large,4801849846,1,0.1672186702489853
flux_fill_sd_3_5_large,5389294129,0,0.05582313984632492
flux_fill_sd_3_5_large,5389294129,1,0.05877656117081642
flux_fill_sd_3_5_large,3607969989,0,0.04885777831077576
flux_fill_sd_3_5_large,3607969989,1,0.1761041283607483
flux_fill_sd_3_5_large,3540241710,0,0.06705628335475922
flux_fill_sd_3_5_large,3540241710,1,0.6627964973449707
flux_fill_sd_3_5_large,3773298212,0,0.04742587357759476
flux_fill_sd_3_5_large,3773298212,1,0.09073548763990402
flux_fill_sd_3_5_large,5489602545,0,0.05184547230601311
flux_fill_sd_3_5_large,5489602545,1,0.18068422377109528
flux_fill_sd_3_5_large,558338473,0,0.04240383207798004
flux_fill_sd_3_5_large,558338473,1,0.4919440448284149
flux_fill_sd_3_5_large,3619322150,0,0.04054073989391327
flux_fill_sd_3_5_large,3619322150,1,0.9268352389335632
flux_fill_sd_3_5_large,3856155585,0,0.03993731737136841
flux_fill_sd_3_5_large,3856155585,1,0.048136770725250244
flux_fill_sd_3_5_large,101669240,0,0.048496004194021225
flux_fill_sd_3_5_large,101669240,1,0.21866938471794128
flux_fill_sd_3_5_large,3427233064,0,0.04922211915254593
flux_fill_sd_3_5_large,3427233064,1,0.5869964361190796
flux_fill_sd_3_5_large,19469520,0,0.0443485826253891
flux_fill_sd_3_5_large,19469520,1,0.07107366621494293
flux_fill_sd_3_5_large,83001714,0,0.038178276270627975
flux_fill_sd_3_5_large,83001714,1,0.16667540371418
flux_fill_sd_3_5_large,177591612,0,0.02931223064661026
flux_fill_sd_3_5_large,177591612,1,0.11476478725671768
flux_fill_sd_3_5_large,427736337,0,0.01243165135383606
flux_fill_sd_3_5_large,427736337,1,0.3631950318813324
flux_fill_sd_3_5_large,1546632452,0,0.05184547230601311
flux_fill_sd_3_5_large,1546632452,1,0.8134608268737793
flux_fill_sd_3_5_large,4631840705,0,0.03993731737136841
flux_fill_sd_3_5_large,4631840705,1,0.4990234673023224
flux_fill_sd_3_5_large,2757803246,0,0.4929509162902832
flux_fill_sd_3_5_large,2757803246,1,0.5730811953544617
flux_fill_sd_3_5_large,6927848734,0,0.03541072458028793
flux_fill_sd_3_5_large,6927848734,1,0.6601723432540894
flux_fill_sd_3_5_large,3362080042,0,0.04672496020793915
flux_fill_sd_3_5_large,3362080042,1,0.4248892068862915
flux_fill_sd_3_5_large,4940658755,0,0.04885777831077576
flux_fill_sd_3_5_large,4940658755,1,0.07585817575454712
flux_fill_sd_3_5_large,4903293024,0,0.04569203406572342
flux_fill_sd_3_5_large,4903293024,1,0.1352320909500122
flux_fill_sd_3_5_large,4016499639,0,0.03963884338736534
flux_fill_sd_3_5_large,4016499639,1,0.3019792139530182
flux_fill_sd_3_5_large,3809758561,0,0.04672496020793915
flux_fill_sd_3_5_large,3809758561,1,0.2458084672689438
flux_fill_sd_3_5_large,4736841029,0,0.048136770725250244
flux_fill_sd_3_5_large,4736841029,1,0.25534364581108093
flux_fill_sd_3_5_large,2284894733,0,0.03704717382788658
flux_fill_sd_3_5_large,2284894733,1,0.826151430606842
flux_fill_sd_3_5_large,2378356400,0,0.06560482829809189
flux_fill_sd_3_5_large,2378356400,1,0.09268777817487717
flux_fill_sd_3_5_large,541063419,0,0.0427221953868866
flux_fill_sd_3_5_large,541063419,1,0.6804540753364563
flux_fill_sd_3_5_large,4948865477,0,0.03760863468050957
flux_fill_sd_3_5_large,4948865477,1,0.06656918674707413
flux_fill_sd_3_5_large,3327761688,0,0.023870835080742836
flux_fill_sd_3_5_large,3327761688,1,0.16026602685451508
flux_fill_sd_3_5_large,637245791,0,0.03934250399470329
flux_fill_sd_3_5_large,637245791,1,0.08819004893302917
flux_fill_sd_3_5_large,2230363312,0,0.02909075655043125
flux_fill_sd_3_5_large,2230363312,1,0.3167918622493744
flux_fill_sd_3_5_large,2973269132,0,0.05223085358738899
flux_fill_sd_3_5_large,2973269132,1,0.29380956292152405
flux_fill_sd_3_5_large,2551602773,0,0.043042849749326706
flux_fill_sd_3_5_large,2551602773,1,0.1661335527896881
flux_fill_sd_3_5_large,732671252,0,0.05921025201678276
flux_fill_sd_3_5_large,732671252,1,0.15203224122524261
flux_fill_sd_3_5_large,3219606,0,0.015072628855705261
flux_fill_sd_3_5_large,3219606,1,0.7352616190910339
flux_fill_sd_3_5_large,905355838,0,0.027169233188033104
flux_fill_sd_3_5_large,905355838,1,0.1200256273150444
flux_fill_sd_3_5_large,4632869465,0,0.04778006672859192
flux_fill_sd_3_5_large,4632869465,1,0.2267836183309555
flux_fill_sd_3_5_large,281658181,0,0.05921025201678276
flux_fill_sd_3_5_large,281658181,1,0.4970703423023224
flux_fill_sd_3_5_large,3124455694,0,0.04535257816314697
flux_fill_sd_3_5_large,3124455694,1,0.0943434089422226
flux_fill_sd_3_5_large,3416339125,0,0.052618954330682755
flux_fill_sd_3_5_large,3416339125,1,0.6682310700416565
flux_fill_sd_3_5_large,2518853257,0,0.03676946461200714
flux_fill_sd_3_5_large,2518853257,1,0.43224313855171204
flux_fill_sd_3_5_large,5732777684,0,0.03594832494854927
flux_fill_sd_3_5_large,5732777684,1,0.06512755155563354
flux_fill_sd_3_5_large,1777816180,0,0.04922211915254593
flux_fill_sd_3_5_large,1777816180,1,0.8674854040145874
flux_fill_sd_3_5_large,5384132543,0,0.13072869181632996
flux_fill_sd_3_5_large,5384132543,1,0.22202469408512115
flux_fill_sd_3_5_large,2446830166,0,0.03934250399470329
flux_fill_sd_3_5_large,2446830166,1,0.1250653862953186
flux_fill_sd_3_5_large,288038357,0,0.024798160418868065
flux_fill_sd_3_5_large,288038357,1,0.11838509887456894
flux_fill_sd_3_5_large,6647904677,0,0.05108273774385452
flux_fill_sd_3_5_large,6647904677,1,0.3938511908054352
flux_fill_sd_3_5_large,620595746,0,0.05033063143491745
flux_fill_sd_3_5_large,620595746,1,0.9046505093574524
flux_fill_sd_3_5_large,1423997242,0,0.034358687698841095
flux_fill_sd_3_5_large,1423997242,1,0.10123348236083984
flux_fill_sd_3_5_large,4941418090,0,0.053009770810604095
flux_fill_sd_3_5_large,4941418090,1,0.21076630055904388
flux_fill_sd_3_5_large,3909552008,0,0.04084571823477745
flux_fill_sd_3_5_large,3909552008,1,0.7766229510307312
flux_fill_sd_3_5_large,1505686764,0,0.03649376705288887
flux_fill_sd_3_5_large,1505686764,1,0.11757213622331619
flux_fill_sd_3_5_large,4770745669,0,0.0541987270116806
flux_fill_sd_3_5_large,4770745669,1,0.167763352394104
flux_fill_sd_3_5_large,2752084369,0,0.037326883524656296
flux_fill_sd_3_5_large,2752084369,1,0.07751765847206116
flux_fill_sd_3_5_large,3466635681,0,0.15765489637851715
flux_fill_sd_3_5_large,3466635681,1,0.8210441470146179
flux_fill_sd_3_5_large,4152957260,0,0.18952108919620514
flux_fill_sd_3_5_large,4152957260,1,0.2505458891391754
flux_fill_sd_3_5_large,4977528001,0,0.04778006672859192
flux_fill_sd_3_5_large,4977528001,1,0.1841798573732376
flux_fill_sd_3_5_large,2167644298,0,0.04672496020793915
flux_fill_sd_3_5_large,2167644298,1,0.3905920684337616
flux_fill_sd_3_5_large,6191516871,0,0.0443485826253891
flux_fill_sd_3_5_large,6191516871,1,0.19930800795555115
flux_fill_sd_3_5_large,4569102627,0,0.0384661927819252
flux_fill_sd_3_5_large,4569102627,1,0.12852513790130615
flux_fill_sd_3_5_large,72010346,0,0.0120537793263793
flux_fill_sd_3_5_large,72010346,1,0.601359486579895
flux_fill_sd_3_5_large,4444686770,0,0.07107366621494293
flux_fill_sd_3_5_large,4444686770,1,0.2620856761932373
flux_fill_sd_3_5_large,3302986588,0,0.05223085358738899
flux_fill_sd_3_5_large,3302986588,1,0.18713268637657166
flux_fill_sd_3_5_large,4915658588,0,0.04535257816314697
flux_fill_sd_3_5_large,4915658588,1,0.09334687888622284
flux_fill_sd_3_5_large,5988551357,0,0.02843603491783142
flux_fill_sd_3_5_large,5988551357,1,0.16451644897460938
flux_fill_sd_3_5_large,230486268,0,0.04885777831077576
flux_fill_sd_3_5_large,230486268,1,0.08756384998559952
flux_fill_sd_3_5_large,3050606344,0,0.04742587357759476
flux_fill_sd_3_5_large,3050606344,1,0.3153141438961029
flux_fill_sd_3_5_large,3449846784,0,0.2075357437133789
flux_fill_sd_3_5_large,3449846784,1,0.10230470448732376
flux_fill_sd_3_5_large,4570151256,0,0.0753123089671135
flux_fill_sd_3_5_large,4570151256,1,0.2735743820667267
flux_fill_sd_3_5_large,3043510721,0,0.02615562081336975
flux_fill_sd_3_5_large,3043510721,1,0.07751765847206116
flux_fill_sd_3_5_large,4895355979,0,0.08570927381515503
flux_fill_sd_3_5_large,4895355979,1,0.6610482335090637
flux_fill_sd_3_5_large,390369,0,0.05033063143491745
flux_fill_sd_3_5_large,390369,1,0.13614831864833832
flux_fill_sd_3_5_large,3390808408,0,0.05146276578307152
flux_fill_sd_3_5_large,3390808408,1,0.1672186702489853
flux_fill_sd_3_5_large,3523559027,0,0.06371499598026276
flux_fill_sd_3_5_large,3523559027,1,0.08945459872484207
flux_fill_sd_3_5_large,2980901328,0,0.048496004194021225
flux_fill_sd_3_5_large,2980901328,1,0.05877656117081642
flux_fill_sd_3_5_large,582788646,0,0.05184547230601311
flux_fill_sd_3_5_large,582788646,1,0.8910549879074097
flux_fill_sd_3_5_large,4490635744,0,0.027169233188033104
flux_fill_sd_3_5_large,4490635744,1,0.09170696884393692
flux_fill_sd_3_5_large,3636936656,0,0.12984342873096466
flux_fill_sd_3_5_large,3636936656,1,0.10557884722948074
flux_fill_sd_3_5_large,6186146093,0,0.05184547230601311
flux_fill_sd_3_5_large,6186146093,1,0.3582407832145691
flux_fill_sd_3_5_large,345284642,0,0.04084571823477745
flux_fill_sd_3_5_large,345284642,1,0.7943849563598633
flux_fill_sd_3_5_large,3620764461,0,0.03875619173049927
flux_fill_sd_3_5_large,3620764461,1,0.26473838090896606
flux_fill_sd_3_5_large,141841337,0,0.014728613197803497
flux_fill_sd_3_5_large,141841337,1,0.26626187562942505
flux_fill_sd_3_5_large,4712411908,0,0.049958523362874985
flux_fill_sd_3_5_large,4712411908,1,0.09401018917560577
flux_fill_sd_3_5_large,4803926618,0,0.04603390023112297
flux_fill_sd_3_5_large,4803926618,1,0.804405927658081
flux_fill_sd_3_5_large,1625306051,0,0.0443485826253891
flux_fill_sd_3_5_large,1625306051,1,0.8856314420700073
flux_fill_sd_3_5_large,2515822745,0,0.04054073989391327
flux_fill_sd_3_5_large,2515822745,1,0.13660839200019836
flux_fill_sd_3_5_large,4328538175,0,0.029535336419939995
flux_fill_sd_3_5_large,4328538175,1,0.8068526387214661
flux_fill_sd_3_5_large,2202059975,0,0.04023794084787369
flux_fill_sd_3_5_large,2202059975,1,0.03514484688639641
flux_fill_sd_3_5_large,4316585644,0,0.048496004194021225
flux_fill_sd_3_5_large,4316585644,1,0.7272012233734131
flux_fill_sd_3_5_large,499165634,0,0.05541279539465904
flux_fill_sd_3_5_large,499165634,1,0.3019792139530182
flux_fill_sd_3_5_large,4734146340,0,0.024053553119301796
flux_fill_sd_3_5_large,4734146340,1,0.21535073220729828
flux_fill_sd_3_5_large,1160441615,0,0.05223085358738899
flux_fill_sd_3_5_large,1160441615,1,0.13660839200019836
flux_fill_sd_3_5_large,6958079140,0,0.04054073989391327
flux_fill_sd_3_5_large,6958079140,1,0.28776782751083374
flux_fill_sd_3_5_large,3562606482,0,0.02280263602733612
flux_fill_sd_3_5_large,3562606482,1,0.09073548763990402
flux_fill_sd_3_5_large,23016347,0,0.027585284784436226
flux_fill_sd_3_5_large,23016347,1,0.25017932057380676
flux_fill_sd_3_5_large,6194677011,0,0.05033063143491745
flux_fill_sd_3_5_large,6194677011,1,0.9019206762313843
flux_fill_sd_3_5_large,6774537791,0,0.02843603491783142
flux_fill_sd_3_5_large,6774537791,1,0.2598256468772888
flux_fill_sd_3_5_large,2577972703,0,0.04146227240562439
flux_fill_sd_3_5_large,2577972703,1,0.9066531658172607
flux_fill_sd_3_5_large,3221036999,0,0.05623634159564972
flux_fill_sd_3_5_large,3221036999,1,0.17838266491889954
flux_fill_sd_3_5_large,2797188545,0,0.04535257816314697
flux_fill_sd_3_5_large,2797188545,1,0.5061032176017761
flux_fill_sd_3_5_large,1181708011,0,0.03934250399470329
flux_fill_sd_3_5_large,1181708011,1,0.5904250144958496
flux_fill_sd_3_5_large,2978040423,0,0.06754669547080994
flux_fill_sd_3_5_large,2978040423,1,0.5969031453132629
flux_fill_sd_3_5_large,3249597269,0,0.04742587357759476
flux_fill_sd_3_5_large,3249597269,1,0.1650540828704834
flux_fill_sd_3_5_large,1066831905,0,0.02178117260336876
flux_fill_sd_3_5_large,1066831905,1,0.17328819632530212
flux_fill_sd_3_5_large,2844202978,0,0.0378924235701561
flux_fill_sd_3_5_large,2844202978,1,0.06804042309522629
flux_fill_sd_3_5_large,2363540508,0,0.0384661927819252
flux_fill_sd_3_5_large,2363540508,1,0.4137140214443207
flux_fill_sd_3_5_large,3353400143,0,0.05749327689409256
flux_fill_sd_3_5_large,3353400143,1,0.06656918674707413
flux_fill_sd_3_5_large,3362592729,0,0.04177388176321983
flux_fill_sd_3_5_large,3362592729,1,0.3957178294658661
flux_fill_sd_3_5_large,91875542,0,0.03875619173049927
flux_fill_sd_3_5_large,91875542,1,0.17217186093330383
flux_fill_sd_3_5_large,2507831979,0,0.018264278769493103
flux_fill_sd_3_5_large,2507831979,1,0.46490156650543213
flux_fill_sd_3_5_large,2841909138,0,0.04177388176321983
flux_fill_sd_3_5_large,2841909138,1,0.5478269457817078
flux_fill_sd_3_5_large,462383841,0,0.05582313984632492
flux_fill_sd_3_5_large,462383841,1,0.8062431216239929
flux_fill_sd_3_5_large,4448279884,0,0.05108273774385452
flux_fill_sd_3_5_large,4448279884,1,0.24113182723522186
flux_fill_sd_3_5_large,3081330705,0,0.0443485826253891
flux_fill_sd_3_5_large,3081330705,1,0.4069797992706299
flux_fill_sd_3_5_large,4900761380,0,0.05184547230601311
flux_fill_sd_3_5_large,4900761380,1,0.1352320909500122
flux_fill_sd_3_5_large,5925539370,0,0.04603390023112297
flux_fill_sd_3_5_large,5925539370,1,0.3123700022697449
flux_fill_sd_3_5_large,1288909046,0,0.03760863468050957
flux_fill_sd_3_5_large,1288909046,1,0.053799644112586975
flux_fill_sd_3_5_large,437549483,0,0.1650540828704834
flux_fill_sd_3_5_large,437549483,1,0.8899121284484863
flux_fill_sd_3_5_large,520913429,0,0.04603390023112297
flux_fill_sd_3_5_large,520913429,1,0.055005282163619995
flux_fill_sd_3_5_large,3732728142,0,0.07696083933115005
flux_fill_sd_3_5_large,3732728142,1,0.11318691074848175
flux_fill_sd_3_5_large,1235455146,0,0.0446808747947216
flux_fill_sd_3_5_large,1235455146,1,0.8998277187347412
flux_fill_sd_3_5_large,3186527735,0,0.031143832951784134
flux_fill_sd_3_5_large,3186527735,1,0.5576044321060181
flux_fill_sd_3_5_large,3567604049,0,0.09670579433441162
flux_fill_sd_3_5_large,3567604049,1,0.06187598407268524
flux_fill_sd_3_5_large,78058719,0,0.01578456163406372
flux_fill_sd_3_5_large,78058719,1,0.9167081117630005
flux_fill_sd_3_5_large,1235099089,0,0.05223085358738899
flux_fill_sd_3_5_large,1235099089,1,0.2140335589647293
flux_fill_sd_3_5_large,4584266249,0,0.07159119844436646
flux_fill_sd_3_5_large,4584266249,1,0.16559311747550964
flux_fill_sd_3_5_large,4751932433,0,0.04401865229010582
flux_fill_sd_3_5_large,4751932433,1,0.2240554690361023
flux_fill_sd_3_5_large,3529333786,0,0.03963884338736534
flux_fill_sd_3_5_large,3529333786,1,0.16667540371418
flux_fill_sd_3_5_large,3640329164,0,0.057918086647987366
flux_fill_sd_3_5_large,3640329164,1,0.10230470448732376
flux_fill_sd_3_5_large,2396746868,0,0.2465333491563797
flux_fill_sd_3_5_large,2396746868,1,0.50048828125
flux_fill_sd_3_5_large,411008311,0,0.04054073989391327
flux_fill_sd_3_5_large,411008311,1,0.3178495764732361
flux_fill_sd_3_5_large,2800990525,0,0.04707418009638786
flux_fill_sd_3_5_large,2800990525,1,0.22270014882087708
flux_fill_sd_3_5_large,3522495606,0,0.03210070729255676
flux_fill_sd_3_5_large,3522495606,1,0.2120688110589981
flux_fill_sd_3_5_large,4803984649,0,0.0443485826253891
flux_fill_sd_3_5_large,4803984649,1,0.2011847198009491
flux_fill_sd_3_5_large,3376741717,0,0.03934250399470329
flux_fill_sd_3_5_large,3376741717,1,0.06705628335475922
flux_fill_sd_3_5_large,3246724744,0,0.06512755155563354
flux_fill_sd_3_5_large,3246724744,1,0.9005298018455505
flux_fill_sd_3_5_large,3243866702,0,0.05184547230601311
flux_fill_sd_3_5_large,3243866702,1,0.8683809638023376
flux_fill_sd_3_5_large,2903617548,0,0.03622005879878998
flux_fill_sd_3_5_large,2903617548,1,0.4693986773490906
flux_fill_sd_3_5_large,7711598144,0,0.048496004194021225
flux_fill_sd_3_5_large,7711598144,1,0.09203286468982697
flux_fill_sd_3_5_large,2305437797,0,0.04535257816314697
flux_fill_sd_3_5_large,2305437797,1,0.7853085398674011
flux_fill_sd_3_5_large,91251257,0,0.026556573808193207
flux_fill_sd_3_5_large,91251257,1,0.12168575078248978
flux_fill_sd_3_5_large,514165525,0,0.04778006672859192
flux_fill_sd_3_5_large,514165525,1,0.06097518280148506
flux_fill_sd_3_5_large,3708748633,0,0.021125193685293198
flux_fill_sd_3_5_large,3708748633,1,0.08632348477840424
flux_fill_sd_3_5_large,6315352509,0,0.05623634159564972
flux_fill_sd_3_5_large,6315352509,1,0.05877656117081642
flux_fill_sd_3_5_large,3728015645,0,0.859663724899292
flux_fill_sd_3_5_large,3728015645,1,0.6064984202384949
flux_fill_sd_3_5_large,1378557186,0,0.04146227240562439
flux_fill_sd_3_5_large,1378557186,1,0.1233656108379364
flux_fill_sd_3_5_large,4719086173,0,0.06052938848733902
flux_fill_sd_3_5_large,4719086173,1,0.11716748028993607
flux_fill_sd_3_5_large,4893369019,0,0.04501553252339363
flux_fill_sd_3_5_large,4893369019,1,0.09334687888622284
flux_fill_sd_3_5_large,65845718,0,0.11357959359884262
flux_fill_sd_3_5_large,65845718,1,0.21535073220729828
flux_fill_sd_3_5_large,2537819002,0,0.0427221953868866
flux_fill_sd_3_5_large,2537819002,1,0.5290200710296631
flux_fill_sd_3_5_large,1112334131,0,0.022457055747509003
flux_fill_sd_3_5_large,1112334131,1,0.34400254487991333
flux_fill_sd_3_5_large,697582336,0,0.04177388176321983
flux_fill_sd_3_5_large,697582336,1,0.07585817575454712
flux_fill_sd_3_5_large,2602279427,0,0.03358950465917587
flux_fill_sd_3_5_large,2602279427,1,0.46186619997024536
flux_fill_sd_3_5_large,4365035558,0,0.2613309323787689
flux_fill_sd_3_5_large,4365035558,1,0.8984104990959167
flux_fill_sd_3_5_large,524360969,0,0.043042849749326706
flux_fill_sd_3_5_large,524360969,1,0.8656789064407349
flux_fill_sd_3_5_large,4944644486,0,0.14033624529838562
flux_fill_sd_3_5_large,4944644486,1,0.13072869181632996
flux_fill_sd_3_5_large,4320494335,0,0.02779562398791313
flux_fill_sd_3_5_large,4320494335,1,0.7390459179878235
flux_fill_sd_3_5_large,2596474836,0,0.04146227240562439
flux_fill_sd_3_5_large,2596474836,1,0.052618954330682755
flux_fill_sd_3_5_large,8173029395,0,0.048136770725250244
flux_fill_sd_3_5_large,8173029395,1,0.2747403681278229
flux_fill_sd_3_5_large,2691641332,0,0.043042849749326706
flux_fill_sd_3_5_large,2691641332,1,0.16079244017601013
flux_fill_sd_3_5_large,6987411804,0,0.034358687698841095
flux_fill_sd_3_5_large,6987411804,1,0.042087726294994354
flux_fill_sd_3_5_large,2637510448,0,0.043691057711839676
flux_fill_sd_3_5_large,2637510448,1,0.0753123089671135
flux_fill_sd_3_5_large,2871691966,0,0.04922211915254593
flux_fill_sd_3_5_large,2871691966,1,0.14366760849952698
flux_fill_sd_3_5_large,3194034449,0,0.04885777831077576
flux_fill_sd_3_5_large,3194034449,1,0.8783142566680908
flux_fill_sd_3_5_large,512309690,0,0.021287351846694946
flux_fill_sd_3_5_large,512309690,1,0.11676400899887085
flux_fill_sd_3_5_large,1606988704,0,0.09009299427270889
flux_fill_sd_3_5_large,1606988704,1,0.6018276214599609
flux_fill_sd_3_5_large,2278490028,0,0.03934250399470329
flux_fill_sd_3_5_large,2278490028,1,0.25275272130966187
flux_fill_sd_3_5_large,84509831,0,0.03258974477648735
flux_fill_sd_3_5_large,84509831,1,0.37410447001457214
flux_fill_sd_3_5_large,3562816250,0,0.06608537584543228
flux_fill_sd_3_5_large,3562816250,1,0.13477592170238495
flux_fill_sd_3_5_large,2834752476,0,0.13072869181632996
flux_fill_sd_3_5_large,2834752476,1,0.18535663187503815
flux_fill_sd_3_5_large,687513087,0,0.07585817575454712
flux_fill_sd_3_5_large,687513087,1,0.7879312038421631
flux_fill_sd_3_5_large,3724946689,0,0.11357959359884262
flux_fill_sd_3_5_large,3724946689,1,0.10894504189491272
flux_fill_sd_3_5_large,5009687058,0,0.03875619173049927
flux_fill_sd_3_5_large,5009687058,1,0.06608537584543228
flux_fill_sd_3_5_large,7173939318,0,0.028007520362734795
flux_fill_sd_3_5_large,7173939318,1,0.19253936409950256
flux_fill_sd_3_5_large,3307563498,0,0.04707418009638786
flux_fill_sd_3_5_large,3307563498,1,0.6564380526542664
flux_fill_sd_3_5_large,3316725440,0,0.052618954330682755
flux_fill_sd_3_5_large,3316725440,1,0.30404165387153625
flux_fill_sd_3_5_large,2671602981,0,0.06903792917728424
flux_fill_sd_3_5_large,2671602981,1,0.06608537584543228
flux_fill_sd_3_5_large,6728801573,0,0.05223085358738899
flux_fill_sd_3_5_large,6728801573,1,0.07477004081010818
flux_fill_sd_3_5_large,378336163,0,0.3727335035800934
flux_fill_sd_3_5_large,378336163,1,0.27904197573661804
flux_fill_sd_3_5_large,319870744,0,0.04501553252339363
flux_fill_sd_3_5_large,319870744,1,0.32637879252433777
flux_fill_sd_3_5_large,299303069,0,0.042087726294994354
flux_fill_sd_3_5_large,299303069,1,0.3842187523841858
flux_fill_sd_3_5_large,479545053,0,0.04177388176321983
flux_fill_sd_3_5_large,479545053,1,0.3901272714138031
flux_fill_sd_3_5_large,2504056718,0,0.03622005879878998
flux_fill_sd_3_5_large,2504056718,1,0.6034645438194275
flux_fill_sd_3_5_large,141203926,0,0.05184547230601311
flux_fill_sd_3_5_large,141203926,1,0.08632348477840424
flux_fill_sd_3_5_large,415604639,0,0.0378924235701561
flux_fill_sd_3_5_large,415604639,1,0.22101424634456635
flux_fill_sd_3_5_large,421153376,0,0.04958902671933174
flux_fill_sd_3_5_large,421153376,1,0.09268777817487717
flux_fill_sd_3_5_large,745880539,0,0.07107366621494293
flux_fill_sd_3_5_large,745880539,1,0.45241495966911316
flux_fill_sd_3_5_large,3231749680,0,0.02822098508477211
flux_fill_sd_3_5_large,3231749680,1,0.8723474144935608
flux_fill_sd_3_5_large,2666234771,0,0.05623634159564972
flux_fill_sd_3_5_large,2666234771,1,0.06804042309522629
flux_fill_sd_3_5_large,3079917032,0,0.03676946461200714
flux_fill_sd_3_5_large,3079917032,1,0.0541987270116806
flux_fill_sd_3_5_large,3773323977,0,0.034618839621543884
flux_fill_sd_3_5_large,3773323977,1,0.09739039838314056
flux_fill_sd_3_5_large,4971580248,0,0.03963884338736534
flux_fill_sd_3_5_large,4971580248,1,0.07477004081010818
flux_fill_sd_3_5_large,6680789117,0,0.0541987270116806
flux_fill_sd_3_5_large,6680789117,1,0.07159119844436646
flux_fill_sd_3_5_large,208025491,0,0.0446808747947216
flux_fill_sd_3_5_large,208025491,1,0.5749765634536743
flux_fill_sd_3_5_large,4912808658,0,0.03649376705288887
flux_fill_sd_3_5_large,4912808658,1,0.04672496020793915
flux_fill_sd_3_5_large,3504379205,0,0.043365802615880966
flux_fill_sd_3_5_large,3504379205,1,0.0792103260755539
flux_fill_sd_3_5_large,172097783,0,0.04707418009638786
flux_fill_sd_3_5_large,172097783,1,0.05070536211133003
flux_fill_sd_3_5_large,3355683198,0,0.39140594005584717
flux_fill_sd_3_5_large,3355683198,1,0.36206647753715515
flux_fill_sd_3_5_large,2909982588,0,0.04535257816314697
flux_fill_sd_3_5_large,2909982588,1,0.6838418841362
flux_fill_sd_3_5_large,1406296515,0,0.9339146018028259
flux_fill_sd_3_5_large,1406296515,1,0.23757591843605042
flux_fill_sd_3_5_large,3163281186,0,0.4367421269416809
flux_fill_sd_3_5_large,3163281186,1,0.3808740973472595
flux_fill_sd_3_5_large,444051472,0,0.05749327689409256
flux_fill_sd_3_5_large,444051472,1,0.18476751446723938
flux_fill_sd_3_5_large,4523218758,0,0.026556573808193207
flux_fill_sd_3_5_large,4523218758,1,0.4265305697917938
flux_fill_sd_3_5_large,3368569524,0,0.032344330102205276
flux_fill_sd_3_5_large,3368569524,1,0.4406798481941223
flux_fill_sd_3_5_large,2391509645,0,0.06954174488782883
flux_fill_sd_3_5_large,2391509645,1,0.18242551386356354
flux_fill_sd_3_5_large,3041642723,0,0.03308597952127457
flux_fill_sd_3_5_large,3041642723,1,0.05070536211133003
flux_fill_sd_3_5_large,3469609037,0,0.05070536211133003
flux_fill_sd_3_5_large,3469609037,1,0.3227394223213196
flux_fill_sd_3_5_large,1157215900,0,0.030444350093603134
flux_fill_sd_3_5_large,1157215900,1,0.5030517578125
flux_fill_sd_3_5_large,536537638,0,0.024798160418868065
flux_fill_sd_3_5_large,536537638,1,0.17050801217556
flux_fill_sd_3_5_large,69830857,0,0.023330768570303917
flux_fill_sd_3_5_large,69830857,1,0.1859472095966339
flux_fill_sd_3_5_large,4594224630,0,0.04177388176321983
flux_fill_sd_3_5_large,4594224630,1,0.6796041131019592
flux_fill_sd_3_5_large,4560100704,0,0.0443485826253891
flux_fill_sd_3_5_large,4560100704,1,0.4874294102191925
flux_fill_sd_3_5_large,4948403203,0,0.14511536061763763
flux_fill_sd_3_5_large,4948403203,1,0.8524448275566101
flux_fill_sd_3_5_large,2441313372,0,0.03875619173049927
flux_fill_sd_3_5_large,2441313372,1,0.09467770159244537
flux_fill_sd_3_5_large,3325960085,0,0.03875619173049927
flux_fill_sd_3_5_large,3325960085,1,0.24148939549922943
flux_fill_sd_3_5_large,2317271,0,0.048496004194021225
flux_fill_sd_3_5_large,2317271,1,0.07807815819978714
flux_fill_sd_3_5_large,3640348910,0,0.05460060387849808
flux_fill_sd_3_5_large,3640348910,1,0.33437207341194153
flux_fill_sd_3_5_large,536495604,0,0.03993731737136841
flux_fill_sd_3_5_large,536495604,1,0.24871662259101868
flux_fill_sd_3_5_large,122301379,0,0.03567855432629585
flux_fill_sd_3_5_large,122301379,1,0.13753247261047363
flux_fill_sd_3_5_large,1011572216,0,0.04401865229010582
flux_fill_sd_3_5_large,1011572216,1,0.16132023930549622
flux_fill_sd_3_5_large,1580159719,0,0.017309095710515976
flux_fill_sd_3_5_large,1580159719,1,0.06187598407268524
flux_fill_sd_3_5_large,4451504790,0,0.029760094359517097
flux_fill_sd_3_5_large,4451504790,1,0.17328819632530212
flux_fill_sd_3_5_large,3809063851,0,0.022457055747509003
flux_fill_sd_3_5_large,3809063851,1,0.06512755155563354
flux_fill_sd_3_5_large,3667781063,0,0.017442483454942703
flux_fill_sd_3_5_large,3667781063,1,0.18952108919620514
flux_fill_sd_3_5_large,4751250311,0,0.05070536211133003
flux_fill_sd_3_5_large,4751250311,1,0.07369627058506012
flux_fill_sd_3_5_large,3311724634,0,0.04603390023112297
flux_fill_sd_3_5_large,3311724634,1,0.3376401960849762
flux_fill_sd_3_5_large,4494075018,0,0.05070536211133003
flux_fill_sd_3_5_large,4494075018,1,0.13939638435840607
flux_fill_sd_3_5_large,3259229498,0,0.053799644112586975
flux_fill_sd_3_5_large,3259229498,1,0.053009770810604095
flux_fill_sd_3_5_large,2993049054,0,0.030908960849046707
flux_fill_sd_3_5_large,2993049054,1,0.5122045874595642
flux_fill_sd_3_5_large,2629784415,0,0.48249006271362305
flux_fill_sd_3_5_large,2629784415,1,0.7631309032440186
flux_fill_sd_3_5_large,2731298834,0,0.049958523362874985
flux_fill_sd_3_5_large,2731298834,1,0.06371499598026276
flux_fill_sd_3_5_large,4118638516,0,0.0443485826253891
flux_fill_sd_3_5_large,4118638516,1,0.1037486270070076
flux_fill_sd_3_5_large,3827176890,0,0.06705628335475922
flux_fill_sd_3_5_large,3827176890,1,0.21866938471794128
flux_fill_sd_3_5_large,4180952377,0,0.032344330102205276
flux_fill_sd_3_5_large,4180952377,1,0.3479801118373871
flux_fill_sd_3_5_large,5614715384,0,0.053009770810604095
flux_fill_sd_3_5_large,5614715384,1,0.5051267743110657
flux_fill_sd_3_5_large,2147866213,0,0.05070536211133003
flux_fill_sd_3_5_large,2147866213,1,0.20689405500888824
flux_fill_sd_3_5_large,4825488431,0,0.05582313984632492
flux_fill_sd_3_5_large,4825488431,1,0.2351084053516388
flux_fill_sd_3_5_large,4857776520,0,0.029535336419939995
flux_fill_sd_3_5_large,4857776520,1,0.39782145619392395
flux_fill_sd_3_5_large,4920617810,0,0.0427221953868866
flux_fill_sd_3_5_large,4920617810,1,0.6435533165931702
flux_fill_sd_3_5_large,7129695767,0,0.06418264657258987
flux_fill_sd_3_5_large,7129695767,1,0.057918086647987366
flux_fill_sd_3_5_large,3399944164,0,0.3199707269668579
flux_fill_sd_3_5_large,3399944164,1,0.7498207092285156
flux_fill_sd_3_5_large,3726551176,0,0.04603390023112297
flux_fill_sd_3_5_large,3726551176,1,0.19868534803390503
flux_fill_sd_3_5_large,1196886054,0,0.04177388176321983
flux_fill_sd_3_5_large,1196886054,1,0.11596070975065231
flux_fill_sd_3_5_large,2579460386,0,0.042087726294994354
flux_fill_sd_3_5_large,2579460386,1,0.4082767367362976
flux_fill_sd_3_5_large,4899635195,0,0.048136770725250244
flux_fill_sd_3_5_large,4899635195,1,0.28537195920944214
flux_fill_sd_3_5_large,7430272380,0,0.0960254967212677
flux_fill_sd_3_5_large,7430272380,1,0.9066531658172607
flux_fill_sd_3_5_large,2265106886,0,0.04922211915254593
flux_fill_sd_3_5_large,2265106886,1,0.4344612956047058
flux_fill_sd_3_5_large,5513727638,0,0.0541987270116806
flux_fill_sd_3_5_large,5513727638,1,0.1465752124786377
flux_fill_sd_3_5_large,2682194299,0,0.04084571823477745
flux_fill_sd_3_5_large,2682194299,1,0.12463856488466263
flux_fill_sd_3_5_large,2837804631,0,0.03649376705288887
flux_fill_sd_3_5_large,2837804631,1,0.12210386246442795
flux_fill_sd_3_5_large,4480270643,0,0.043691057711839676
flux_fill_sd_3_5_large,4480270643,1,0.09670579433441162
flux_fill_sd_3_5_large,6156276992,0,0.04501553252339363
flux_fill_sd_3_5_large,6156276992,1,0.4804786741733551
flux_fill_sd_3_5_large,4555935886,0,0.05223085358738899
flux_fill_sd_3_5_large,4555935886,1,0.4181622266769409
flux_fill_sd_3_5_large,3609952704,0,0.02822098508477211
flux_fill_sd_3_5_large,3609952704,1,0.8175744414329529
flux_fill_sd_3_5_large,263494261,0,0.037326883524656296
flux_fill_sd_3_5_large,263494261,1,0.8474634885787964
flux_fill_sd_3_5_large,3451290730,0,0.03934250399470329
flux_fill_sd_3_5_large,3451290730,1,0.13028542697429657
flux_fill_sd_3_5_large,549520317,0,0.08509904146194458
flux_fill_sd_3_5_large,549520317,1,0.13939638435840607
flux_fill_sd_3_5_large,4514987995,0,0.04535257816314697
flux_fill_sd_3_5_large,4514987995,1,0.5196431875228882
flux_fill_sd_3_5_large,7252718418,0,0.05108273774385452
flux_fill_sd_3_5_large,7252718418,1,0.3123700022697449
flux_fill_sd_3_5_large,288025239,0,0.0534033328294754
flux_fill_sd_3_5_large,288025239,1,0.2454465627670288
flux_fill_sd_3_5_large,76466808,0,0.0838903859257698
flux_fill_sd_3_5_large,76466808,1,0.19930800795555115
flux_fill_sd_3_5_large,2900905937,0,0.026556573808193207
flux_fill_sd_3_5_large,2900905937,1,0.1550784707069397
flux_fill_sd_3_5_large,2313551145,0,0.048136770725250244
flux_fill_sd_3_5_large,2313551145,1,0.3750195801258087
flux_fill_sd_3_5_large,524036004,0,0.10781264305114746
flux_fill_sd_3_5_large,524036004,1,0.914290726184845
flux_fill_sd_3_5_large,3772446893,0,0.04146227240562439
flux_fill_sd_3_5_large,3772446893,1,0.18359363079071045
flux_fill_sd_3_5_large,3094629328,0,0.034618839621543884
flux_fill_sd_3_5_large,3094629328,1,0.18892180919647217
flux_fill_sd_3_5_large,3139160252,0,0.053009770810604095
flux_fill_sd_3_5_large,3139160252,1,0.06465348601341248
flux_fill_sd_3_5_large,118854260,0,0.07004895806312561
flux_fill_sd_3_5_large,118854260,1,0.7074047327041626
flux_fill_sd_3_5_large,2448393373,0,0.042087726294994354
flux_fill_sd_3_5_large,2448393373,1,0.1650540828704834
flux_fill_sd_3_5_large,4222067827,0,0.0534033328294754
flux_fill_sd_3_5_large,4222067827,1,0.7134315967559814
flux_fill_sd_3_5_large,449352117,0,0.04240383207798004
flux_fill_sd_3_5_large,449352117,1,0.7390459179878235
flux_fill_sd_3_5_large,2735558076,0,0.028652669861912727
flux_fill_sd_3_5_large,2735558076,1,0.1555909812450409
flux_fill_sd_3_5_large,4858175898,0,0.03993731737136841
flux_fill_sd_3_5_large,4858175898,1,0.4408002197742462
flux_fill_sd_3_5_large,4442319130,0,0.0378924235701561
flux_fill_sd_3_5_large,4442319130,1,0.13028542697429657
flux_fill_sd_3_5_large,2954929479,0,0.04401865229010582
flux_fill_sd_3_5_large,2954929479,1,0.13986563682556152
flux_fill_sd_3_5_large,16158623,0,0.0384661927819252
flux_fill_sd_3_5_large,16158623,1,0.8778960704803467
flux_fill_sd_3_5_large,5501340599,0,0.04707418009638786
flux_fill_sd_3_5_large,5501340599,1,0.7655933499336243
flux_fill_sd_3_5_large,1015118661,0,0.028007520362734795
flux_fill_sd_3_5_large,1015118661,1,0.07978201657533646
flux_fill_real_rescaled,1016887272,0,0.27202457189559937
flux_fill_real_rescaled,1016887272,1,0.37903353571891785
flux_fill_real_rescaled,7162685234,0,0.8283842206001282
flux_fill_real_rescaled,7162685234,1,0.07055959850549698
flux_fill_real_rescaled,3000017878,0,0.055005282163619995
flux_fill_real_rescaled,3000017878,1,0.17497345805168152
flux_fill_real_rescaled,4971484184,0,0.24981306493282318
flux_fill_real_rescaled,4971484184,1,0.1250653862953186
flux_fill_real_rescaled,92679312,0,0.46526598930358887
flux_fill_real_rescaled,92679312,1,0.169956237077713
flux_fill_real_rescaled,2853682342,0,0.09334687888622284
flux_fill_real_rescaled,2853682342,1,0.17050801217556
flux_fill_real_rescaled,5131842202,0,0.4246803820133209
flux_fill_real_rescaled,5131842202,1,0.25017932057380676
flux_fill_real_rescaled,4859170265,0,0.2030746340751648
flux_fill_real_rescaled,4859170265,1,0.14080817997455597
flux_fill_real_rescaled,2612125121,0,0.025760561227798462
flux_fill_real_rescaled,2612125121,1,0.018124720081686974
flux_fill_real_rescaled,3134644844,0,0.0427221953868866
flux_fill_real_rescaled,3134644844,1,0.1766716092824936
flux_fill_real_rescaled,316298162,0,0.029535336419939995
flux_fill_real_rescaled,316298162,1,0.03567855432629585
flux_fill_real_rescaled,3601843201,0,0.11124120652675629
flux_fill_real_rescaled,3601843201,1,0.07640768587589264
flux_fill_real_rescaled,5086989679,0,0.200557678937912
flux_fill_real_rescaled,5086989679,1,0.2881683111190796
flux_fill_real_rescaled,1246863003,0,0.030444350093603134
flux_fill_real_rescaled,1246863003,1,0.023870835080742836
flux_fill_real_rescaled,2193001254,0,0.026355354115366936
flux_fill_real_rescaled,2193001254,1,0.027585284784436226
flux_fill_real_rescaled,4283472819,0,0.3319854438304901
flux_fill_real_rescaled,4283472819,1,0.04569203406572342
flux_fill_real_rescaled,1117972841,0,0.104843370616436
flux_fill_real_rescaled,1117972841,1,0.1661335527896881
flux_fill_real_rescaled,48614561,0,0.31090354919433594
flux_fill_real_rescaled,48614561,1,0.2598256468772888
flux_fill_real_rescaled,6232601127,0,0.018833130598068237
flux_fill_real_rescaled,6232601127,1,0.05749327689409256
flux_fill_real_rescaled,4439654945,0,0.03622005879878998
flux_fill_real_rescaled,4439654945,1,0.02909075655043125
flux_fill_real_rescaled,269898428,0,0.019870713353157043
flux_fill_real_rescaled,269898428,1,0.03358950465917587
flux_fill_real_rescaled,2113592981,0,0.07004895806312561
flux_fill_real_rescaled,2113592981,1,0.09982065856456757
flux_fill_real_rescaled,1542970158,0,0.03760863468050957
flux_fill_real_rescaled,1542970158,1,0.18713268637657166
flux_fill_real_rescaled,4743795506,0,0.008847354911267757
flux_fill_real_rescaled,4743795506,1,0.020964238792657852
flux_fill_real_rescaled,1313961775,0,0.21239535510540009
flux_fill_real_rescaled,1313961775,1,0.4468567669391632
flux_fill_real_rescaled,4005756399,0,0.012821214273571968
flux_fill_real_rescaled,4005756399,1,0.01784873753786087
flux_fill_real_rescaled,4844409798,0,0.06325051933526993
flux_fill_real_rescaled,4844409798,1,0.1755380630493164
flux_fill_real_rescaled,4970590451,0,0.11318691074848175
flux_fill_real_rescaled,4970590451,1,0.0627892017364502
flux_fill_real_rescaled,2536995789,0,0.008445627987384796
flux_fill_real_rescaled,2536995789,1,0.010818447917699814
flux_fill_real_rescaled,2230134548,0,0.05541279539465904
flux_fill_real_rescaled,2230134548,1,0.05033063143491745
flux_fill_real_rescaled,1295719054,0,0.034618839621543884
flux_fill_real_rescaled,1295719054,1,0.02262919954955578
flux_fill_real_rescaled,407815946,0,0.2146914154291153
flux_fill_real_rescaled,407815946,1,0.1561049073934555
flux_fill_real_rescaled,4726677489,0,0.04569203406572342
flux_fill_real_rescaled,4726677489,1,0.05184547230601311
flux_fill_real_rescaled,2431723485,0,0.6192409992218018
flux_fill_real_rescaled,2431723485,1,0.6566582322120667
flux_fill_real_rescaled,4686568156,0,0.022977370768785477
flux_fill_real_rescaled,4686568156,1,0.2538610100746155
flux_fill_real_rescaled,688926797,0,0.04084571823477745
flux_fill_real_rescaled,688926797,1,0.03258974477648735
flux_fill_real_rescaled,3245460937,0,0.053009770810604095
flux_fill_real_rescaled,3245460937,1,0.15974101424217224
flux_fill_real_rescaled,4759710534,0,0.15052762627601624
flux_fill_real_rescaled,4759710534,1,0.29320207238197327
flux_fill_real_rescaled,6338704,0,0.015663649886846542
flux_fill_real_rescaled,6338704,1,0.010489091277122498
flux_fill_real_rescaled,2723024306,0,0.0384661927819252
flux_fill_real_rescaled,2723024306,1,0.04672496020793915
flux_fill_real_rescaled,23473996,0,0.006289901677519083
flux_fill_real_rescaled,23473996,1,0.006589771248400211
flux_fill_real_rescaled,2831215155,0,0.1761041283607483
flux_fill_real_rescaled,2831215155,1,0.340046763420105
flux_fill_real_rescaled,4682929932,0,0.5913988351821899
flux_fill_real_rescaled,4682929932,1,0.09842541813850403
flux_fill_real_rescaled,2736263351,0,0.009412589482963085
flux_fill_real_rescaled,2736263351,1,0.019568676128983498
flux_fill_real_rescaled,4376363559,0,0.028652669861912727
flux_fill_real_rescaled,4376363559,1,0.026355354115366936
flux_fill_real_rescaled,4937441878,0,0.014615669846534729
flux_fill_real_rescaled,4937441878,1,0.027169233188033104
flux_fill_real_rescaled,6386880789,0,0.06608537584543228
flux_fill_real_rescaled,6386880789,1,0.22000709176063538
flux_fill_real_rescaled,3698607223,0,0.14608724415302277
flux_fill_real_rescaled,3698607223,1,0.3253061771392822
flux_fill_real_rescaled,3134341610,0,0.15002882480621338
flux_fill_real_rescaled,3134341610,1,0.11757213622331619
flux_fill_real_rescaled,11551286,0,0.017045317217707634
flux_fill_real_rescaled,11551286,1,0.06754669547080994
flux_fill_real_rescaled,214166720,0,0.16132023930549622
flux_fill_real_rescaled,214166720,1,0.0844927579164505
flux_fill_real_rescaled,3179223972,0,0.1200256273150444
flux_fill_real_rescaled,3179223972,1,0.21337716281414032
flux_fill_real_rescaled,4540165999,0,0.048496004194021225
flux_fill_real_rescaled,4540165999,1,0.046378206461668015
flux_fill_real_rescaled,3217187564,0,0.8128673434257507
flux_fill_real_rescaled,3217187564,1,0.19620943069458008
flux_fill_real_rescaled,1097710887,0,0.32380759716033936
flux_fill_real_rescaled,1097710887,1,0.5701518058776855
flux_fill_real_rescaled,5138003138,0,0.31615808606147766
flux_fill_real_rescaled,5138003138,1,0.1919327974319458
flux_fill_real_rescaled,2743465453,0,0.010328153148293495
flux_fill_real_rescaled,2743465453,1,0.019271135330200195
flux_fill_real_rescaled,4650780114,0,0.08299414813518524
flux_fill_real_rescaled,4650780114,1,0.06052938848733902
flux_fill_real_rescaled,3518443604,0,0.0427221953868866
flux_fill_real_rescaled,3518443604,1,0.09636510163545609
flux_fill_real_rescaled,55438559,0,0.01652955822646618
flux_fill_real_rescaled,55438559,1,0.13161905109882355
flux_fill_real_rescaled,3381788544,0,0.09773432463407516
flux_fill_real_rescaled,3381788544,1,0.04115288704633713
flux_fill_real_rescaled,3584603849,0,0.10669060051441193
flux_fill_real_rescaled,3584603849,1,0.06954174488782883
flux_fill_real_rescaled,2790909995,0,0.7549149990081787
flux_fill_real_rescaled,2790909995,1,0.1259227693080902
flux_fill_real_rescaled,777288299,0,0.08819004893302917
flux_fill_real_rescaled,777288299,1,0.06052938848733902
flux_fill_real_rescaled,16396205,0,0.015306354500353336
flux_fill_real_rescaled,16396205,1,0.08093671500682831
flux_fill_real_rescaled,3774986130,0,0.031143832951784134
flux_fill_real_rescaled,3774986130,1,0.021125193685293198
flux_fill_real_rescaled,4979293130,0,0.16667540371418
flux_fill_real_rescaled,4979293130,1,0.07751765847206116
flux_fill_real_rescaled,553918837,0,0.05033063143491745
flux_fill_real_rescaled,553918837,1,0.05749327689409256
flux_fill_real_rescaled,4507048434,0,0.16398024559020996
flux_fill_real_rescaled,4507048434,1,0.11556088179349899
flux_fill_real_rescaled,2970183443,0,0.0991208553314209
flux_fill_real_rescaled,2970183443,1,0.07807815819978714
flux_fill_real_rescaled,2645724661,0,0.04023794084787369
flux_fill_real_rescaled,2645724661,1,0.053009770810604095
flux_fill_real_rescaled,4274214534,0,0.2075357437133789
flux_fill_real_rescaled,4274214534,1,0.0832919329404831
flux_fill_real_rescaled,322563288,0,0.1859472095966339
flux_fill_real_rescaled,322563288,1,0.08419107645750046
flux_fill_real_rescaled,144571886,0,0.8267117738723755
flux_fill_real_rescaled,144571886,1,0.8092759251594543
flux_fill_real_rescaled,405615014,0,0.02909075655043125
flux_fill_real_rescaled,405615014,1,0.05582313984632492
flux_fill_real_rescaled,4848645410,0,0.195901557803154
flux_fill_real_rescaled,4848645410,1,0.06465348601341248
flux_fill_real_rescaled,4563177695,0,0.2869678735733032
flux_fill_real_rescaled,4563177695,1,0.24798743426799774
flux_fill_real_rescaled,86120682,0,0.019419347867369652
flux_fill_real_rescaled,86120682,1,0.16132023930549622
flux_fill_real_rescaled,4623878206,0,0.022977370768785477
flux_fill_real_rescaled,4623878206,1,0.043042849749326706
flux_fill_real_rescaled,392467282,0,0.27202457189559937
flux_fill_real_rescaled,392467282,1,0.05146276578307152
flux_fill_real_rescaled,3310851569,0,0.015663649886846542
flux_fill_real_rescaled,3310851569,1,0.008315779268741608
flux_fill_real_rescaled,3415178926,0,0.73829185962677
flux_fill_real_rescaled,3415178926,1,0.3459886312484741
flux_fill_real_rescaled,5123000955,0,0.9019206762313843
flux_fill_real_rescaled,5123000955,1,0.8647679686546326
flux_fill_real_rescaled,2517489722,0,0.09105828404426575
flux_fill_real_rescaled,2517489722,1,0.12549345195293427
flux_fill_real_rescaled,410422753,0,0.04707418009638786
flux_fill_real_rescaled,410422753,1,0.1037486270070076
flux_fill_real_rescaled,4716376540,0,0.08756384998559952
flux_fill_real_rescaled,4716376540,1,0.22135069966316223
flux_fill_real_rescaled,2229108152,0,0.05223085358738899
flux_fill_real_rescaled,2229108152,1,0.13206614553928375
flux_fill_real_rescaled,4558580445,0,0.022977370768785477
flux_fill_real_rescaled,4558580445,1,0.0204885546118021
flux_fill_real_rescaled,4964794183,0,0.034358687698841095
flux_fill_real_rescaled,4964794183,1,0.034100428223609924
flux_fill_real_rescaled,2705101739,0,0.01897803694009781
flux_fill_real_rescaled,2705101739,1,0.016277460381388664
flux_fill_real_rescaled,4692725862,0,0.20529620349407196
flux_fill_real_rescaled,4692725862,1,0.18892180919647217
flux_fill_real_rescaled,4752721674,0,0.03567855432629585
flux_fill_real_rescaled,4752721674,1,0.048496004194021225
flux_fill_real_rescaled,3516087269,0,0.09670579433441162
flux_fill_real_rescaled,3516087269,1,0.13161905109882355
flux_fill_real_rescaled,4465093007,0,0.020332353189587593
flux_fill_real_rescaled,4465093007,1,0.02161533385515213
flux_fill_real_rescaled,3019667009,0,0.017712296918034554
flux_fill_real_rescaled,3019667009,1,0.01640303246676922
flux_fill_real_rescaled,4565084634,0,0.057918086647987366
flux_fill_real_rescaled,4565084634,1,0.043691057711839676
flux_fill_real_rescaled,4550700462,0,0.1841798573732376
flux_fill_real_rescaled,4550700462,1,0.09947021305561066
flux_fill_real_rescaled,3365783912,0,0.029760094359517097
flux_fill_real_rescaled,3365783912,1,0.10123348236083984
flux_fill_real_rescaled,3501457496,0,0.03704717382788658
flux_fill_real_rescaled,3501457496,1,0.03258974477648735
flux_fill_real_rescaled,241109594,0,0.05623634159564972
flux_fill_real_rescaled,241109594,1,0.0832919329404831
flux_fill_real_rescaled,2123838998,0,0.02615562081336975
flux_fill_real_rescaled,2123838998,1,0.14414885640144348
flux_fill_real_rescaled,218225539,0,0.6455669403076172
flux_fill_real_rescaled,218225539,1,0.3285294473171234
flux_fill_real_rescaled,2608623292,0,0.04922211915254593
flux_fill_real_rescaled,2608623292,1,0.05623634159564972
flux_fill_real_rescaled,5662260935,0,0.7472472190856934
flux_fill_real_rescaled,5662260935,1,0.499755859375
flux_fill_real_rescaled,3396251819,0,0.08093671500682831
flux_fill_real_rescaled,3396251819,1,0.1212688684463501
flux_fill_real_rescaled,7472814756,0,0.917302668094635
flux_fill_real_rescaled,7472814756,1,0.8783142566680908
flux_fill_real_rescaled,227689211,0,0.027376487851142883
flux_fill_real_rescaled,227689211,1,0.010013571009039879
flux_fill_real_rescaled,2394003437,0,0.007232763338834047
flux_fill_real_rescaled,2394003437,1,0.015663649886846542
flux_fill_real_rescaled,4074473431,0,0.13568954169750214
flux_fill_real_rescaled,4074473431,1,0.06903792917728424
flux_fill_real_rescaled,370445133,0,0.13660839200019836
flux_fill_real_rescaled,370445133,1,0.41326993703842163
flux_fill_real_rescaled,5526795355,0,0.0832919329404831
flux_fill_real_rescaled,5526795355,1,0.16344544291496277
flux_fill_real_rescaled,2768972186,0,0.6372565627098083
flux_fill_real_rescaled,2768972186,1,0.5768697261810303
flux_fill_real_rescaled,16630920,0,0.020964238792657852
flux_fill_real_rescaled,16630920,1,0.07263670116662979
flux_fill_real_rescaled,3560081723,0,0.5882683396339417
flux_fill_real_rescaled,3560081723,1,0.12043881416320801
flux_fill_real_rescaled,2881378816,0,0.0333368219435215
flux_fill_real_rescaled,2881378816,1,0.022977370768785477
flux_fill_real_rescaled,4695471709,0,0.1672186702489853
flux_fill_real_rescaled,4695471709,1,0.04742587357759476
flux_fill_real_rescaled,551315867,0,0.16885696351528168
flux_fill_real_rescaled,551315867,1,0.8283842206001282
flux_fill_real_rescaled,2657844508,0,0.08479540795087814
flux_fill_real_rescaled,2657844508,1,0.1200256273150444
flux_fill_real_rescaled,39024981,0,0.0204885546118021
flux_fill_real_rescaled,39024981,1,0.02498779445886612
flux_fill_real_rescaled,3114944484,0,0.06142403930425644
flux_fill_real_rescaled,3114944484,1,0.04885777831077576
flux_fill_real_rescaled,4770473055,0,0.13117322325706482
flux_fill_real_rescaled,4770473055,1,0.14080817997455597
flux_fill_real_rescaled,4764087782,0,0.11716748028993607
flux_fill_real_rescaled,4764087782,1,0.10158944129943848
flux_fill_real_rescaled,6693881913,0,0.20946969091892242
flux_fill_real_rescaled,6693881913,1,0.15052762627601624
flux_fill_real_rescaled,7235990180,0,0.5985468626022339
flux_fill_real_rescaled,7235990180,1,0.0753123089671135
flux_fill_real_rescaled,6084817815,0,0.1841798573732376
flux_fill_real_rescaled,6084817815,1,0.24798743426799774
flux_fill_real_rescaled,2229177914,0,0.10706345736980438
flux_fill_real_rescaled,2229177914,1,0.16667540371418
flux_fill_real_rescaled,2113996953,0,0.04778006672859192
flux_fill_real_rescaled,2113996953,1,0.017176710069179535
flux_fill_real_rescaled,4878415659,0,0.20850107073783875
flux_fill_real_rescaled,4878415659,1,0.1949802190065384
flux_fill_real_rescaled,2313598755,0,0.14128142595291138
flux_fill_real_rescaled,2313598755,1,0.022116590291261673
flux_fill_real_rescaled,3169276423,0,0.09334687888622284
flux_fill_real_rescaled,3169276423,1,0.0534033328294754
flux_fill_real_rescaled,3805877081,0,0.19559407234191895
flux_fill_real_rescaled,3805877081,1,0.12210386246442795
flux_fill_real_rescaled,7784556300,0,0.06656918674707413
flux_fill_real_rescaled,7784556300,1,0.17328819632530212
flux_fill_real_rescaled,1303727066,0,0.06804042309522629
flux_fill_real_rescaled,1303727066,1,0.13072869181632996
flux_fill_real_rescaled,3247052319,0,0.200557678937912
flux_fill_real_rescaled,3247052319,1,0.6727617979049683
flux_fill_real_rescaled,2949337912,0,0.014615669846534729
flux_fill_real_rescaled,2949337912,1,0.0427221953868866
flux_fill_real_rescaled,2324581814,0,0.07211220264434814
flux_fill_real_rescaled,2324581814,1,0.07864238321781158
flux_fill_real_rescaled,7046014201,0,0.06804042309522629
flux_fill_real_rescaled,7046014201,1,0.030444350093603134
flux_fill_real_rescaled,4494095559,0,0.07640768587589264
flux_fill_real_rescaled,4494095559,1,0.34092390537261963
flux_fill_real_rescaled,3199895624,0,0.3869951069355011
flux_fill_real_rescaled,3199895624,1,0.13206614553928375
flux_fill_real_rescaled,3126753745,0,0.030908960849046707
flux_fill_real_rescaled,3126753745,1,0.04742587357759476
flux_fill_real_rescaled,269440642,0,0.053009770810604095
flux_fill_real_rescaled,269440642,1,0.200557678937912
flux_fill_real_rescaled,3676788491,0,0.04672496020793915
flux_fill_real_rescaled,3676788491,1,0.053009770810604095
flux_fill_real_rescaled,5009047021,0,0.04401865229010582
flux_fill_real_rescaled,5009047021,1,0.057918086647987366
flux_fill_real_rescaled,3072074170,0,0.25945019721984863
flux_fill_real_rescaled,3072074170,1,0.2818007469177246
flux_fill_real_rescaled,2852982055,0,0.05460060387849808
flux_fill_real_rescaled,2852982055,1,0.05033063143491745
flux_fill_real_rescaled,460326010,0,0.07864238321781158
flux_fill_real_rescaled,460326010,1,0.043042849749326706
flux_fill_real_rescaled,3090398639,0,0.06705628335475922
flux_fill_real_rescaled,3090398639,1,0.09534946084022522
flux_fill_real_rescaled,3707283973,0,0.057918086647987366
flux_fill_real_rescaled,3707283973,1,0.07107366621494293
flux_fill_real_rescaled,4090827772,0,0.27747297286987305
flux_fill_real_rescaled,4090827772,1,0.10932482779026031
flux_fill_real_rescaled,5194023863,0,0.03875619173049927
flux_fill_real_rescaled,5194023863,1,0.03358950465917587
flux_fill_real_rescaled,116409198,0,0.8499711751937866
flux_fill_real_rescaled,116409198,1,0.05665242671966553
flux_fill_real_rescaled,81125088,0,0.11162799596786499
flux_fill_real_rescaled,81125088,1,0.05707140266895294
flux_fill_real_rescaled,3634400263,0,0.1772405207157135
flux_fill_real_rescaled,3634400263,1,0.37926343083381653
flux_fill_real_rescaled,4893545292,0,0.06512755155563354
flux_fill_real_rescaled,4893545292,1,0.04742587357759476
flux_fill_real_rescaled,5171155099,0,0.2786492109298706
flux_fill_real_rescaled,5171155099,1,0.21535073220729828
flux_fill_real_rescaled,2725441885,0,0.043365802615880966
flux_fill_real_rescaled,2725441885,1,0.34169232845306396
flux_fill_real_rescaled,5062422406,0,0.13206614553928375
flux_fill_real_rescaled,5062422406,1,0.04084571823477745
flux_fill_real_rescaled,4978901111,0,0.11357959359884262
flux_fill_real_rescaled,4978901111,1,0.17272931337356567
flux_fill_real_rescaled,2327240505,0,0.013955710455775261
flux_fill_real_rescaled,2327240505,1,0.012821214273571968
flux_fill_real_rescaled,280840823,0,0.034100428223609924
flux_fill_real_rescaled,280840823,1,0.03649376705288887
flux_fill_real_rescaled,491987177,0,0.11596070975065231
flux_fill_real_rescaled,491987177,1,0.048136770725250244
flux_fill_real_rescaled,2889113059,0,0.04885777831077576
flux_fill_real_rescaled,2889113059,1,0.0333368219435215
flux_fill_real_rescaled,519228867,0,0.13939638435840607
flux_fill_real_rescaled,519228867,1,0.42378589510917664
flux_fill_real_rescaled,4455065396,0,0.04603390023112297
flux_fill_real_rescaled,4455065396,1,0.15152934193611145
flux_fill_real_rescaled,2437392162,0,0.8433797955513
flux_fill_real_rescaled,2437392162,1,0.8749346137046814
flux_fill_real_rescaled,7990849887,0,0.030908960849046707
flux_fill_real_rescaled,7990849887,1,0.06608537584543228
flux_fill_real_rescaled,4918525947,0,0.35734322667121887
flux_fill_real_rescaled,4918525947,1,0.17050801217556
flux_fill_real_rescaled,2384401298,0,0.36840569972991943
flux_fill_real_rescaled,2384401298,1,0.09268777817487717
flux_fill_real_rescaled,451547131,0,0.188323974609375
flux_fill_real_rescaled,451547131,1,0.12678517401218414
flux_fill_real_rescaled,2174648405,0,0.28756770491600037
flux_fill_real_rescaled,2174648405,1,0.21733751893043518
flux_fill_real_rescaled,6828750292,0,0.01590639166533947
flux_fill_real_rescaled,6828750292,1,0.03138043358922005
flux_fill_real_rescaled,101262930,0,0.08479540795087814
flux_fill_real_rescaled,101262930,1,0.06754669547080994
flux_fill_real_rescaled,3183330562,0,0.5346124768257141
flux_fill_real_rescaled,3183330562,1,0.006097561679780483
flux_fill_real_rescaled,4459033855,0,0.22439520061016083
flux_fill_real_rescaled,4459033855,1,0.5114725828170776
flux_fill_real_rescaled,3297272270,0,0.053799644112586975
flux_fill_real_rescaled,3297272270,1,0.03594832494854927
flux_fill_real_rescaled,146019208,0,0.029760094359517097
flux_fill_real_rescaled,146019208,1,0.02909075655043125
flux_fill_real_rescaled,4511879942,0,0.1772405207157135
flux_fill_real_rescaled,4511879942,1,0.2677909731864929
flux_fill_real_rescaled,3422458549,0,0.05665242671966553
flux_fill_real_rescaled,3422458549,1,0.09568694233894348
flux_fill_real_rescaled,2543589122,0,0.8572908639907837
flux_fill_real_rescaled,2543589122,1,0.8221890926361084
flux_fill_real_rescaled,44619131,0,0.03875619173049927
flux_fill_real_rescaled,44619131,1,0.0838903859257698
flux_fill_real_rescaled,20702864,0,0.017442483454942703
flux_fill_real_rescaled,20702864,1,0.015072628855705261
flux_fill_real_rescaled,2971478694,0,0.13660839200019836
flux_fill_real_rescaled,2971478694,1,0.12635333836078644
flux_fill_real_rescaled,5220880759,0,0.07477004081010818
flux_fill_real_rescaled,5220880759,1,0.10123348236083984
flux_fill_real_rescaled,2549946671,0,0.04535257816314697
flux_fill_real_rescaled,2549946671,1,0.04672496020793915
flux_fill_real_rescaled,5896386113,0,0.04501553252339363
flux_fill_real_rescaled,5896386113,1,0.11124120652675629
flux_fill_real_rescaled,4917931600,0,0.04023794084787369
flux_fill_real_rescaled,4917931600,1,0.05749327689409256
flux_fill_real_rescaled,160566014,0,0.010489091277122498
flux_fill_real_rescaled,160566014,1,0.017712296918034554
flux_fill_real_rescaled,2997939824,0,0.027169233188033104
flux_fill_real_rescaled,2997939824,1,0.043365802615880966
flux_fill_real_rescaled,2646540383,0,0.4995117485523224
flux_fill_real_rescaled,2646540383,1,0.4430280029773712
flux_fill_real_rescaled,3553056438,0,0.038178276270627975
flux_fill_real_rescaled,3553056438,1,0.0378924235701561
flux_fill_real_rescaled,7081584189,0,0.879974365234375
flux_fill_real_rescaled,7081584189,1,0.4384846091270447
flux_fill_real_rescaled,707941195,0,0.6677979230880737
flux_fill_real_rescaled,707941195,1,0.3835258483886719
flux_fill_real_rescaled,3120921482,0,0.10781264305114746
flux_fill_real_rescaled,3120921482,1,0.09670579433441162
flux_fill_real_rescaled,4715269800,0,0.12168575078248978
flux_fill_real_rescaled,4715269800,1,0.1041124165058136
flux_fill_real_rescaled,484280924,0,0.030908960849046707
flux_fill_real_rescaled,484280924,1,0.026556573808193207
flux_fill_real_rescaled,1554713437,0,0.02909075655043125
flux_fill_real_rescaled,1554713437,1,0.06325051933526993
flux_fill_real_rescaled,4689487867,0,0.04603390023112297
flux_fill_real_rescaled,4689487867,1,0.05623634159564972
flux_fill_real_rescaled,313385842,0,0.8074606657028198
flux_fill_real_rescaled,313385842,1,0.06325051933526993
flux_fill_real_rescaled,74635420,0,0.07978201657533646
flux_fill_real_rescaled,74635420,1,0.5628073811531067
flux_fill_real_rescaled,2638177115,0,0.13986563682556152
flux_fill_real_rescaled,2638177115,1,0.07004895806312561
flux_fill_real_rescaled,3218861747,0,0.037326883524656296
flux_fill_real_rescaled,3218861747,1,0.06705628335475922
flux_fill_real_rescaled,2842439618,0,0.7193835973739624
flux_fill_real_rescaled,2842439618,1,0.2137051820755005
flux_fill_real_rescaled,4830307454,0,0.3517563045024872
flux_fill_real_rescaled,4830307454,1,0.2609540820121765
flux_fill_real_rescaled,837919879,0,0.7969253659248352
flux_fill_real_rescaled,837919879,1,0.7766229510307312
flux_fill_real_rescaled,503357436,0,0.07055959850549698
flux_fill_real_rescaled,503357436,1,0.19436782598495483
flux_fill_real_rescaled,4549641134,0,0.1127953976392746
flux_fill_real_rescaled,4549641134,1,0.08694165199995041
flux_fill_real_rescaled,4145119743,0,0.01971912570297718
flux_fill_real_rescaled,4145119743,1,0.026556573808193207
flux_fill_real_rescaled,455714074,0,0.015663649886846542
flux_fill_real_rescaled,455714074,1,0.020332353189587593
flux_fill_real_rescaled,6848277313,0,0.12421300262212753
flux_fill_real_rescaled,6848277313,1,0.20817893743515015
flux_fill_real_rescaled,1329832826,0,0.06465348601341248
flux_fill_real_rescaled,1329832826,1,0.07369627058506012
flux_fill_real_rescaled,3667788497,0,0.30798205733299255
flux_fill_real_rescaled,3667788497,1,0.4379436671733856
flux_fill_real_rescaled,4851524954,0,0.019271135330200195
flux_fill_real_rescaled,4851524954,1,0.02909075655043125
flux_fill_real_rescaled,6066650935,0,0.13117322325706482
flux_fill_real_rescaled,6066650935,1,0.3672703206539154
flux_fill_real_rescaled,289639811,0,0.025760561227798462
flux_fill_real_rescaled,289639811,1,0.03185885772109032
flux_fill_real_rescaled,4791485167,0,0.20497773587703705
flux_fill_real_rescaled,4791485167,1,0.1710611879825592
flux_fill_real_rescaled,3738685861,0,0.048136770725250244
flux_fill_real_rescaled,3738685861,1,0.043691057711839676
flux_fill_real_rescaled,1558753996,0,0.06903792917728424
flux_fill_real_rescaled,1558753996,1,0.1841798573732376
flux_fill_real_rescaled,4433634883,0,0.07423136383295059
flux_fill_real_rescaled,4433634883,1,0.05146276578307152
flux_fill_real_rescaled,516360813,0,0.013955710455775261
flux_fill_real_rescaled,516360813,1,0.016277460381388664
flux_fill_real_rescaled,4486484038,0,0.04778006672859192
flux_fill_real_rescaled,4486484038,1,0.16398024559020996
flux_fill_real_rescaled,3508522093,0,0.40768706798553467
flux_fill_real_rescaled,3508522093,1,0.04535257816314697
flux_fill_real_rescaled,151215569,0,0.007232763338834047
flux_fill_real_rescaled,151215569,1,0.005220125894993544
flux_fill_real_rescaled,2618322793,0,0.14511536061763763
flux_fill_real_rescaled,2618322793,1,0.18010665476322174
flux_fill_real_rescaled,4817804359,0,0.037326883524656296
flux_fill_real_rescaled,4817804359,1,0.030908960849046707
flux_fill_real_rescaled,2747436384,0,0.06512755155563354
flux_fill_real_rescaled,2747436384,1,0.06465348601341248
flux_fill_real_rescaled,4812155149,0,0.0427221953868866
flux_fill_real_rescaled,4812155149,1,0.05033063143491745
flux_fill_real_rescaled,28041138,0,0.024798160418868065
flux_fill_real_rescaled,28041138,1,0.02080448903143406
flux_fill_real_rescaled,3307667255,0,0.04742587357759476
flux_fill_real_rescaled,3307667255,1,0.25312182307243347
flux_fill_real_rescaled,2536957963,0,0.01243165135383606
flux_fill_real_rescaled,2536957963,1,0.02460992895066738
flux_fill_real_rescaled,430964917,0,0.025565212592482567
flux_fill_real_rescaled,430964917,1,0.01784873753786087
flux_fill_real_rescaled,2279432034,0,0.05541279539465904
flux_fill_real_rescaled,2279432034,1,0.0844927579164505
flux_fill_real_rescaled,4614358086,0,0.07159119844436646
flux_fill_real_rescaled,4614358086,1,0.03384403511881828
flux_fill_real_rescaled,3515451715,0,0.06560482829809189
flux_fill_real_rescaled,3515451715,1,0.2628418505191803
flux_fill_real_rescaled,4975536758,0,0.2825919985771179
flux_fill_real_rescaled,4975536758,1,0.08945459872484207
flux_fill_real_rescaled,3085590738,0,0.03210070729255676
flux_fill_real_rescaled,3085590738,1,0.07316471636295319
flux_fill_real_rescaled,7772052674,0,0.23057307302951813
flux_fill_real_rescaled,7772052674,1,0.12852513790130615
flux_fill_real_rescaled,6847401646,0,0.07159119844436646
flux_fill_real_rescaled,6847401646,1,0.10230470448732376
flux_fill_real_rescaled,3640870001,0,0.03358950465917587
flux_fill_real_rescaled,3640870001,1,0.05582313984632492
flux_fill_real_rescaled,2908493594,0,0.0427221953868866
flux_fill_real_rescaled,2908493594,1,0.02145073190331459
flux_fill_real_rescaled,45334151,0,0.03934250399470329
flux_fill_real_rescaled,45334151,1,0.0943434089422226
flux_fill_real_rescaled,135444196,0,0.026556573808193207
flux_fill_real_rescaled,135444196,1,0.00955939944833517
flux_fill_real_rescaled,3700322513,0,0.04778006672859192
flux_fill_real_rescaled,3700322513,1,0.05033063143491745
flux_fill_real_rescaled,7746984692,0,0.8665847778320312
flux_fill_real_rescaled,7746984692,1,0.8661325573921204
flux_fill_real_rescaled,3727740053,0,0.05223085358738899
flux_fill_real_rescaled,3727740053,1,0.06512755155563354
flux_fill_real_rescaled,6160193920,0,0.3926861584186554
flux_fill_real_rescaled,6160193920,1,0.314050555229187
flux_fill_real_rescaled,1196746186,0,0.04742587357759476
flux_fill_real_rescaled,1196746186,1,0.07316471636295319
flux_fill_real_rescaled,2654943319,0,0.03934250399470329
flux_fill_real_rescaled,2654943319,1,0.05223085358738899
flux_fill_real_rescaled,3815318559,0,0.4360215961933136
flux_fill_real_rescaled,3815318559,1,0.2598256468772888
flux_fill_real_rescaled,4935046155,0,0.5360700488090515
flux_fill_real_rescaled,4935046155,1,0.07107366621494293
flux_fill_real_rescaled,2527411111,0,0.011244560591876507
flux_fill_real_rescaled,2527411111,1,0.026355354115366936
flux_fill_real_rescaled,428979011,0,0.2613309323787689
flux_fill_real_rescaled,428979011,1,0.14175599813461304
flux_fill_real_rescaled,2255266906,0,0.36048904061317444
flux_fill_real_rescaled,2255266906,1,0.08035746961832047
flux_fill_real_rescaled,3559693175,0,0.10158944129943848
flux_fill_real_rescaled,3559693175,1,0.11596070975065231
flux_fill_real_rescaled,3320411267,0,0.5278033018112183
flux_fill_real_rescaled,3320411267,1,0.0838903859257698
flux_fill_real_rescaled,3475111806,0,0.039048291742801666
flux_fill_real_rescaled,3475111806,1,0.04707418009638786
flux_fill_real_rescaled,6952893010,0,0.6194712519645691
flux_fill_real_rescaled,6952893010,1,0.8895288705825806
flux_fill_real_rescaled,3595412126,0,0.06608537584543228
flux_fill_real_rescaled,3595412126,1,0.07477004081010818
flux_fill_real_rescaled,3599780784,0,0.07978201657533646
flux_fill_real_rescaled,3599780784,1,0.012722709216177464
flux_fill_real_rescaled,3024022266,0,0.10194651782512665
flux_fill_real_rescaled,3024022266,1,0.20434190332889557
flux_fill_real_rescaled,1444710198,0,0.08601587265729904
flux_fill_real_rescaled,1444710198,1,0.0541987270116806
flux_fill_real_rescaled,4936302238,0,0.31048527359962463
flux_fill_real_rescaled,4936302238,1,0.3714785873889923
flux_fill_real_rescaled,4287633714,0,0.049958523362874985
flux_fill_real_rescaled,4287633714,1,0.043042849749326706
flux_fill_real_rescaled,7616312438,0,0.01542455144226551
flux_fill_real_rescaled,7616312438,1,0.037326883524656296
flux_fill_real_rescaled,4480923732,0,0.44474563002586365
flux_fill_real_rescaled,4480923732,1,0.11757213622331619
flux_fill_real_rescaled,4890932738,0,0.19345195591449738
flux_fill_real_rescaled,4890932738,1,0.6290912628173828
flux_fill_real_rescaled,3996889070,0,0.27202457189559937
flux_fill_real_rescaled,3996889070,1,0.28977349400520325
flux_fill_real_rescaled,253924161,0,0.018264278769493103
flux_fill_real_rescaled,253924161,1,0.028652669861912727
flux_fill_real_rescaled,4838106858,0,0.1629120409488678
flux_fill_real_rescaled,4838106858,1,0.2716379463672638
flux_fill_real_rescaled,3329207492,0,0.4639299511909485
flux_fill_real_rescaled,3329207492,1,0.06754669547080994
flux_fill_real_rescaled,2058124718,0,0.04778006672859192
flux_fill_real_rescaled,2058124718,1,0.05070536211133003
flux_fill_real_rescaled,2532047708,0,0.0378924235701561
flux_fill_real_rescaled,2532047708,1,0.03704717382788658
flux_fill_real_rescaled,4690278994,0,0.1208532303571701
flux_fill_real_rescaled,4690278994,1,0.0534033328294754
flux_fill_real_rescaled,1806580620,0,0.053799644112586975
flux_fill_real_rescaled,1806580620,1,0.10856641829013824
flux_fill_real_rescaled,358355700,0,0.02615562081336975
flux_fill_real_rescaled,358355700,1,0.16238002479076385
flux_fill_real_rescaled,3449114979,0,0.13660839200019836
flux_fill_real_rescaled,3449114979,1,0.12463856488466263
flux_fill_real_rescaled,104285082,0,0.04535257816314697
flux_fill_real_rescaled,104285082,1,0.06371499598026276
flux_fill_real_rescaled,2763090857,0,0.1901218295097351
flux_fill_real_rescaled,2763090857,1,0.1716158092021942
flux_fill_real_rescaled,3168327945,0,0.039048291742801666
flux_fill_real_rescaled,3168327945,1,0.043691057711839676
flux_fill_real_rescaled,3455019076,0,0.07316471636295319
flux_fill_real_rescaled,3455019076,1,0.13432104885578156
flux_fill_real_rescaled,4676792744,0,0.026759283617138863
flux_fill_real_rescaled,4676792744,1,0.07211220264434814
flux_fill_real_rescaled,2589156742,0,0.0443485826253891
flux_fill_real_rescaled,2589156742,1,0.418221652507782
flux_fill_real_rescaled,530170010,0,0.0838903859257698
flux_fill_real_rescaled,530170010,1,0.11516223102807999
flux_fill_real_rescaled,3373544964,0,0.04115288704633713
flux_fill_real_rescaled,3373544964,1,0.03210070729255676
flux_fill_real_rescaled,4821810079,0,0.039048291742801666
flux_fill_real_rescaled,4821810079,1,0.0534033328294754
flux_fill_real_rescaled,2293149170,0,0.04084571823477745
flux_fill_real_rescaled,2293149170,1,0.06233103945851326
flux_fill_real_rescaled,4368362518,0,0.914290726184845
flux_fill_real_rescaled,4368362518,1,0.9026095867156982
flux_fill_real_rescaled,4925573161,0,0.498779296875
flux_fill_real_rescaled,4925573161,1,0.2354598045349121
flux_fill_real_rescaled,2834103050,0,0.24944724142551422
flux_fill_real_rescaled,2834103050,1,0.7453983426094055
flux_fill_real_rescaled,2923086298,0,0.7577943801879883
flux_fill_real_rescaled,2923086298,1,0.05033063143491745
flux_fill_real_rescaled,2468906010,0,0.09203286468982697
flux_fill_real_rescaled,2468906010,1,0.04778006672859192
flux_fill_real_rescaled,160541986,0,0.05033063143491745
flux_fill_real_rescaled,160541986,1,0.2735743820667267
flux_fill_real_rescaled,2404959574,0,0.04922211915254593
flux_fill_real_rescaled,2404959574,1,0.0378924235701561
flux_fill_real_rescaled,3494151850,0,0.9149009585380554
flux_fill_real_rescaled,3494151850,1,0.9161096215248108
flux_fill_real_rescaled,2537002791,0,0.06325051933526993
flux_fill_real_rescaled,2537002791,1,0.04742587357759476
flux_fill_real_rescaled,3354474353,0,0.2976740598678589
flux_fill_real_rescaled,3354474353,1,0.29178741574287415
flux_fill_real_rescaled,517942470,0,0.025565212592482567
flux_fill_real_rescaled,517942470,1,0.02145073190331459
flux_fill_real_rescaled,3461041826,0,0.6406359076499939
flux_fill_real_rescaled,3461041826,1,0.6867902874946594
flux_fill_real_rescaled,2763601657,0,0.014615669846534729
flux_fill_real_rescaled,2763601657,1,0.02498779445886612
flux_fill_real_rescaled,6314475602,0,0.8840392827987671
flux_fill_real_rescaled,6314475602,1,0.9032942056655884
flux_fill_real_rescaled,2249682069,0,0.03875619173049927
flux_fill_real_rescaled,2249682069,1,0.023509450256824493
flux_fill_real_rescaled,4694894610,0,0.05707140266895294
flux_fill_real_rescaled,4694894610,1,0.03258974477648735
flux_fill_real_rescaled,3771613841,0,0.2372223287820816
flux_fill_real_rescaled,3771613841,1,0.2677909731864929
flux_fill_real_rescaled,4791513183,0,0.07107366621494293
flux_fill_real_rescaled,4791513183,1,0.1629120409488678
flux_fill_real_rescaled,498404951,0,0.0838903859257698
flux_fill_real_rescaled,498404951,1,0.25275272130966187
flux_fill_real_rescaled,3799708677,0,0.04778006672859192
flux_fill_real_rescaled,3799708677,1,0.2278127372264862
flux_fill_real_rescaled,4973611817,0,0.004755199886858463
flux_fill_real_rescaled,4973611817,1,0.01243165135383606
flux_fill_real_rescaled,3027397797,0,0.4419138431549072
flux_fill_real_rescaled,3027397797,1,0.09501304477453232
flux_fill_real_rescaled,3539960792,0,0.04401865229010582
flux_fill_real_rescaled,3539960792,1,0.13206614553928375
flux_fill_real_rescaled,1424775129,0,0.07585817575454712
flux_fill_real_rescaled,1424775129,1,0.11716748028993607
flux_fill_real_rescaled,3635194562,0,0.05877656117081642
flux_fill_real_rescaled,3635194562,1,0.06008664518594742
flux_fill_real_rescaled,8034139464,0,0.2454465627670288
flux_fill_real_rescaled,8034139464,1,0.31615808606147766
flux_fill_real_rescaled,2393971707,0,0.039048291742801666
flux_fill_real_rescaled,2393971707,1,0.06097518280148506
flux_fill_real_rescaled,2474776724,0,0.1233656108379364
flux_fill_real_rescaled,2474776724,1,0.05877656117081642
flux_fill_real_rescaled,2910885196,0,0.018833130598068237
flux_fill_real_rescaled,2910885196,1,0.45568299293518066
flux_fill_real_rescaled,5199439325,0,0.2024431824684143
flux_fill_real_rescaled,5199439325,1,0.08570927381515503
flux_fill_real_rescaled,2786245676,0,0.20275872945785522
flux_fill_real_rescaled,2786245676,1,0.17781086266040802
flux_fill_real_rescaled,7610186624,0,0.09367799758911133
flux_fill_real_rescaled,7610186624,1,0.07807815819978714
flux_fill_real_rescaled,8038092309,0,0.04603390023112297
flux_fill_real_rescaled,8038092309,1,0.07107366621494293
flux_fill_real_rescaled,2123995873,0,0.007345826365053654
flux_fill_real_rescaled,2123995873,1,0.012821214273571968
flux_fill_real_rescaled,852427632,0,0.268557608127594
flux_fill_real_rescaled,852427632,1,0.10743747651576996
flux_fill_real_rescaled,4885036157,0,0.13117322325706482
flux_fill_real_rescaled,4885036157,1,0.19072401523590088
flux_fill_real_rescaled,6632464405,0,0.10123348236083984
flux_fill_real_rescaled,6632464405,1,0.1276526302099228
flux_fill_real_rescaled,3522989916,0,0.3885020315647125
flux_fill_real_rescaled,3522989916,1,0.1233656108379364
flux_fill_real_rescaled,5901845159,0,0.0427221953868866
flux_fill_real_rescaled,5901845159,1,0.09334687888622284
flux_fill_real_rescaled,4326893429,0,0.70537930727005
flux_fill_real_rescaled,4326893429,1,0.8294920325279236
flux_fill_real_rescaled,2584487952,0,0.14414885640144348
flux_fill_real_rescaled,2584487952,1,0.25312182307243347
flux_fill_real_rescaled,2335428699,0,0.05834583565592766
flux_fill_real_rescaled,2335428699,1,0.12549345195293427
flux_fill_real_rescaled,3416050480,0,0.8778960704803467
flux_fill_real_rescaled,3416050480,1,0.4991455078125
flux_fill_real_rescaled,3597715122,0,0.7446563243865967
flux_fill_real_rescaled,3597715122,1,0.10052487254142761
flux_fill_real_rescaled,128395402,0,0.3660796880722046
flux_fill_real_rescaled,128395402,1,0.681090772151947
flux_fill_real_rescaled,2507182524,0,0.046378206461668015
flux_fill_real_rescaled,2507182524,1,0.06052938848733902
flux_fill_real_rescaled,2860432302,0,0.08570927381515503
flux_fill_real_rescaled,2860432302,1,0.10447731614112854
flux_fill_real_rescaled,3046312861,0,0.004007288720458746
flux_fill_real_rescaled,3046312861,1,0.014172364957630634
flux_fill_real_rescaled,5661511556,0,0.09235979616641998
flux_fill_real_rescaled,5661511556,1,0.1980641782283783
flux_fill_real_rescaled,3357416302,0,0.7994422912597656
flux_fill_real_rescaled,3357416302,1,0.3159469962120056
flux_fill_real_rescaled,6043589490,0,0.0753123089671135
flux_fill_real_rescaled,6043589490,1,0.0534033328294754
flux_fill_real_rescaled,2822265828,0,0.4473697543144226
flux_fill_real_rescaled,2822265828,1,0.031143832951784134
flux_fill_real_rescaled,2254913901,0,0.1108555942773819
flux_fill_real_rescaled,2254913901,1,0.11636176705360413
flux_fill_real_rescaled,170405864,0,0.03384403511881828
flux_fill_real_rescaled,170405864,1,0.2114168256521225
flux_fill_real_rescaled,2256447557,0,0.7732163667678833
flux_fill_real_rescaled,2256447557,1,0.6627964973449707
flux_fill_real_rescaled,2422482455,0,0.18068422377109528
flux_fill_real_rescaled,2422482455,1,0.08151975274085999
flux_fill_real_rescaled,6870585516,0,0.2704802453517914
flux_fill_real_rescaled,6870585516,1,0.10781264305114746
flux_fill_real_rescaled,2219805467,0,0.8413047790527344
flux_fill_real_rescaled,2219805467,1,0.8438951373100281
flux_fill_real_rescaled,3456579559,0,0.04778006672859192
flux_fill_real_rescaled,3456579559,1,0.05541279539465904
flux_fill_real_rescaled,427936315,0,0.04569203406572342
flux_fill_real_rescaled,427936315,1,0.03594832494854927
flux_fill_real_rescaled,2741990005,0,0.05665242671966553
flux_fill_real_rescaled,2741990005,1,0.053799644112586975
flux_fill_real_rescaled,4704083135,0,0.0541987270116806
flux_fill_real_rescaled,4704083135,1,0.3652302920818329
flux_fill_real_rescaled,7738368186,0,0.640186071395874
flux_fill_real_rescaled,7738368186,1,0.3396085798740387
flux_fill_real_rescaled,2922807898,0,0.11436852067708969
flux_fill_real_rescaled,2922807898,1,0.20689405500888824
flux_fill_real_rescaled,21514026,0,0.008445627987384796
flux_fill_real_rescaled,21514026,1,0.01374232117086649
flux_fill_real_rescaled,118939364,0,0.14560063183307648
flux_fill_real_rescaled,118939364,1,0.0534033328294754
flux_fill_real_rescaled,74759622,0,0.03358950465917587
flux_fill_real_rescaled,74759622,1,0.13660839200019836
flux_fill_real_rescaled,4071750215,0,0.08882028609514236
flux_fill_real_rescaled,4071750215,1,0.2483518272638321
flux_fill_real_rescaled,3893510114,0,0.02178117260336876
flux_fill_real_rescaled,3893510114,1,0.032344330102205276
flux_fill_real_rescaled,3477315700,0,0.048136770725250244
flux_fill_real_rescaled,3477315700,1,0.5484619140625
flux_fill_real_rescaled,4857558207,0,0.028652669861912727
flux_fill_real_rescaled,4857558207,1,0.030444350093603134
flux_fill_real_rescaled,137444466,0,0.00985985528677702
flux_fill_real_rescaled,137444466,1,0.016657039523124695
flux_fill_real_rescaled,3819214047,0,0.07696083933115005
flux_fill_real_rescaled,3819214047,1,0.09670579433441162
flux_fill_real_rescaled,5504963988,0,0.15102781355381012
flux_fill_real_rescaled,5504963988,1,0.1550784707069397
flux_fill_real_rescaled,470887785,0,0.021948255598545074
flux_fill_real_rescaled,470887785,1,0.023689471185207367
flux_fill_real_rescaled,4397606831,0,0.2632204592227936
flux_fill_real_rescaled,4397606831,1,0.26246359944343567
flux_fill_real_rescaled,3272847211,0,0.02498779445886612
flux_fill_real_rescaled,3272847211,1,0.025565212592482567
flux_fill_real_rescaled,3691394196,0,0.7898827195167542
flux_fill_real_rescaled,3691394196,1,0.06187598407268524
flux_fill_real_rescaled,62057380,0,0.12721827626228333
flux_fill_real_rescaled,62057380,1,0.07978201657533646
flux_fill_real_rescaled,191592626,0,0.07159119844436646
flux_fill_real_rescaled,191592626,1,0.37102270126342773
flux_fill_real_rescaled,3761067976,0,0.07807815819978714
flux_fill_real_rescaled,3761067976,1,0.03283695504069328
flux_fill_real_rescaled,3084472304,0,0.025760561227798462
flux_fill_real_rescaled,3084472304,1,0.029986508190631866
flux_fill_real_rescaled,4606522320,0,0.14175599813461304
flux_fill_real_rescaled,4606522320,1,0.40274444222450256
flux_fill_real_rescaled,4361156028,0,0.05749327689409256
flux_fill_real_rescaled,4361156028,1,0.06754669547080994
flux_fill_real_rescaled,2324963565,0,0.03875619173049927
flux_fill_real_rescaled,2324963565,1,0.026759283617138863
flux_fill_real_rescaled,1389264266,0,0.013955710455775261
flux_fill_real_rescaled,1389264266,1,0.021125193685293198
flux_fill_real_rescaled,129662899,0,0.02498779445886612
flux_fill_real_rescaled,129662899,1,0.04535257816314697
flux_fill_real_rescaled,3326249355,0,0.7676898241043091
flux_fill_real_rescaled,3326249355,1,0.04569203406572342
flux_fill_real_rescaled,2176874361,0,0.15102781355381012
flux_fill_real_rescaled,2176874361,1,0.12294380366802216
flux_fill_real_rescaled,247189554,0,0.8322367072105408
flux_fill_real_rescaled,247189554,1,0.15869519114494324
flux_fill_real_rescaled,241347243,0,0.028870906680822372
flux_fill_real_rescaled,241347243,1,0.06560482829809189
flux_fill_real_rescaled,3347798761,0,0.8991213440895081
flux_fill_real_rescaled,3347798761,1,0.8267117738723755
flux_fill_real_rescaled,4974263771,0,0.023689471185207367
flux_fill_real_rescaled,4974263771,1,0.023153411224484444
flux_fill_real_rescaled,97138973,0,0.032344330102205276
flux_fill_real_rescaled,97138973,1,0.04177388176321983
flux_fill_real_rescaled,2281054343,0,0.06465348601341248
flux_fill_real_rescaled,2281054343,1,0.3526475131511688
flux_fill_real_rescaled,3063544435,0,0.8624675869941711
flux_fill_real_rescaled,3063544435,1,0.8601343035697937
flux_fill_real_rescaled,4631804601,0,0.08181271702051163
flux_fill_real_rescaled,4631804601,1,0.07055959850549698
flux_fill_real_rescaled,123101580,0,0.008711383678019047
flux_fill_real_rescaled,123101580,1,0.011597362346947193
flux_fill_real_rescaled,4775763666,0,0.019419347867369652
flux_fill_real_rescaled,4775763666,1,0.025760561227798462
flux_fill_real_rescaled,1012150929,0,0.13296423852443695
flux_fill_real_rescaled,1012150929,1,0.08093671500682831
flux_fill_real_rescaled,4787867133,0,0.07978201657533646
flux_fill_real_rescaled,4787867133,1,0.03622005879878998
flux_fill_real_rescaled,2806632713,0,0.04569203406572342
flux_fill_real_rescaled,2806632713,1,0.04885777831077576
flux_fill_real_rescaled,287212060,0,0.01073516346514225
flux_fill_real_rescaled,287212060,1,0.02262919954955578
flux_fill_real_rescaled,2723785828,0,0.019568676128983498
flux_fill_real_rescaled,2723785828,1,0.017576882615685463
flux_fill_real_rescaled,6869365418,0,0.046378206461668015
flux_fill_real_rescaled,6869365418,1,0.05184547230601311
flux_fill_real_rescaled,269361490,0,0.023153411224484444
flux_fill_real_rescaled,269361490,1,0.05964694544672966
flux_fill_real_rescaled,2701892321,0,0.02931223064661026
flux_fill_real_rescaled,2701892321,1,0.020964238792657852
flux_fill_real_rescaled,1330645772,0,0.03934250399470329
flux_fill_real_rescaled,1330645772,1,0.14414885640144348
flux_fill_real_rescaled,179778822,0,0.015543648041784763
flux_fill_real_rescaled,179778822,1,0.023153411224484444
flux_fill_real_rescaled,3955157194,0,0.22815649211406708
flux_fill_real_rescaled,3955157194,1,0.5251253247261047
flux_fill_real_rescaled,2540884723,0,0.04569203406572342
flux_fill_real_rescaled,2540884723,1,0.08570927381515503
flux_fill_real_rescaled,388837010,0,0.017176710069179535
flux_fill_real_rescaled,388837010,1,0.03963884338736534
flux_fill_real_rescaled,4852819911,0,0.03283695504069328
flux_fill_real_rescaled,4852819911,1,0.04401865229010582
flux_fill_real_rescaled,3256274183,0,0.04885777831077576
flux_fill_real_rescaled,3256274183,1,0.06097518280148506
flux_fill_real_rescaled,3549006919,0,0.47682327032089233
flux_fill_real_rescaled,3549006919,1,0.7397985458374023
flux_fill_real_rescaled,2527628435,0,0.2689414322376251
flux_fill_real_rescaled,2527628435,1,0.1830088496208191
flux_fill_real_rescaled,7003919692,0,0.4047427177429199
flux_fill_real_rescaled,7003919692,1,0.26020142436027527
flux_fill_real_rescaled,4967261262,0,0.10781264305114746
flux_fill_real_rescaled,4967261262,1,0.0541987270116806
flux_fill_real_rescaled,5196783191,0,0.8116759657859802
flux_fill_real_rescaled,5196783191,1,0.25312182307243347
flux_fill_real_rescaled,5428390334,0,0.09268777817487717
flux_fill_real_rescaled,5428390334,1,0.7450275421142578
flux_fill_real_rescaled,3595080592,0,0.1431877166032791
flux_fill_real_rescaled,3595080592,1,0.08093671500682831
flux_fill_real_rescaled,6218244928,0,0.05541279539465904
flux_fill_real_rescaled,6218244928,1,0.104843370616436
flux_fill_real_rescaled,1260816604,0,0.06512755155563354
flux_fill_real_rescaled,1260816604,1,0.1540575623512268
flux_fill_real_rescaled,2501548593,0,0.8727816939353943
flux_fill_real_rescaled,2501548593,1,0.8745065331459045
flux_fill_real_rescaled,3063054647,0,0.244723841547966
flux_fill_real_rescaled,3063054647,1,0.2782568037509918
flux_fill_real_rescaled,4791975111,0,0.04885777831077576
flux_fill_real_rescaled,4791975111,1,0.12463856488466263
flux_fill_real_rescaled,1053116826,0,0.207857146859169
flux_fill_real_rescaled,1053116826,1,0.04146227240562439
flux_fill_real_rescaled,6901412,0,0.012920473702251911
flux_fill_real_rescaled,6901412,1,0.017442483454942703
flux_fill_real_rescaled,2700788458,0,0.028870906680822372
flux_fill_real_rescaled,2700788458,1,0.026963500306010246
flux_fill_real_rescaled,378453580,0,0.023153411224484444
flux_fill_real_rescaled,378453580,1,0.02498779445886612
flux_fill_real_rescaled,3944497603,0,0.0035936026833951473
flux_fill_real_rescaled,3944497603,1,0.01065251138061285
flux_fill_real_rescaled,393043864,0,0.43405643105506897
flux_fill_real_rescaled,393043864,1,0.4437209367752075
flux_fill_real_rescaled,2511798599,0,0.01615283451974392
flux_fill_real_rescaled,2511798599,1,0.016657039523124695
flux_fill_real_rescaled,241345522,0,0.5677868723869324
flux_fill_real_rescaled,241345522,1,0.230919748544693
flux_fill_real_rescaled,5623287052,0,0.3733045160770416
flux_fill_real_rescaled,5623287052,1,0.2483518272638321
flux_fill_real_rescaled,292198220,0,0.09568694233894348
flux_fill_real_rescaled,292198220,1,0.16026602685451508
flux_fill_real_rescaled,1483574454,0,0.048496004194021225
flux_fill_real_rescaled,1483574454,1,0.1108555942773819
flux_fill_real_rescaled,6206278823,0,0.1250653862953186
flux_fill_real_rescaled,6206278823,1,0.12808823585510254
flux_fill_real_rescaled,2782480767,0,0.08882028609514236
flux_fill_real_rescaled,2782480767,1,0.2030746340751648
flux_fill_real_rescaled,3701699584,0,0.45423004031181335
flux_fill_real_rescaled,3701699584,1,0.07477004081010818
flux_fill_real_rescaled,4772885285,0,0.7256486415863037
flux_fill_real_rescaled,4772885285,1,0.05184547230601311
flux_fill_real_rescaled,4443088094,0,0.04778006672859192
flux_fill_real_rescaled,4443088094,1,0.15002882480621338
flux_fill_real_rescaled,4672132178,0,0.0838903859257698
flux_fill_real_rescaled,4672132178,1,0.08725224435329437
flux_fill_real_rescaled,2597958208,0,0.06097518280148506
flux_fill_real_rescaled,2597958208,1,0.04569203406572342
flux_fill_real_rescaled,7249187716,0,0.791176438331604
flux_fill_real_rescaled,7249187716,1,0.1629120409488678
flux_fill_real_rescaled,77740577,0,0.010328153148293495
flux_fill_real_rescaled,77740577,1,0.016029145568609238
flux_fill_real_rescaled,2307118114,0,0.20882359147071838
flux_fill_real_rescaled,2307118114,1,0.0832919329404831
flux_fill_real_rescaled,2823575468,0,0.04922211915254593
flux_fill_real_rescaled,2823575468,1,0.05707140266895294
flux_fill_real_rescaled,213583123,0,0.2806163728237152
flux_fill_real_rescaled,213583123,1,0.7962924242019653
flux_fill_real_rescaled,6333818443,0,0.038178276270627975
flux_fill_real_rescaled,6333818443,1,0.03676946461200714
flux_fill_real_rescaled,3543294190,0,0.03308597952127457
flux_fill_real_rescaled,3543294190,1,0.07640768587589264
flux_fill_real_rescaled,3421131122,0,0.3969152569770813
flux_fill_real_rescaled,3421131122,1,0.43638184666633606
flux_fill_real_rescaled,439916996,0,0.03704717382788658
flux_fill_real_rescaled,439916996,1,0.0204885546118021
flux_fill_real_rescaled,4828433053,0,0.13846179842948914
flux_fill_real_rescaled,4828433053,1,0.08299414813518524
flux_fill_real_rescaled,2409312675,0,0.0960254967212677
flux_fill_real_rescaled,2409312675,1,0.05877656117081642
flux_fill_real_rescaled,4328528475,0,0.014503580518066883
flux_fill_real_rescaled,4328528475,1,0.0120537793263793
flux_fill_real_rescaled,2922222717,0,0.034100428223609924
flux_fill_real_rescaled,2922222717,1,0.07696083933115005
flux_fill_real_rescaled,4673314291,0,0.24184733629226685
flux_fill_real_rescaled,4673314291,1,0.10447731614112854
flux_fill_real_rescaled,2222732183,0,0.008577484637498856
flux_fill_real_rescaled,2222732183,1,0.01428193412721157
flux_fill_real_rescaled,2877088081,0,0.1127953976392746
flux_fill_real_rescaled,2877088081,1,0.20529620349407196
flux_fill_real_rescaled,3731739486,0,0.029760094359517097
flux_fill_real_rescaled,3731739486,1,0.04672496020793915
flux_fill_real_rescaled,3944169186,0,0.11162799596786499
flux_fill_real_rescaled,3944169186,1,0.06608537584543228
flux_fill_real_rescaled,3279228339,0,0.11636176705360413
flux_fill_real_rescaled,3279228339,1,0.09073548763990402
flux_fill_real_rescaled,46663846,0,0.10932482779026031
flux_fill_real_rescaled,46663846,1,0.2759094536304474
flux_fill_real_rescaled,466877726,0,0.02161533385515213
flux_fill_real_rescaled,466877726,1,0.009708477184176445
flux_fill_real_rescaled,6274918824,0,0.15102781355381012
flux_fill_real_rescaled,6274918824,1,0.07423136383295059
flux_fill_real_rescaled,7212803242,0,0.7352616190910339
flux_fill_real_rescaled,7212803242,1,0.3591393232345581
flux_fill_real_rescaled,143688205,0,0.1761041283607483
flux_fill_real_rescaled,143688205,1,0.1766716092824936
flux_fill_real_rescaled,618771382,0,0.6540113687515259
flux_fill_real_rescaled,618771382,1,0.3809892237186432
flux_fill_real_rescaled,2463394631,0,0.04115288704633713
flux_fill_real_rescaled,2463394631,1,0.05223085358738899
flux_fill_real_rescaled,1138784872,0,0.09534946084022522
flux_fill_real_rescaled,1138784872,1,0.04240383207798004
flux_fill_real_rescaled,821599220,0,0.18772760033607483
flux_fill_real_rescaled,821599220,1,0.4674533009529114
flux_fill_real_rescaled,4716333601,0,0.023330768570303917
flux_fill_real_rescaled,4716333601,1,0.030908960849046707
flux_fill_real_rescaled,3019776218,0,0.08035746961832047
flux_fill_real_rescaled,3019776218,1,0.16026602685451508
flux_fill_real_rescaled,2088460083,0,0.005060331895947456
flux_fill_real_rescaled,2088460083,1,0.005060331895947456
flux_fill_real_rescaled,6225843702,0,0.8413047790527344
flux_fill_real_rescaled,6225843702,1,0.7299049496650696
flux_fill_real_rescaled,305979887,0,0.03622005879878998
flux_fill_real_rescaled,305979887,1,0.03567855432629585
flux_fill_real_rescaled,4842876705,0,0.06465348601341248
flux_fill_real_rescaled,4842876705,1,0.1196136623620987
flux_fill_real_rescaled,2984174290,0,0.13341520726680756
flux_fill_real_rescaled,2984174290,1,0.08694165199995041
flux_fill_real_rescaled,4441980889,0,0.037326883524656296
flux_fill_real_rescaled,4441980889,1,0.10017222166061401
flux_fill_real_rescaled,509778093,0,0.06371499598026276
flux_fill_real_rescaled,509778093,1,0.30528295040130615
flux_fill_real_rescaled,4912431886,0,0.03963884338736534
flux_fill_real_rescaled,4912431886,1,0.1196136623620987
flux_fill_real_rescaled,2955099064,0,0.017442483454942703
flux_fill_real_rescaled,2955099064,1,0.08509904146194458
flux_fill_real_rescaled,1737441377,0,0.03963884338736534
flux_fill_real_rescaled,1737441377,1,0.03993731737136841
flux_fill_real_rescaled,3223809913,0,0.11797802150249481
flux_fill_real_rescaled,3223809913,1,0.723700225353241
flux_fill_real_rescaled,423782935,0,0.046378206461668015
flux_fill_real_rescaled,423782935,1,0.21174263954162598
flux_fill_real_rescaled,263233914,0,0.4615931510925293
flux_fill_real_rescaled,263233914,1,0.17384850978851318
flux_fill_real_rescaled,6420396169,0,0.1041124165058136
flux_fill_real_rescaled,6420396169,1,0.034358687698841095
flux_fill_real_rescaled,4603099757,0,0.1525365114212036
flux_fill_real_rescaled,4603099757,1,0.09842541813850403
flux_fill_real_rescaled,2858456847,0,0.3647775948047638
flux_fill_real_rescaled,2858456847,1,0.2885691225528717
flux_fill_real_rescaled,1453366750,0,0.10594827681779861
flux_fill_real_rescaled,1453366750,1,0.17781086266040802
flux_fill_real_rescaled,3604391853,0,0.0427221953868866
flux_fill_real_rescaled,3604391853,1,0.052618954330682755
flux_fill_real_rescaled,2987588136,0,0.008985428139567375
flux_fill_real_rescaled,2987588136,1,0.006192990578711033
flux_fill_real_rescaled,4400746838,0,0.08210662752389908
flux_fill_real_rescaled,4400746838,1,0.10158944129943848
flux_fill_real_rescaled,401405215,0,0.030444350093603134
flux_fill_real_rescaled,401405215,1,0.019271135330200195
flux_fill_real_rescaled,4825458628,0,0.37983837723731995
flux_fill_real_rescaled,4825458628,1,0.18653921782970428
flux_fill_real_rescaled,6059154572,0,0.06187598407268524
flux_fill_real_rescaled,6059154572,1,0.23196201026439667
flux_fill_real_rescaled,3514184232,0,0.3718206584453583
flux_fill_real_rescaled,3514184232,1,0.646683394908905
flux_fill_real_rescaled,4474749623,0,0.10123348236083984
flux_fill_real_rescaled,4474749623,1,0.10521053522825241
flux_fill_real_rescaled,618797331,0,0.01332514826208353
flux_fill_real_rescaled,618797331,1,0.0378924235701561
flux_fill_real_rescaled,2622624460,0,0.08945459872484207
flux_fill_real_rescaled,2622624460,1,0.05541279539465904
flux_fill_real_rescaled,400345058,0,0.9465966820716858
flux_fill_real_rescaled,400345058,1,0.6636689305305481
flux_fill_real_rescaled,3747007211,0,0.11162799596786499
flux_fill_real_rescaled,3747007211,1,0.07004895806312561
flux_fill_real_rescaled,3135826945,0,0.05964694544672966
flux_fill_real_rescaled,3135826945,1,0.14128142595291138
flux_fill_real_rescaled,2466420387,0,0.11124120652675629
flux_fill_real_rescaled,2466420387,1,0.09739039838314056
flux_fill_real_rescaled,506082695,0,0.03963884338736534
flux_fill_real_rescaled,506082695,1,0.11318691074848175
flux_fill_real_rescaled,312788070,0,0.01652955822646618
flux_fill_real_rescaled,312788070,1,0.1427091360092163
flux_fill_real_rescaled,511749704,0,0.6495786309242249
flux_fill_real_rescaled,511749704,1,0.3429014980792999
flux_fill_real_rescaled,5733760,0,0.038178276270627975
flux_fill_real_rescaled,5733760,1,0.08509904146194458
flux_fill_real_rescaled,86131617,0,0.08035746961832047
flux_fill_real_rescaled,86131617,1,0.16667540371418
flux_fill_real_rescaled,6981038793,0,0.6293190717697144
flux_fill_real_rescaled,6981038793,1,0.8365545868873596
flux_fill_real_rescaled,3201517121,0,0.15765489637851715
flux_fill_real_rescaled,3201517121,1,0.2782568037509918
flux_fill_real_rescaled,97162852,0,0.030444350093603134
flux_fill_real_rescaled,97162852,1,0.037326883524656296
flux_fill_real_rescaled,3616525288,0,0.7975568175315857
flux_fill_real_rescaled,3616525288,1,0.8272706270217896
flux_fill_real_rescaled,2373932560,0,0.1766716092824936
flux_fill_real_rescaled,2373932560,1,0.07751765847206116
flux_fill_real_rescaled,4606967207,0,0.15921740233898163
flux_fill_real_rescaled,4606967207,1,0.11757213622331619
flux_fill_real_rescaled,3019609769,0,0.08945459872484207
flux_fill_real_rescaled,3019609769,1,0.07369627058506012
flux_fill_real_rescaled,86112875,0,0.018264278769493103
flux_fill_real_rescaled,86112875,1,0.016657039523124695
flux_fill_real_rescaled,3678098428,0,0.10052487254142761
flux_fill_real_rescaled,3678098428,1,0.08509904146194458
flux_fill_real_rescaled,439171995,0,0.08210662752389908
flux_fill_real_rescaled,439171995,1,0.1475551873445511
flux_fill_real_rescaled,4052515931,0,0.1535491794347763
flux_fill_real_rescaled,4052515931,1,0.053799644112586975
flux_fill_real_rescaled,1775223211,0,0.1233656108379364
flux_fill_real_rescaled,1775223211,1,0.14560063183307648
flux_fill_real_rescaled,3547000169,0,0.30528295040130615
flux_fill_real_rescaled,3547000169,1,0.34809091687202454
flux_fill_real_rescaled,20805896,0,0.8925625681877136
flux_fill_real_rescaled,20805896,1,0.7752646803855896
flux_fill_real_rescaled,3308171165,0,0.034358687698841095
flux_fill_real_rescaled,3308171165,1,0.03760863468050957
flux_fill_real_rescaled,463978865,0,0.9149009585380554
flux_fill_real_rescaled,463978865,1,0.5229331254959106
flux_fill_real_rescaled,4831683216,0,0.25349125266075134
flux_fill_real_rescaled,4831683216,1,0.06853749603033066
flux_fill_real_rescaled,2635938723,0,0.8543993234634399
flux_fill_real_rescaled,2635938723,1,0.859663724899292
flux_fill_real_rescaled,3707585013,0,0.02615562081336975
flux_fill_real_rescaled,3707585013,1,0.04501553252339363
flux_fill_real_rescaled,4080351447,0,0.1208532303571701
flux_fill_real_rescaled,4080351447,1,0.22815649211406708
flux_fill_real_rescaled,3685373706,0,0.018124720081686974
flux_fill_real_rescaled,3685373706,1,0.01428193412721157
flux_fill_real_rescaled,3170122039,0,0.47073662281036377
flux_fill_real_rescaled,3170122039,1,0.10669060051441193
flux_fill_real_rescaled,3482974845,0,0.8591918349266052
flux_fill_real_rescaled,3482974845,1,0.7752646803855896
flux_fill_real_rescaled,489134459,0,0.06656918674707413
flux_fill_real_rescaled,489134459,1,0.04240383207798004
flux_fill_real_rescaled,509987636,0,0.028652669861912727
flux_fill_real_rescaled,509987636,1,0.06008664518594742
flux_fill_real_rescaled,2822418176,0,0.17895591259002686
flux_fill_real_rescaled,2822418176,1,0.75743567943573
flux_fill_real_rescaled,2640869832,0,0.06097518280148506
flux_fill_real_rescaled,2640869832,1,0.04958902671933174
flux_fill_real_rescaled,5631556013,0,0.06608537584543228
flux_fill_real_rescaled,5631556013,1,0.06512755155563354
flux_fill_real_rescaled,3143991972,0,0.015072628855705261
flux_fill_real_rescaled,3143991972,1,0.008187909610569477
flux_fill_real_rescaled,2717110088,0,0.0427221953868866
flux_fill_real_rescaled,2717110088,1,0.024798160418868065
flux_fill_real_rescaled,4819772045,0,0.41087445616722107
flux_fill_real_rescaled,4819772045,1,0.07211220264434814
flux_fill_real_rescaled,4801764348,0,0.3442229628562927
flux_fill_real_rescaled,4801764348,1,0.015189049765467644
flux_fill_real_rescaled,3431671749,0,0.02262919954955578
flux_fill_real_rescaled,3431671749,1,0.01374232117086649
flux_fill_real_rescaled,3240637051,0,0.1716158092021942
flux_fill_real_rescaled,3240637051,1,0.52993243932724
flux_fill_real_rescaled,3643981804,0,0.7318258285522461
flux_fill_real_rescaled,3643981804,1,0.22507576644420624
flux_fill_real_rescaled,7498713846,0,0.391289621591568
flux_fill_real_rescaled,7498713846,1,0.10230470448732376
flux_fill_real_rescaled,5399620276,0,0.21667379140853882
flux_fill_real_rescaled,5399620276,1,0.07807815819978714
flux_fill_real_rescaled,3262645599,0,0.7394223809242249
flux_fill_real_rescaled,3262645599,1,0.1795305609703064
flux_fill_real_rescaled,241345770,0,0.019568676128983498
flux_fill_real_rescaled,241345770,1,0.03622005879878998
flux_fill_real_rescaled,4257619114,0,0.02779562398791313
flux_fill_real_rescaled,4257619114,1,0.02931223064661026
flux_fill_real_rescaled,4912108775,0,0.007937993854284286
flux_fill_real_rescaled,4912108775,1,0.02228618785738945
flux_fill_real_rescaled,4024098174,0,0.18476751446723938
flux_fill_real_rescaled,4024098174,1,0.10706345736980438
flux_fill_real_rescaled,2741051940,0,0.04742587357759476
flux_fill_real_rescaled,2741051940,1,0.01912403665482998
flux_fill_real_rescaled,3880366728,0,0.04958902671933174
flux_fill_real_rescaled,3880366728,1,0.024798160418868065
flux_fill_real_rescaled,1234206849,0,0.0534033328294754
flux_fill_real_rescaled,1234206849,1,0.18476751446723938
flux_fill_real_rescaled,1285874746,0,0.1661335527896881
flux_fill_real_rescaled,1285874746,1,0.24364244937896729
flux_fill_real_rescaled,7330749240,0,0.13939638435840607
flux_fill_real_rescaled,7330749240,1,0.6537903547286987
flux_fill_real_rescaled,3344040145,0,0.02080448903143406
flux_fill_real_rescaled,3344040145,1,0.02931223064661026
flux_fill_real_rescaled,3539817989,0,0.0038844766095280647
flux_fill_real_rescaled,3539817989,1,0.04707418009638786
flux_fill_real_rescaled,965444691,0,0.02228618785738945
flux_fill_real_rescaled,965444691,1,0.11636176705360413
flux_fill_real_rescaled,4797050581,0,0.13568954169750214
flux_fill_real_rescaled,4797050581,1,0.13753247261047363
flux_fill_real_rescaled,1408958345,0,0.8158201575279236
flux_fill_real_rescaled,1408958345,1,0.6821503639221191
flux_fill_real_rescaled,3880726770,0,0.0627892017364502
flux_fill_real_rescaled,3880726770,1,0.04115288704633713
flux_fill_real_rescaled,2382950929,0,0.048136770725250244
flux_fill_real_rescaled,2382950929,1,0.10447731614112854
flux_fill_real_rescaled,2391442557,0,0.03704717382788658
flux_fill_real_rescaled,2391442557,1,0.523907482624054
flux_fill_real_rescaled,234374617,0,0.14414885640144348
flux_fill_real_rescaled,234374617,1,0.2643583416938782
flux_fill_real_rescaled,369047365,0,0.44161278009414673
flux_fill_real_rescaled,369047365,1,0.793105959892273
flux_fill_real_rescaled,5870701819,0,0.05665242671966553
flux_fill_real_rescaled,5870701819,1,0.1490352898836136
flux_fill_real_rescaled,259510411,0,0.37662312388420105
flux_fill_real_rescaled,259510411,1,0.2727987766265869
flux_fill_real_rescaled,1417941060,0,0.8778960704803467
flux_fill_real_rescaled,1417941060,1,0.046378206461668015
flux_fill_real_rescaled,1733853950,0,0.034358687698841095
flux_fill_real_rescaled,1733853950,1,0.04501553252339363
flux_fill_real_rescaled,4966861386,0,0.023870835080742836
flux_fill_real_rescaled,4966861386,1,0.038178276270627975
flux_fill_real_rescaled,4478063110,0,0.22135069966316223
flux_fill_real_rescaled,4478063110,1,0.34048518538475037
flux_fill_real_rescaled,473323374,0,0.05184547230601311
flux_fill_real_rescaled,473323374,1,0.34764784574508667
flux_fill_real_rescaled,2307757311,0,0.028652669861912727
flux_fill_real_rescaled,2307757311,1,0.03963884338736534
flux_fill_real_rescaled,2705922624,0,0.04146227240562439
flux_fill_real_rescaled,2705922624,1,0.0753123089671135
flux_fill_real_rescaled,2321865325,0,0.29787829518318176
flux_fill_real_rescaled,2321865325,1,0.02498779445886612
flux_fill_real_rescaled,4442382200,0,0.07477004081010818
flux_fill_real_rescaled,4442382200,1,0.15765489637851715
flux_fill_real_rescaled,1961696686,0,0.07807815819978714
flux_fill_real_rescaled,1961696686,1,0.1041124165058136
flux_fill_real_rescaled,2667242810,0,0.11357959359884262
flux_fill_real_rescaled,2667242810,1,0.0443485826253891
flux_fill_real_rescaled,4876517154,0,0.26020142436027527
flux_fill_real_rescaled,4876517154,1,0.3199707269668579
flux_fill_real_rescaled,2641049916,0,0.18359363079071045
flux_fill_real_rescaled,2641049916,1,0.2620856761932373
flux_fill_real_rescaled,3169184260,0,0.034358687698841095
flux_fill_real_rescaled,3169184260,1,0.026355354115366936
flux_fill_real_rescaled,3669527584,0,0.19620943069458008
flux_fill_real_rescaled,3669527584,1,0.06903792917728424
flux_fill_real_rescaled,4677535056,0,0.05834583565592766
flux_fill_real_rescaled,4677535056,1,0.15713685750961304
flux_fill_real_rescaled,3486831654,0,0.5943158268928528
flux_fill_real_rescaled,3486831654,1,0.5640084147453308
flux_fill_real_rescaled,4567003374,0,0.043042849749326706
flux_fill_real_rescaled,4567003374,1,0.026355354115366936
flux_fill_real_rescaled,5430267989,0,0.07369627058506012
flux_fill_real_rescaled,5430267989,1,0.04401865229010582
flux_fill_real_rescaled,140774394,0,0.07585817575454712
flux_fill_real_rescaled,140774394,1,0.3882700502872467
flux_fill_real_rescaled,380752558,0,0.030908960849046707
flux_fill_real_rescaled,380752558,1,0.02178117260336876
flux_fill_real_rescaled,2324804923,0,0.1629120409488678
flux_fill_real_rescaled,2324804923,1,0.11879339814186096
flux_fill_real_rescaled,434932657,0,0.07864238321781158
flux_fill_real_rescaled,434932657,1,0.04672496020793915
flux_fill_real_rescaled,6870444330,0,0.24944724142551422
flux_fill_real_rescaled,6870444330,1,0.3940843641757965
flux_fill_real_rescaled,1089755335,0,0.03934250399470329
flux_fill_real_rescaled,1089755335,1,0.02280263602733612
flux_fill_real_rescaled,4569926879,0,0.08509904146194458
flux_fill_real_rescaled,4569926879,1,0.037326883524656296
flux_fill_real_rescaled,2319389144,0,0.04672496020793915
flux_fill_real_rescaled,2319389144,1,0.048136770725250244
flux_fill_real_rescaled,617782839,0,0.05877656117081642
flux_fill_real_rescaled,617782839,1,0.09138210862874985
flux_fill_real_rescaled,3298573714,0,0.07107366621494293
flux_fill_real_rescaled,3298573714,1,0.025760561227798462
flux_fill_real_rescaled,4472750626,0,0.06954174488782883
flux_fill_real_rescaled,4472750626,1,0.05223085358738899
flux_fill_real_rescaled,4050916276,0,0.7943849563598633
flux_fill_real_rescaled,4050916276,1,0.7892336845397949
flux_fill_real_rescaled,411678041,0,0.08035746961832047
flux_fill_real_rescaled,411678041,1,0.07316471636295319
flux_fill_real_rescaled,4633043171,0,0.04023794084787369
flux_fill_real_rescaled,4633043171,1,0.03594832494854927
flux_fill_real_rescaled,2904714989,0,0.019419347867369652
flux_fill_real_rescaled,2904714989,1,0.12043881416320801
flux_fill_real_rescaled,3094034946,0,0.04115288704633713
flux_fill_real_rescaled,3094034946,1,0.2708657681941986
flux_fill_real_rescaled,3745405944,0,0.02178117260336876
flux_fill_real_rescaled,3745405944,1,0.03358950465917587
flux_fill_real_rescaled,5892931627,0,0.07107366621494293
flux_fill_real_rescaled,5892931627,1,0.0844927579164505
flux_fill_real_rescaled,2641098920,0,0.024237636476755142
flux_fill_real_rescaled,2641098920,1,0.03622005879878998
flux_fill_real_rescaled,3549614763,0,0.1755380630493164
flux_fill_real_rescaled,3549614763,1,0.08210662752389908
flux_fill_real_rescaled,1286805224,0,0.05460060387849808
flux_fill_real_rescaled,1286805224,1,0.07978201657533646
flux_fill_real_rescaled,6152180229,0,0.0753123089671135
flux_fill_real_rescaled,6152180229,1,0.1949802190065384
flux_fill_real_rescaled,2683823978,0,0.01912403665482998
flux_fill_real_rescaled,2683823978,1,0.024053553119301796
flux_fill_real_rescaled,2905200744,0,0.06903792917728424
flux_fill_real_rescaled,2905200744,1,0.01912403665482998
flux_fill_real_rescaled,59303979,0,0.34356194734573364
flux_fill_real_rescaled,59303979,1,0.2632204592227936
flux_fill_real_rescaled,4838943023,0,0.026759283617138863
flux_fill_real_rescaled,4838943023,1,0.05665242671966553
flux_fill_real_rescaled,2503250992,0,0.020023440942168236
flux_fill_real_rescaled,2503250992,1,0.021287351846694946
flux_fill_real_rescaled,2678171436,0,0.01971912570297718
flux_fill_real_rescaled,2678171436,1,0.03384403511881828
flux_fill_real_rescaled,2047543321,0,0.007577240467071533
flux_fill_real_rescaled,2047543321,1,0.01640303246676922
flux_fill_real_rescaled,3036894037,0,0.048136770725250244
flux_fill_real_rescaled,3036894037,1,0.03963884338736534
flux_fill_real_rescaled,221596640,0,0.5626571178436279
flux_fill_real_rescaled,221596640,1,0.09235979616641998
flux_fill_real_rescaled,2874876837,0,0.09203286468982697
flux_fill_real_rescaled,2874876837,1,0.053799644112586975
flux_fill_real_rescaled,2298661279,0,0.23335674405097961
flux_fill_real_rescaled,2298661279,1,0.42262381315231323
flux_fill_real_rescaled,6474645169,0,0.043691057711839676
flux_fill_real_rescaled,6474645169,1,0.06187598407268524
flux_fill_real_rescaled,3121219649,0,0.14953137934207916
flux_fill_real_rescaled,3121219649,1,0.18653921782970428
flux_fill_real_rescaled,5456862756,0,0.2018132209777832
flux_fill_real_rescaled,5456862756,1,0.25945019721984863
flux_fill_real_rescaled,2856524322,0,0.5673673748970032
flux_fill_real_rescaled,2856524322,1,0.07585817575454712
flux_fill_real_rescaled,4347441967,0,0.04922211915254593
flux_fill_real_rescaled,4347441967,1,0.06608537584543228
flux_fill_real_rescaled,3745474894,0,0.03185885772109032
flux_fill_real_rescaled,3745474894,1,0.04672496020793915
flux_fill_real_rescaled,3157745346,0,0.020645931363105774
flux_fill_real_rescaled,3157745346,1,0.019568676128983498
flux_fill_real_rescaled,4062259729,0,0.048496004194021225
flux_fill_real_rescaled,4062259729,1,0.19436782598495483
flux_fill_real_rescaled,456299217,0,0.7283620238304138
flux_fill_real_rescaled,456299217,1,0.21733751893043518
flux_fill_real_rescaled,311619377,0,0.03138043358922005
flux_fill_real_rescaled,311619377,1,0.03283695504069328
flux_fill_real_rescaled,7940321892,0,0.44006314873695374
flux_fill_real_rescaled,7940321892,1,0.9429286122322083
flux_fill_real_rescaled,4655361417,0,0.30280324816703796
flux_fill_real_rescaled,4655361417,1,0.2743513584136963
flux_fill_real_rescaled,2471447879,0,0.029535336419939995
flux_fill_real_rescaled,2471447879,1,0.028870906680822372
flux_fill_real_rescaled,137444523,0,0.01196109876036644
flux_fill_real_rescaled,137444523,1,0.018404891714453697
flux_fill_real_rescaled,3332248667,0,0.026355354115366936
flux_fill_real_rescaled,3332248667,1,0.030214589089155197
flux_fill_real_rescaled,5691210724,0,0.18359363079071045
flux_fill_real_rescaled,5691210724,1,0.22644132375717163
flux_fill_real_rescaled,1810651611,0,0.5636481642723083
flux_fill_real_rescaled,1810651611,1,0.04115288704633713
flux_fill_real_rescaled,4734162520,0,0.024798160418868065
flux_fill_real_rescaled,4734162520,1,0.04023794084787369
flux_fill_real_rescaled,7012109893,0,0.14366760849952698
flux_fill_real_rescaled,7012109893,1,0.08756384998559952
flux_fill_real_rescaled,7645680482,0,0.5666181445121765
flux_fill_real_rescaled,7645680482,1,0.06608537584543228
flux_fill_real_rescaled,2127166904,0,0.08419107645750046
flux_fill_real_rescaled,2127166904,1,0.055005282163619995
flux_fill_real_rescaled,3334866049,0,0.5994851589202881
flux_fill_real_rescaled,3334866049,1,0.08035746961832047
flux_fill_real_rescaled,3367399,0,0.034358687698841095
flux_fill_real_rescaled,3367399,1,0.023689471185207367
flux_fill_real_rescaled,3149038044,0,0.017712296918034554
flux_fill_real_rescaled,3149038044,1,0.04707418009638786
flux_fill_real_rescaled,450688968,0,0.042087726294994354
flux_fill_real_rescaled,450688968,1,0.020177319645881653
flux_fill_real_rescaled,4401136784,0,0.13432104885578156
flux_fill_real_rescaled,4401136784,1,0.2030746340751648
flux_fill_real_rescaled,4818675994,0,0.01590639166533947
flux_fill_real_rescaled,4818675994,1,0.018833130598068237
flux_fill_real_rescaled,345852737,0,0.08756384998559952
flux_fill_real_rescaled,345852737,1,0.10743747651576996
flux_fill_real_rescaled,5925544950,0,0.02498779445886612
flux_fill_real_rescaled,5925544950,1,0.028007520362734795
flux_fill_real_rescaled,4183662919,0,0.07316471636295319
flux_fill_real_rescaled,4183662919,1,0.034358687698841095
flux_fill_real_rescaled,4684005479,0,0.022457055747509003
flux_fill_real_rescaled,4684005479,1,0.012624949216842651
flux_fill_real_rescaled,253800791,0,0.19132769107818604
flux_fill_real_rescaled,253800791,1,0.0427221953868866
flux_fill_real_rescaled,8138745455,0,0.06754669547080994
flux_fill_real_rescaled,8138745455,1,0.04885777831077576
flux_fill_real_rescaled,95795877,0,0.24798743426799774
flux_fill_real_rescaled,95795877,1,0.06052938848733902
flux_fill_real_rescaled,6381062375,0,0.35242462158203125
flux_fill_real_rescaled,6381062375,1,0.19682620465755463
flux_fill_real_rescaled,4712636240,0,0.008187909610569477
flux_fill_real_rescaled,4712636240,1,0.01590639166533947
flux_fill_real_rescaled,3194533056,0,0.02595735713839531
flux_fill_real_rescaled,3194533056,1,0.03514484688639641
flux_fill_real_rescaled,4668948309,0,0.11047115176916122
flux_fill_real_rescaled,4668948309,1,0.07807815819978714
flux_fill_real_rescaled,268365231,0,0.02822098508477211
flux_fill_real_rescaled,268365231,1,0.02228618785738945
flux_fill_real_rescaled,4631131293,0,0.017442483454942703
flux_fill_real_rescaled,4631131293,1,0.020023440942168236
flux_fill_real_rescaled,1387014885,0,0.017712296918034554
flux_fill_real_rescaled,1387014885,1,0.013955710455775261
flux_fill_real_rescaled,2952320230,0,0.6258955001831055
flux_fill_real_rescaled,2952320230,1,0.7606506943702698
flux_fill_real_rescaled,6841943688,0,0.0832919329404831
flux_fill_real_rescaled,6841943688,1,0.11516223102807999
flux_fill_real_rescaled,4333374998,0,0.03283695504069328
flux_fill_real_rescaled,4333374998,1,0.07316471636295319
flux_fill_real_rescaled,3468635980,0,0.01912403665482998
flux_fill_real_rescaled,3468635980,1,0.030214589089155197
flux_fill_real_rescaled,3125628091,0,0.10594827681779861
flux_fill_real_rescaled,3125628091,1,0.16451644897460938
flux_fill_real_rescaled,534570169,0,0.023870835080742836
flux_fill_real_rescaled,534570169,1,0.0446808747947216
flux_fill_real_rescaled,4447160600,0,0.09636510163545609
flux_fill_real_rescaled,4447160600,1,0.1431877166032791
flux_fill_real_rescaled,2209751,0,0.03622005879878998
flux_fill_real_rescaled,2209751,1,0.020177319645881653
flux_fill_real_rescaled,2723929323,0,0.15713685750961304
flux_fill_real_rescaled,2723929323,1,0.0991208553314209
flux_fill_real_rescaled,6589292543,0,0.04958902671933174
flux_fill_real_rescaled,6589292543,1,0.034618839621543884
flux_fill_real_rescaled,3351586010,0,0.057918086647987366
flux_fill_real_rescaled,3351586010,1,0.19406215846538544
flux_fill_real_rescaled,3241531692,0,0.13799647986888885
flux_fill_real_rescaled,3241531692,1,0.13614831864833832
flux_fill_real_rescaled,4879951396,0,0.1276526302099228
flux_fill_real_rescaled,4879951396,1,0.29178741574287415
flux_fill_real_rescaled,3560502528,0,0.05749327689409256
flux_fill_real_rescaled,3560502528,1,0.05623634159564972
flux_fill_real_rescaled,3655074079,0,0.14706452190876007
flux_fill_real_rescaled,3655074079,1,0.07640768587589264
flux_fill_real_rescaled,4491044489,0,0.8489722013473511
flux_fill_real_rescaled,4491044489,1,0.06142403930425644
flux_fill_real_rescaled,3105623068,0,0.08756384998559952
flux_fill_real_rescaled,3105623068,1,0.17838266491889954
flux_fill_real_rescaled,3965771582,0,0.16238002479076385
flux_fill_real_rescaled,3965771582,1,0.07055959850549698
flux_fill_real_rescaled,6839984356,0,0.643105149269104
flux_fill_real_rescaled,6839984356,1,0.2689414322376251
flux_fill_real_rescaled,2103080234,0,0.26170814037323
flux_fill_real_rescaled,2103080234,1,0.5195213556289673
flux_fill_real_rescaled,33497646,0,0.49005258083343506
flux_fill_real_rescaled,33497646,1,0.8918110132217407
flux_fill_real_rescaled,3590753142,0,0.09301680326461792
flux_fill_real_rescaled,3590753142,1,0.0960254967212677
flux_fill_real_rescaled,3784574313,0,0.0427221953868866
flux_fill_real_rescaled,3784574313,1,0.13206614553928375
flux_fill_real_rescaled,2728607980,0,0.19072401523590088
flux_fill_real_rescaled,2728607980,1,0.0446808747947216
flux_fill_real_rescaled,575853856,0,0.3567827641963959
flux_fill_real_rescaled,575853856,1,0.07369627058506012
flux_fill_real_rescaled,6472693569,0,0.05541279539465904
flux_fill_real_rescaled,6472693569,1,0.11838509887456894
flux_fill_real_rescaled,7117115809,0,0.8727816939353943
flux_fill_real_rescaled,7117115809,1,0.26626187562942505
flux_fill_real_rescaled,7796487260,0,0.8679338097572327
flux_fill_real_rescaled,7796487260,1,0.8902942538261414
flux_fill_real_rescaled,3119887967,0,0.1063188761472702
flux_fill_real_rescaled,3119887967,1,0.10818894952535629
flux_fill_real_rescaled,6925158300,0,0.09501304477453232
flux_fill_real_rescaled,6925158300,1,0.11596070975065231
flux_fill_real_rescaled,242558556,0,0.13799647986888885
flux_fill_real_rescaled,242558556,1,0.08269733935594559
flux_fill_real_rescaled,3176499620,0,0.043042849749326706
flux_fill_real_rescaled,3176499620,1,0.18476751446723938
flux_fill_real_rescaled,4851268802,0,0.7483522891998291
flux_fill_real_rescaled,4851268802,1,0.7905303239822388
flux_fill_real_rescaled,3209564153,0,0.3255205750465393
flux_fill_real_rescaled,3209564153,1,0.11596070975065231
flux_fill_real_rescaled,3525978606,0,0.0541987270116806
flux_fill_real_rescaled,3525978606,1,0.06804042309522629
flux_fill_real_rescaled,3274495419,0,0.031618766486644745
flux_fill_real_rescaled,3274495419,1,0.05184547230601311
flux_fill_real_rescaled,3855173636,0,0.21502089500427246
flux_fill_real_rescaled,3855173636,1,0.20850107073783875
flux_fill_real_rescaled,2557922709,0,0.06656918674707413
flux_fill_real_rescaled,2557922709,1,0.20882359147071838
flux_fill_real_rescaled,2991994607,0,0.022977370768785477
flux_fill_real_rescaled,2991994607,1,0.02178117260336876
flux_fill_real_rescaled,4799951910,0,0.0037654137704521418
flux_fill_real_rescaled,4799951910,1,0.006192990578711033
flux_fill_real_rescaled,4750766294,0,0.029535336419939995
flux_fill_real_rescaled,4750766294,1,0.03283695504069328
flux_fill_real_rescaled,3418462699,0,0.11162799596786499
flux_fill_real_rescaled,3418462699,1,0.43518128991127014
flux_fill_real_rescaled,3273892996,0,0.1208532303571701
flux_fill_real_rescaled,3273892996,1,0.05460060387849808
flux_fill_real_rescaled,54242432,0,0.057918086647987366
flux_fill_real_rescaled,54242432,1,0.03541072458028793
flux_fill_real_rescaled,3189464563,0,0.04054073989391327
flux_fill_real_rescaled,3189464563,1,0.07316471636295319
flux_fill_real_rescaled,4950889937,0,0.020177319645881653
flux_fill_real_rescaled,4950889937,1,0.13028542697429657
flux_fill_real_rescaled,2580707208,0,0.17217186093330383
flux_fill_real_rescaled,2580707208,1,0.07640768587589264
flux_fill_real_rescaled,6053720349,0,0.03567855432629585
flux_fill_real_rescaled,6053720349,1,0.03514484688639641
flux_fill_real_rescaled,7353914844,0,0.766992449760437
flux_fill_real_rescaled,7353914844,1,0.5700920224189758
flux_fill_real_rescaled,4768270751,0,0.12678517401218414
flux_fill_real_rescaled,4768270751,1,0.5562790632247925
flux_fill_real_rescaled,492587970,0,0.06954174488782883
flux_fill_real_rescaled,492587970,1,0.04401865229010582
flux_fill_real_rescaled,125635185,0,0.12940272688865662
flux_fill_real_rescaled,125635185,1,0.08035746961832047
flux_fill_real_rescaled,4876504906,0,0.1431877166032791
flux_fill_real_rescaled,4876504906,1,0.2609540820121765
flux_fill_real_rescaled,2875823162,0,0.019568676128983498
flux_fill_real_rescaled,2875823162,1,0.012821214273571968
flux_fill_real_rescaled,4781019036,0,0.01678549125790596
flux_fill_real_rescaled,4781019036,1,0.7394223809242249
flux_fill_real_rescaled,4749166996,0,0.20561504364013672
flux_fill_real_rescaled,4749166996,1,0.2546016275882721
flux_fill_real_rescaled,6188266707,0,0.057918086647987366
flux_fill_real_rescaled,6188266707,1,0.08850466459989548
flux_fill_real_rescaled,314800643,0,0.004681822843849659
flux_fill_real_rescaled,314800643,1,0.004399413242936134
flux_fill_real_rescaled,8143343377,0,0.05749327689409256
flux_fill_real_rescaled,8143343377,1,0.08064661920070648
flux_fill_real_rescaled,123997871,0,0.04958902671933174
flux_fill_real_rescaled,123997871,1,0.01428193412721157
flux_fill_real_rescaled,3676460610,0,0.9149009585380554
flux_fill_real_rescaled,3676460610,1,0.37159258127212524
flux_fill_real_rescaled,201314419,0,0.38792216777801514
flux_fill_real_rescaled,201314419,1,0.16398024559020996
flux_fill_real_rescaled,252846811,0,0.04569203406572342
flux_fill_real_rescaled,252846811,1,0.05146276578307152
flux_fill_real_rescaled,4980795412,0,0.06903792917728424
flux_fill_real_rescaled,4980795412,1,0.0627892017364502
flux_fill_real_rescaled,4410033566,0,0.05541279539465904
flux_fill_real_rescaled,4410033566,1,0.05033063143491745
flux_fill_real_rescaled,2607097757,0,0.4735355079174042
flux_fill_real_rescaled,2607097757,1,0.032344330102205276
flux_fill_real_rescaled,2414397449,0,0.16667540371418
flux_fill_real_rescaled,2414397449,1,0.40630239248275757
flux_fill_real_rescaled,3399284917,0,0.7512834072113037
flux_fill_real_rescaled,3399284917,1,0.6943026781082153
flux_fill_real_rescaled,4623000836,0,0.22337706387043
flux_fill_real_rescaled,4623000836,1,0.05460060387849808
flux_fill_real_rescaled,154653766,0,0.23792991042137146
flux_fill_real_rescaled,154653766,1,0.14080817997455597
flux_fill_real_rescaled,3403263046,0,0.05834583565592766
flux_fill_real_rescaled,3403263046,1,0.08632348477840424
flux_fill_real_rescaled,4586247564,0,0.018404891714453697
flux_fill_real_rescaled,4586247564,1,0.020332353189587593
flux_fill_real_rescaled,2125626631,0,0.04401865229010582
flux_fill_real_rescaled,2125626631,1,0.052618954330682755
flux_fill_real_rescaled,1872000955,0,0.020177319645881653
flux_fill_real_rescaled,1872000955,1,0.06512755155563354
flux_fill_real_rescaled,4801849846,0,0.012624949216842651
flux_fill_real_rescaled,4801849846,1,0.0034834244288504124
flux_fill_real_rescaled,5389294129,0,0.2825919985771179
flux_fill_real_rescaled,5389294129,1,0.2312668263912201
flux_fill_real_rescaled,3607969989,0,0.09009299427270889
flux_fill_real_rescaled,3607969989,1,0.16238002479076385
flux_fill_real_rescaled,3540241710,0,0.3798958659172058
flux_fill_real_rescaled,3540241710,1,0.2747403681278229
flux_fill_real_rescaled,3773298212,0,0.6632328629493713
flux_fill_real_rescaled,3773298212,1,0.267408162355423
flux_fill_real_rescaled,5489602545,0,0.04535257816314697
flux_fill_real_rescaled,5489602545,1,0.05877656117081642
flux_fill_real_rescaled,558338473,0,0.0120537793263793
flux_fill_real_rescaled,558338473,1,0.03963884338736534
flux_fill_real_rescaled,3619322150,0,0.06705628335475922
flux_fill_real_rescaled,3619322150,1,0.16026602685451508
flux_fill_real_rescaled,3856155585,0,0.04240383207798004
flux_fill_real_rescaled,3856155585,1,0.038178276270627975
flux_fill_real_rescaled,101669240,0,0.1208532303571701
flux_fill_real_rescaled,101669240,1,0.32637879252433777
flux_fill_real_rescaled,3427233064,0,0.053799644112586975
flux_fill_real_rescaled,3427233064,1,0.0753123089671135
flux_fill_real_rescaled,19469520,0,0.027169233188033104
flux_fill_real_rescaled,19469520,1,0.005220125894993544
flux_fill_real_rescaled,83001714,0,0.005554925184696913
flux_fill_real_rescaled,83001714,1,0.013020489364862442
flux_fill_real_rescaled,177591612,0,0.018546564504504204
flux_fill_real_rescaled,177591612,1,0.026556573808193207
flux_fill_real_rescaled,427736337,0,0.004007288720458746
flux_fill_real_rescaled,427736337,1,0.002981032943353057
flux_fill_real_rescaled,1546632452,0,0.06008664518594742
flux_fill_real_rescaled,1546632452,1,0.07585817575454712
flux_fill_real_rescaled,4631840705,0,0.07751765847206116
flux_fill_real_rescaled,4631840705,1,0.10266400873661041
flux_fill_real_rescaled,2757803246,0,0.018264278769493103
flux_fill_real_rescaled,2757803246,1,0.020023440942168236
flux_fill_real_rescaled,6927848734,0,0.03384403511881828
flux_fill_real_rescaled,6927848734,1,0.03963884338736534
flux_fill_real_rescaled,3362080042,0,0.04569203406572342
flux_fill_real_rescaled,3362080042,1,0.14366760849952698
flux_fill_real_rescaled,4940658755,0,0.11556088179349899
flux_fill_real_rescaled,4940658755,1,0.09203286468982697
flux_fill_real_rescaled,4903293024,0,0.055005282163619995
flux_fill_real_rescaled,4903293024,1,0.2114168256521225
flux_fill_real_rescaled,4016499639,0,0.09367799758911133
flux_fill_real_rescaled,4016499639,1,0.043691057711839676
flux_fill_real_rescaled,3809758561,0,0.05070536211133003
flux_fill_real_rescaled,3809758561,1,0.053009770810604095
flux_fill_real_rescaled,4736841029,0,0.1901218295097351
flux_fill_real_rescaled,4736841029,1,0.09704755991697311
flux_fill_real_rescaled,2284894733,0,0.038178276270627975
flux_fill_real_rescaled,2284894733,1,0.26817411184310913
flux_fill_real_rescaled,2378356400,0,0.6025294065475464
flux_fill_real_rescaled,2378356400,1,0.2841785252094269
flux_fill_real_rescaled,541063419,0,0.07477004081010818
flux_fill_real_rescaled,541063419,1,0.03760863468050957
flux_fill_real_rescaled,4948865477,0,0.44733956456184387
flux_fill_real_rescaled,4948865477,1,0.14128142595291138
flux_fill_real_rescaled,3327761688,0,0.01243165135383606
flux_fill_real_rescaled,3327761688,1,0.01332514826208353
flux_fill_real_rescaled,637245791,0,0.01374232117086649
flux_fill_real_rescaled,637245791,1,0.07055959850549698
flux_fill_real_rescaled,2230363312,0,0.02460992895066738
flux_fill_real_rescaled,2230363312,1,0.028870906680822372
flux_fill_real_rescaled,2973269132,0,0.046378206461668015
flux_fill_real_rescaled,2973269132,1,0.05541279539465904
flux_fill_real_rescaled,2551602773,0,0.05707140266895294
flux_fill_real_rescaled,2551602773,1,0.021125193685293198
flux_fill_real_rescaled,732671252,0,0.05146276578307152
flux_fill_real_rescaled,732671252,1,0.04958902671933174
flux_fill_real_rescaled,3219606,0,0.004399413242936134
flux_fill_real_rescaled,3219606,1,0.00912563782185316
flux_fill_real_rescaled,905355838,0,0.018546564504504204
flux_fill_real_rescaled,905355838,1,0.031143832951784134
flux_fill_real_rescaled,4632869465,0,0.0943434089422226
flux_fill_real_rescaled,4632869465,1,0.09467770159244537
flux_fill_real_rescaled,281658181,0,0.08913692831993103
flux_fill_real_rescaled,281658181,1,0.12463856488466263
flux_fill_real_rescaled,3124455694,0,0.04742587357759476
flux_fill_real_rescaled,3124455694,1,0.04569203406572342
flux_fill_real_rescaled,3416339125,0,0.34953272342681885
flux_fill_real_rescaled,3416339125,1,0.4787725508213043
flux_fill_real_rescaled,2518853257,0,0.019419347867369652
flux_fill_real_rescaled,2518853257,1,0.01243165135383606
flux_fill_real_rescaled,5732777684,0,0.06853749603033066
flux_fill_real_rescaled,5732777684,1,0.20434190332889557
flux_fill_real_rescaled,1777816180,0,0.07211220264434814
flux_fill_real_rescaled,1777816180,1,0.05921025201678276
flux_fill_real_rescaled,5384132543,0,0.677047073841095
flux_fill_real_rescaled,5384132543,1,0.8688268065452576
flux_fill_real_rescaled,2446830166,0,0.22815649211406708
flux_fill_real_rescaled,2446830166,1,0.06560482829809189
flux_fill_real_rescaled,288038357,0,0.21337716281414032
flux_fill_real_rescaled,288038357,1,0.896975576877594
flux_fill_real_rescaled,6647904677,0,0.10158944129943848
flux_fill_real_rescaled,6647904677,1,0.18713268637657166
flux_fill_real_rescaled,620595746,0,0.01912403665482998
flux_fill_real_rescaled,620595746,1,0.04501553252339363
flux_fill_real_rescaled,1423997242,0,0.025371313095092773
flux_fill_real_rescaled,1423997242,1,0.06187598407268524
flux_fill_real_rescaled,4941418090,0,0.05146276578307152
flux_fill_real_rescaled,4941418090,1,0.2075357437133789
flux_fill_real_rescaled,3909552008,0,0.08570927381515503
flux_fill_real_rescaled,3909552008,1,0.38861799240112305
flux_fill_real_rescaled,1505686764,0,0.028870906680822372
flux_fill_real_rescaled,1505686764,1,0.05582313984632492
flux_fill_real_rescaled,4770745669,0,0.25275272130966187
flux_fill_real_rescaled,4770745669,1,0.22712630033493042
flux_fill_real_rescaled,2752084369,0,0.06097518280148506
flux_fill_real_rescaled,2752084369,1,0.05877656117081642
flux_fill_real_rescaled,3466635681,0,0.42369645833969116
flux_fill_real_rescaled,3466635681,1,0.5995144844055176
flux_fill_real_rescaled,4152957260,0,0.0534033328294754
flux_fill_real_rescaled,4152957260,1,0.9224823713302612
flux_fill_real_rescaled,4977528001,0,0.03963884338736534
flux_fill_real_rescaled,4977528001,1,0.07585817575454712
flux_fill_real_rescaled,2167644298,0,0.17050801217556
flux_fill_real_rescaled,2167644298,1,0.10743747651576996
flux_fill_real_rescaled,6191516871,0,0.15974101424217224
flux_fill_real_rescaled,6191516871,1,0.027169233188033104
flux_fill_real_rescaled,4569102627,0,0.046378206461668015
flux_fill_real_rescaled,4569102627,1,0.06804042309522629
flux_fill_real_rescaled,72010346,0,0.028870906680822372
flux_fill_real_rescaled,72010346,1,0.01098694372922182
flux_fill_real_rescaled,4444686770,0,0.3970029056072235
flux_fill_real_rescaled,4444686770,1,0.13296423852443695
flux_fill_real_rescaled,3302986588,0,0.07477004081010818
flux_fill_real_rescaled,3302986588,1,0.17384850978851318
flux_fill_real_rescaled,4915658588,0,0.08945459872484207
flux_fill_real_rescaled,4915658588,1,0.10158944129943848
flux_fill_real_rescaled,5988551357,0,0.02517884224653244
flux_fill_real_rescaled,5988551357,1,0.02517884224653244
flux_fill_real_rescaled,230486268,0,0.07585817575454712
flux_fill_real_rescaled,230486268,1,0.1030244305729866
flux_fill_real_rescaled,3050606344,0,0.1795305609703064
flux_fill_real_rescaled,3050606344,1,0.11920291930437088
flux_fill_real_rescaled,3449846784,0,0.8221890926361084
flux_fill_real_rescaled,3449846784,1,0.3315524756908417
flux_fill_real_rescaled,4570151256,0,0.2954331338405609
flux_fill_real_rescaled,4570151256,1,0.2429232895374298
flux_fill_real_rescaled,3043510721,0,0.014615669846534729
flux_fill_real_rescaled,3043510721,1,0.029986508190631866
flux_fill_real_rescaled,4895355979,0,0.3191213607788086
flux_fill_real_rescaled,4895355979,1,0.13799647986888885
flux_fill_real_rescaled,390369,0,0.0020507434383034706
flux_fill_real_rescaled,390369,1,0.0035380860790610313
flux_fill_real_rescaled,3390808408,0,0.02517884224653244
flux_fill_real_rescaled,3390808408,1,0.3922204375267029
flux_fill_real_rescaled,3523559027,0,0.06754669547080994
flux_fill_real_rescaled,3523559027,1,0.05460060387849808
flux_fill_real_rescaled,2980901328,0,0.023509450256824493
flux_fill_real_rescaled,2980901328,1,0.007345826365053654
flux_fill_real_rescaled,582788646,0,0.052618954330682755
flux_fill_real_rescaled,582788646,1,0.15974101424217224
flux_fill_real_rescaled,4490635744,0,0.015189049765467644
flux_fill_real_rescaled,4490635744,1,0.02228618785738945
flux_fill_real_rescaled,3636936656,0,0.025371313095092773
flux_fill_real_rescaled,3636936656,1,0.03138043358922005
flux_fill_real_rescaled,6186146093,0,0.06371499598026276
flux_fill_real_rescaled,6186146093,1,0.1276526302099228
flux_fill_real_rescaled,345284642,0,0.019419347867369652
flux_fill_real_rescaled,345284642,1,0.7037531137466431
flux_fill_real_rescaled,3620764461,0,0.034100428223609924
flux_fill_real_rescaled,3620764461,1,0.055005282163619995
flux_fill_real_rescaled,141841337,0,0.007577240467071533
flux_fill_real_rescaled,141841337,1,0.01196109876036644
flux_fill_real_rescaled,4712411908,0,0.08756384998559952
flux_fill_real_rescaled,4712411908,1,0.08945459872484207
flux_fill_real_rescaled,4803926618,0,0.2869678735733032
flux_fill_real_rescaled,4803926618,1,0.17217186093330383
flux_fill_real_rescaled,1625306051,0,0.05665242671966553
flux_fill_real_rescaled,1625306051,1,0.049958523362874985
flux_fill_real_rescaled,2515822745,0,0.05921025201678276
flux_fill_real_rescaled,2515822745,1,0.15817435085773468
flux_fill_real_rescaled,4328538175,0,0.027585284784436226
flux_fill_real_rescaled,4328538175,1,0.04177388176321983
flux_fill_real_rescaled,2202059975,0,0.11636176705360413
flux_fill_real_rescaled,2202059975,1,0.16184942424297333
flux_fill_real_rescaled,4316585644,0,0.05070536211133003
flux_fill_real_rescaled,4316585644,1,0.06754669547080994
flux_fill_real_rescaled,499165634,0,0.29462072253227234
flux_fill_real_rescaled,499165634,1,0.650245189666748
flux_fill_real_rescaled,4734146340,0,0.039048291742801666
flux_fill_real_rescaled,4734146340,1,0.0443485826253891
flux_fill_real_rescaled,1160441615,0,0.1859472095966339
flux_fill_real_rescaled,1160441615,1,0.06187598407268524
flux_fill_real_rescaled,6958079140,0,0.4053898751735687
flux_fill_real_rescaled,6958079140,1,0.26246359944343567
flux_fill_real_rescaled,3562606482,0,0.01243165135383606
flux_fill_real_rescaled,3562606482,1,0.00806199200451374
flux_fill_real_rescaled,23016347,0,0.02460992895066738
flux_fill_real_rescaled,23016347,1,0.14953137934207916
flux_fill_real_rescaled,6194677011,0,0.3354596793651581
flux_fill_real_rescaled,6194677011,1,0.32060855627059937
flux_fill_real_rescaled,6774537791,0,0.02460992895066738
flux_fill_real_rescaled,6774537791,1,0.0627892017364502
flux_fill_real_rescaled,2577972703,0,0.1465752124786377
flux_fill_real_rescaled,2577972703,1,0.049958523362874985
flux_fill_real_rescaled,3221036999,0,0.5704509615898132
flux_fill_real_rescaled,3221036999,1,0.49047964811325073
flux_fill_real_rescaled,2797188545,0,0.09235979616641998
flux_fill_real_rescaled,2797188545,1,0.28140559792518616
flux_fill_real_rescaled,1181708011,0,0.169956237077713
flux_fill_real_rescaled,1181708011,1,0.11596070975065231
flux_fill_real_rescaled,2978040423,0,0.8661325573921204
flux_fill_real_rescaled,2978040423,1,0.8652240633964539
flux_fill_real_rescaled,3249597269,0,0.18772760033607483
flux_fill_real_rescaled,3249597269,1,0.16667540371418
flux_fill_real_rescaled,1066831905,0,0.016914913430809975
flux_fill_real_rescaled,1066831905,1,0.02909075655043125
flux_fill_real_rescaled,2844202978,0,0.03704717382788658
flux_fill_real_rescaled,2844202978,1,0.04958902671933174
flux_fill_real_rescaled,2363540508,0,0.0446808747947216
flux_fill_real_rescaled,2363540508,1,0.23863890767097473
flux_fill_real_rescaled,3353400143,0,0.05921025201678276
flux_fill_real_rescaled,3353400143,1,0.2925953269004822
flux_fill_real_rescaled,3362592729,0,0.042087726294994354
flux_fill_real_rescaled,3362592729,1,0.03567855432629585
flux_fill_real_rescaled,91875542,0,0.09073548763990402
flux_fill_real_rescaled,91875542,1,0.09501304477453232
flux_fill_real_rescaled,2507831979,0,0.011687257327139378
flux_fill_real_rescaled,2507831979,1,0.11240507662296295
flux_fill_real_rescaled,2841909138,0,0.04958902671933174
flux_fill_real_rescaled,2841909138,1,0.05460060387849808
flux_fill_real_rescaled,462383841,0,0.23405632376670837
flux_fill_real_rescaled,462383841,1,0.14804719388484955
flux_fill_real_rescaled,4448279884,0,0.06853749603033066
flux_fill_real_rescaled,4448279884,1,0.0534033328294754
flux_fill_real_rescaled,3081330705,0,0.19559407234191895
flux_fill_real_rescaled,3081330705,1,0.4491509795188904
flux_fill_real_rescaled,4900761380,0,0.27943506836891174
flux_fill_real_rescaled,4900761380,1,0.6495786309242249
flux_fill_real_rescaled,5925539370,0,0.30528295040130615
flux_fill_real_rescaled,5925539370,1,0.2849738299846649
flux_fill_real_rescaled,1288909046,0,0.0943434089422226
flux_fill_real_rescaled,1288909046,1,0.04240383207798004
flux_fill_real_rescaled,437549483,0,0.3553273677825928
flux_fill_real_rescaled,437549483,1,0.29849138855934143
flux_fill_real_rescaled,520913429,0,0.3235938251018524
flux_fill_real_rescaled,520913429,1,0.21900324523448944
flux_fill_real_rescaled,3732728142,0,0.1250653862953186
flux_fill_real_rescaled,3732728142,1,0.09009299427270889
flux_fill_real_rescaled,1235455146,0,0.05070536211133003
flux_fill_real_rescaled,1235455146,1,0.05707140266895294
flux_fill_real_rescaled,3186527735,0,0.014957087114453316
flux_fill_real_rescaled,3186527735,1,0.011869121342897415
flux_fill_real_rescaled,3567604049,0,0.09739039838314056
flux_fill_real_rescaled,3567604049,1,0.04672496020793915
flux_fill_real_rescaled,78058719,0,0.01065251138061285
flux_fill_real_rescaled,78058719,1,0.011244560591876507
flux_fill_real_rescaled,1235099089,0,0.0838903859257698
flux_fill_real_rescaled,1235099089,1,0.11596070975065231
flux_fill_real_rescaled,4584266249,0,0.1030244305729866
flux_fill_real_rescaled,4584266249,1,0.4911203384399414
flux_fill_real_rescaled,4751932433,0,0.13660839200019836
flux_fill_real_rescaled,4751932433,1,0.11879339814186096
flux_fill_real_rescaled,3529333786,0,0.08509904146194458
flux_fill_real_rescaled,3529333786,1,0.14463144540786743
flux_fill_real_rescaled,3640329164,0,0.27009499073028564
flux_fill_real_rescaled,3640329164,1,0.12678517401218414
flux_fill_real_rescaled,2396746868,0,0.09073548763990402
flux_fill_real_rescaled,2396746868,1,0.09073548763990402
flux_fill_real_rescaled,411008311,0,0.09170696884393692
flux_fill_real_rescaled,411008311,1,0.05834583565592766
flux_fill_real_rescaled,2800990525,0,0.017309095710515976
flux_fill_real_rescaled,2800990525,1,0.03760863468050957
flux_fill_real_rescaled,3522495606,0,0.04958902671933174
flux_fill_real_rescaled,3522495606,1,0.28477486968040466
flux_fill_real_rescaled,4803984649,0,0.03488088771700859
flux_fill_real_rescaled,4803984649,1,0.04535257816314697
flux_fill_real_rescaled,3376741717,0,0.00955939944833517
flux_fill_real_rescaled,3376741717,1,0.01374232117086649
flux_fill_real_rescaled,3246724744,0,0.09877259284257889
flux_fill_real_rescaled,3246724744,1,0.07263670116662979
flux_fill_real_rescaled,3243866702,0,0.9149009585380554
flux_fill_real_rescaled,3243866702,1,0.2260993868112564
flux_fill_real_rescaled,2903617548,0,0.0838903859257698
flux_fill_real_rescaled,2903617548,1,0.11357959359884262
flux_fill_real_rescaled,7711598144,0,0.06008664518594742
flux_fill_real_rescaled,7711598144,1,0.14033624529838562
flux_fill_real_rescaled,2305437797,0,0.04501553252339363
flux_fill_real_rescaled,2305437797,1,0.23651622235774994
flux_fill_real_rescaled,91251257,0,0.004829722456634045
flux_fill_real_rescaled,91251257,1,0.004982269834727049
flux_fill_real_rescaled,514165525,0,0.1196136623620987
flux_fill_real_rescaled,514165525,1,0.08694165199995041
flux_fill_real_rescaled,3708748633,0,0.01016965787857771
flux_fill_real_rescaled,3708748633,1,0.01332514826208353
flux_fill_real_rescaled,6315352509,0,0.23863890767097473
flux_fill_real_rescaled,6315352509,1,0.23196201026439667
flux_fill_real_rescaled,3728015645,0,0.703345775604248
flux_fill_real_rescaled,3728015645,1,0.8474634885787964
flux_fill_real_rescaled,1378557186,0,0.042087726294994354
flux_fill_real_rescaled,1378557186,1,0.06903792917728424
flux_fill_real_rescaled,4719086173,0,0.10818894952535629
flux_fill_real_rescaled,4719086173,1,0.10123348236083984
flux_fill_real_rescaled,4893369019,0,0.07316471636295319
flux_fill_real_rescaled,4893369019,1,0.05223085358738899
flux_fill_real_rescaled,65845718,0,0.20561504364013672
flux_fill_real_rescaled,65845718,1,0.8674854040145874
flux_fill_real_rescaled,2537819002,0,0.020023440942168236
flux_fill_real_rescaled,2537819002,1,0.02822098508477211
flux_fill_real_rescaled,1112334131,0,0.008711383678019047
flux_fill_real_rescaled,1112334131,1,0.016657039523124695
flux_fill_real_rescaled,697582336,0,0.08269733935594559
flux_fill_real_rescaled,697582336,1,0.11556088179349899
flux_fill_real_rescaled,2602279427,0,0.024237636476755142
flux_fill_real_rescaled,2602279427,1,0.00985985528677702
flux_fill_real_rescaled,4365035558,0,0.02080448903143406
flux_fill_real_rescaled,4365035558,1,0.029760094359517097
flux_fill_real_rescaled,524360969,0,0.07696083933115005
flux_fill_real_rescaled,524360969,1,0.03541072458028793
flux_fill_real_rescaled,4944644486,0,0.3302551805973053
flux_fill_real_rescaled,4944644486,1,0.21900324523448944
flux_fill_real_rescaled,4320494335,0,0.010902373120188713
flux_fill_real_rescaled,4320494335,1,0.017309095710515976
flux_fill_real_rescaled,2596474836,0,0.7498207092285156
flux_fill_real_rescaled,2596474836,1,0.06754669547080994
flux_fill_real_rescaled,8173029395,0,0.024237636476755142
flux_fill_real_rescaled,8173029395,1,0.03567855432629585
flux_fill_real_rescaled,2691641332,0,0.04707418009638786
flux_fill_real_rescaled,2691641332,1,0.01374232117086649
flux_fill_real_rescaled,6987411804,0,0.017712296918034554
flux_fill_real_rescaled,6987411804,1,0.04240383207798004
flux_fill_real_rescaled,2637510448,0,0.05541279539465904
flux_fill_real_rescaled,2637510448,1,0.0991208553314209
flux_fill_real_rescaled,2871691966,0,0.030444350093603134
flux_fill_real_rescaled,2871691966,1,0.05108273774385452
flux_fill_real_rescaled,3194034449,0,0.5711687207221985
flux_fill_real_rescaled,3194034449,1,0.25312182307243347
flux_fill_real_rescaled,512309690,0,0.01652955822646618
flux_fill_real_rescaled,512309690,1,0.01098694372922182
flux_fill_real_rescaled,1606988704,0,0.8933094143867493
flux_fill_real_rescaled,1606988704,1,0.9155072569847107
flux_fill_real_rescaled,2278490028,0,0.0446808747947216
flux_fill_real_rescaled,2278490028,1,0.11124120652675629
flux_fill_real_rescaled,84509831,0,0.4909677803516388
flux_fill_real_rescaled,84509831,1,0.4401082694530487
flux_fill_real_rescaled,3562816250,0,0.40250954031944275
flux_fill_real_rescaled,3562816250,1,0.801314651966095
flux_fill_real_rescaled,2834752476,0,0.28736767172813416
flux_fill_real_rescaled,2834752476,1,0.314050555229187
flux_fill_real_rescaled,687513087,0,0.48681947588920593
flux_fill_real_rescaled,687513087,1,0.29665428400039673
flux_fill_real_rescaled,3724946689,0,0.709019124507904
flux_fill_real_rescaled,3724946689,1,0.4369524121284485
flux_fill_real_rescaled,5009687058,0,0.08210662752389908
flux_fill_real_rescaled,5009687058,1,0.06512755155563354
flux_fill_real_rescaled,7173939318,0,0.018124720081686974
flux_fill_real_rescaled,7173939318,1,0.02595735713839531
flux_fill_real_rescaled,3307563498,0,0.018833130598068237
flux_fill_real_rescaled,3307563498,1,0.023509450256824493
flux_fill_real_rescaled,3316725440,0,0.15152934193611145
flux_fill_real_rescaled,3316725440,1,0.23231014609336853
flux_fill_real_rescaled,2671602981,0,0.05921025201678276
flux_fill_real_rescaled,2671602981,1,0.12421300262212753
flux_fill_real_rescaled,6728801573,0,0.05223085358738899
flux_fill_real_rescaled,6728801573,1,0.16940587759017944
flux_fill_real_rescaled,378336163,0,0.9053223133087158
flux_fill_real_rescaled,378336163,1,0.9161096215248108
flux_fill_real_rescaled,319870744,0,0.16132023930549622
flux_fill_real_rescaled,319870744,1,0.5858122110366821
flux_fill_real_rescaled,299303069,0,0.015189049765467644
flux_fill_real_rescaled,299303069,1,0.02161533385515213
flux_fill_real_rescaled,479545053,0,0.10818894952535629
flux_fill_real_rescaled,479545053,1,0.05582313984632492
flux_fill_real_rescaled,2504056718,0,0.0541987270116806
flux_fill_real_rescaled,2504056718,1,0.03283695504069328
flux_fill_real_rescaled,141203926,0,0.07978201657533646
flux_fill_real_rescaled,141203926,1,0.1250653862953186
flux_fill_real_rescaled,415604639,0,0.030675798654556274
flux_fill_real_rescaled,415604639,1,0.026556573808193207
flux_fill_real_rescaled,421153376,0,0.06418264657258987
flux_fill_real_rescaled,421153376,1,0.07807815819978714
flux_fill_real_rescaled,745880539,0,0.21766994893550873
flux_fill_real_rescaled,745880539,1,0.35309356451034546
flux_fill_real_rescaled,3231749680,0,0.0064882696606218815
flux_fill_real_rescaled,3231749680,1,0.005911068990826607
flux_fill_real_rescaled,2666234771,0,0.020023440942168236
flux_fill_real_rescaled,2666234771,1,0.01590639166533947
flux_fill_real_rescaled,3079917032,0,0.10970577597618103
flux_fill_real_rescaled,3079917032,1,0.19314737617969513
flux_fill_real_rescaled,3773323977,0,0.03993731737136841
flux_fill_real_rescaled,3773323977,1,0.04672496020793915
flux_fill_real_rescaled,4971580248,0,0.02909075655043125
flux_fill_real_rescaled,4971580248,1,0.10266400873661041
flux_fill_real_rescaled,6680789117,0,0.08093671500682831
flux_fill_real_rescaled,6680789117,1,0.10194651782512665
flux_fill_real_rescaled,208025491,0,0.05460060387849808
flux_fill_real_rescaled,208025491,1,0.11596070975065231
flux_fill_real_rescaled,4912808658,0,0.008315779268741608
flux_fill_real_rescaled,4912808658,1,0.005911068990826607
flux_fill_real_rescaled,3504379205,0,0.07751765847206116
flux_fill_real_rescaled,3504379205,1,0.11436852067708969
flux_fill_real_rescaled,172097783,0,0.13028542697429657
flux_fill_real_rescaled,172097783,1,0.12896330654621124
flux_fill_real_rescaled,3355683198,0,0.28736767172813416
flux_fill_real_rescaled,3355683198,1,0.917302668094635
flux_fill_real_rescaled,2909982588,0,0.10970577597618103
flux_fill_real_rescaled,2909982588,1,0.19620943069458008
flux_fill_real_rescaled,1406296515,0,0.859663724899292
flux_fill_real_rescaled,1406296515,1,0.1555909812450409
flux_fill_real_rescaled,3163281186,0,0.8407825827598572
flux_fill_real_rescaled,3163281186,1,0.6032308340072632
flux_fill_real_rescaled,444051472,0,0.2312668263912201
flux_fill_real_rescaled,444051472,1,0.14175599813461304
flux_fill_real_rescaled,4523218758,0,0.037326883524656296
flux_fill_real_rescaled,4523218758,1,0.07640768587589264
flux_fill_real_rescaled,3368569524,0,0.10087861120700836
flux_fill_real_rescaled,3368569524,1,0.07211220264434814
flux_fill_real_rescaled,2391509645,0,0.06052938848733902
flux_fill_real_rescaled,2391509645,1,0.05223085358738899
flux_fill_real_rescaled,3041642723,0,0.021948255598545074
flux_fill_real_rescaled,3041642723,1,0.014728613197803497
flux_fill_real_rescaled,3469609037,0,0.06465348601341248
flux_fill_real_rescaled,3469609037,1,0.03963884338736534
flux_fill_real_rescaled,1157215900,0,0.0384661927819252
flux_fill_real_rescaled,1157215900,1,0.19930800795555115
flux_fill_real_rescaled,536537638,0,0.048496004194021225
flux_fill_real_rescaled,536537638,1,0.011687257327139378
flux_fill_real_rescaled,69830857,0,0.017576882615685463
flux_fill_real_rescaled,69830857,1,0.048496004194021225
flux_fill_real_rescaled,4594224630,0,0.03934250399470329
flux_fill_real_rescaled,4594224630,1,0.21272224187850952
flux_fill_real_rescaled,4560100704,0,0.03308597952127457
flux_fill_real_rescaled,4560100704,1,0.026759283617138863
flux_fill_real_rescaled,4948403203,0,0.7126322984695435
flux_fill_real_rescaled,4948403203,1,0.7839884757995605
flux_fill_real_rescaled,2441313372,0,0.05582313984632492
flux_fill_real_rescaled,2441313372,1,0.06705628335475922
flux_fill_real_rescaled,3325960085,0,0.02843603491783142
flux_fill_real_rescaled,3325960085,1,0.04177388176321983
flux_fill_real_rescaled,2317271,0,0.043365802615880966
flux_fill_real_rescaled,2317271,1,0.0378924235701561
flux_fill_real_rescaled,3640348910,0,0.07696083933115005
flux_fill_real_rescaled,3640348910,1,0.0753123089671135
flux_fill_real_rescaled,536495604,0,0.014172364957630634
flux_fill_real_rescaled,536495604,1,0.015306354500353336
flux_fill_real_rescaled,122301379,0,0.030675798654556274
flux_fill_real_rescaled,122301379,1,0.029535336419939995
flux_fill_real_rescaled,1011572216,0,0.04501553252339363
flux_fill_real_rescaled,1011572216,1,0.05146276578307152
flux_fill_real_rescaled,1580159719,0,0.01652955822646618
flux_fill_real_rescaled,1580159719,1,0.05070536211133003
flux_fill_real_rescaled,4451504790,0,0.0384661927819252
flux_fill_real_rescaled,4451504790,1,0.1037486270070076
flux_fill_real_rescaled,3809063851,0,0.00912563782185316
flux_fill_real_rescaled,3809063851,1,0.00955939944833517
flux_fill_real_rescaled,3667781063,0,0.01141961570829153
flux_fill_real_rescaled,3667781063,1,0.011687257327139378
flux_fill_real_rescaled,4751250311,0,0.09203286468982697
flux_fill_real_rescaled,4751250311,1,0.06656918674707413
flux_fill_real_rescaled,3311724634,0,0.043691057711839676
flux_fill_real_rescaled,3311724634,1,0.02262919954955578
flux_fill_real_rescaled,4494075018,0,0.18359363079071045
flux_fill_real_rescaled,4494075018,1,0.18068422377109528
flux_fill_real_rescaled,3259229498,0,0.014842418022453785
flux_fill_real_rescaled,3259229498,1,0.020023440942168236
flux_fill_real_rescaled,2993049054,0,0.031143832951784134
flux_fill_real_rescaled,2993049054,1,0.06008664518594742
flux_fill_real_rescaled,2629784415,0,0.6361271142959595
flux_fill_real_rescaled,2629784415,1,0.7711548805236816
flux_fill_real_rescaled,2731298834,0,0.05070536211133003
flux_fill_real_rescaled,2731298834,1,0.05070536211133003
flux_fill_real_rescaled,4118638516,0,0.03210070729255676
flux_fill_real_rescaled,4118638516,1,0.06233103945851326
flux_fill_real_rescaled,3827176890,0,0.40203991532325745
flux_fill_real_rescaled,3827176890,1,0.26549944281578064
flux_fill_real_rescaled,4180952377,0,0.17895591259002686
flux_fill_real_rescaled,4180952377,1,0.13161905109882355
flux_fill_real_rescaled,5614715384,0,0.6453434824943542
flux_fill_real_rescaled,5614715384,1,0.12378869205713272
flux_fill_real_rescaled,2147866213,0,0.006097561679780483
flux_fill_real_rescaled,2147866213,1,0.014172364957630634
flux_fill_real_rescaled,4825488431,0,0.3562226891517639
flux_fill_real_rescaled,4825488431,1,0.07055959850549698
flux_fill_real_rescaled,4857776520,0,0.03210070729255676
flux_fill_real_rescaled,4857776520,1,0.034100428223609924
flux_fill_real_rescaled,4920617810,0,0.06954174488782883
flux_fill_real_rescaled,4920617810,1,0.04115288704633713
flux_fill_real_rescaled,7129695767,0,0.4848679304122925
flux_fill_real_rescaled,7129695767,1,0.6544531583786011
flux_fill_real_rescaled,3399944164,0,0.12808823585510254
flux_fill_real_rescaled,3399944164,1,0.21011725068092346
flux_fill_real_rescaled,3726551176,0,0.15869519114494324
flux_fill_real_rescaled,3726551176,1,0.6846858263015747
flux_fill_real_rescaled,1196886054,0,0.07107366621494293
flux_fill_real_rescaled,1196886054,1,0.09203286468982697
flux_fill_real_rescaled,2579460386,0,0.15817435085773468
flux_fill_real_rescaled,2579460386,1,0.08694165199995041
flux_fill_real_rescaled,4899635195,0,0.26020142436027527
flux_fill_real_rescaled,4899635195,1,0.09170696884393692
flux_fill_real_rescaled,7430272380,0,0.3199707269668579
flux_fill_real_rescaled,7430272380,1,0.5095202922821045
flux_fill_real_rescaled,2265106886,0,0.01342825498431921
flux_fill_real_rescaled,2265106886,1,0.005060331895947456
flux_fill_real_rescaled,5513727638,0,0.06142403930425644
flux_fill_real_rescaled,5513727638,1,0.0943434089422226
flux_fill_real_rescaled,2682194299,0,0.07835981249809265
flux_fill_real_rescaled,2682194299,1,0.08725224435329437
flux_fill_real_rescaled,2837804631,0,0.04023794084787369
flux_fill_real_rescaled,2837804631,1,0.03875619173049927
flux_fill_real_rescaled,4480270643,0,0.09138210862874985
flux_fill_real_rescaled,4480270643,1,0.4069797992706299
flux_fill_real_rescaled,6156276992,0,0.2901756167411804
flux_fill_real_rescaled,6156276992,1,0.0943434089422226
flux_fill_real_rescaled,4555935886,0,0.06853749603033066
flux_fill_real_rescaled,4555935886,1,0.0838903859257698
flux_fill_real_rescaled,3609952704,0,0.0384661927819252
flux_fill_real_rescaled,3609952704,1,0.03676946461200714
flux_fill_real_rescaled,263494261,0,0.038178276270627975
flux_fill_real_rescaled,263494261,1,0.07159119844436646
flux_fill_real_rescaled,3451290730,0,0.10447731614112854
flux_fill_real_rescaled,3451290730,1,0.25534364581108093
flux_fill_real_rescaled,549520317,0,0.14366760849952698
flux_fill_real_rescaled,549520317,1,0.042087726294994354
flux_fill_real_rescaled,4514987995,0,0.13986563682556152
flux_fill_real_rescaled,4514987995,1,0.02843603491783142
flux_fill_real_rescaled,7252718418,0,0.08210662752389908
flux_fill_real_rescaled,7252718418,1,0.11240507662296295
flux_fill_real_rescaled,288025239,0,0.22507576644420624
flux_fill_real_rescaled,288025239,1,0.5750810503959656
flux_fill_real_rescaled,76466808,0,0.05582313984632492
flux_fill_real_rescaled,76466808,1,0.16667540371418
flux_fill_real_rescaled,2900905937,0,0.027169233188033104
flux_fill_real_rescaled,2900905937,1,0.0446808747947216
flux_fill_real_rescaled,2313551145,0,0.11047115176916122
flux_fill_real_rescaled,2313551145,1,0.18359363079071045
flux_fill_real_rescaled,524036004,0,0.21800270676612854
flux_fill_real_rescaled,524036004,1,0.3637598752975464
flux_fill_real_rescaled,3772446893,0,0.031618766486644745
flux_fill_real_rescaled,3772446893,1,0.052618954330682755
flux_fill_real_rescaled,3094629328,0,0.030908960849046707
flux_fill_real_rescaled,3094629328,1,0.037326883524656296
flux_fill_real_rescaled,3139160252,0,0.11240507662296295
flux_fill_real_rescaled,3139160252,1,0.07004895806312561
flux_fill_real_rescaled,118854260,0,0.7866228222846985
flux_fill_real_rescaled,118854260,1,0.8624675869941711
flux_fill_real_rescaled,2448393373,0,0.043691057711839676
flux_fill_real_rescaled,2448393373,1,0.055005282163619995
flux_fill_real_rescaled,4222067827,0,0.042087726294994354
flux_fill_real_rescaled,4222067827,1,0.04177388176321983
flux_fill_real_rescaled,449352117,0,0.19744445383548737
flux_fill_real_rescaled,449352117,1,0.2037075310945511
flux_fill_real_rescaled,2735558076,0,0.014728613197803497
flux_fill_real_rescaled,2735558076,1,0.009708477184176445
flux_fill_real_rescaled,4858175898,0,0.15102781355381012
flux_fill_real_rescaled,4858175898,1,0.09268777817487717
flux_fill_real_rescaled,4442319130,0,0.007345826365053654
flux_fill_real_rescaled,4442319130,1,0.020645931363105774
flux_fill_real_rescaled,2954929479,0,0.13296423852443695
flux_fill_real_rescaled,2954929479,1,0.0627892017364502
flux_fill_real_rescaled,16158623,0,0.023330768570303917
flux_fill_real_rescaled,16158623,1,0.046378206461668015
flux_fill_real_rescaled,5501340599,0,0.02161533385515213
flux_fill_real_rescaled,5501340599,1,0.013636834919452667
flux_fill_real_rescaled,1015118661,0,0.01897803694009781
flux_fill_real_rescaled,1015118661,1,0.03258974477648735
